# CHTN Vocab-Disease List SQL Representation
# See https://github.com/CooperativeHumanTissueNetwork/Vocabulary

# Create a table for each of the core entities.
CREATE TABLE categories             (id VARCHAR(36) PRIMARY KEY, description VARCHAR(256));
CREATE TABLE anatomic_sites         (id VARCHAR(36) PRIMARY KEY, description VARCHAR(256));
CREATE TABLE diagnoses              (id VARCHAR(36) PRIMARY KEY, description VARCHAR(256));
CREATE TABLE diagnosis_modifiers    (id VARCHAR(36) PRIMARY KEY, description VARCHAR(256));
CREATE TABLE subsites               (id VARCHAR(36) PRIMARY KEY, description VARCHAR(256));

# The master relationship table links a set of the core entities, and roughly
# represents arow in the tabular form of the vocabulary.
CREATE TABLE dis_relationship_master (
    ID                      VARCHAR(36) NOT NULL PRIMARY KEY,
    CATEGORY_ID             VARCHAR(36) NOT NULL, FOREIGN KEY(CATEGORY_ID)              REFERENCES categories (id),
    ANATOMIC_SITE_ID        VARCHAR(36) NOT NULL, FOREIGN KEY(ANATOMIC_SITE_ID)         REFERENCES anatomic_sites (id),
    ANATOMIC_SUBSITE_ID     VARCHAR(36) NOT NULL, FOREIGN KEY(ANATOMIC_SUBSITE_ID)      REFERENCES subsites (id),
    DIAGNOSIS_ID            VARCHAR(36) NOT NULL, FOREIGN KEY(DIAGNOSIS_ID)             REFERENCES diagnoses (id),
    DIAGNOSIS_MODIFIER_ID   VARCHAR(36) NOT NULL, FOREIGN KEY(DIAGNOSIS_MODIFIER_ID)    REFERENCES diagnosis_modifiers (id)
);

# The site-subsite relationship table relates subsites to their corresponding site.
CREATE TABLE dis_relationship_site_to_subsite (
    ANATOMIC_SITE_ID        VARCHAR(36) NOT NULL, FOREIGN KEY(ANATOMIC_SITE_ID)    REFERENCES anatomic_sites (id),
    ANATOMIC_SUBSITE_ID     VARCHAR(36) NOT NULL, FOREIGN KEY(ANATOMIC_SUBSITE_ID) REFERENCES subsites (id)
);

# The diagnosis/modifer relationship table relates diagnosis modifiers to their corresponding diagnoses.
CREATE TABLE dis_relationship_diagnosis_to_diagnosis_modifier (
    DIAGNOSIS_ID            VARCHAR(36) NOT NULL, FOREIGN KEY(DIAGNOSIS_ID)             REFERENCES diagnoses (id),
    DIAGNOSIS_MODIFIER_ID   VARCHAR(36) NOT NULL, FOREIGN KEY(DIAGNOSIS_MODIFIER_ID)    REFERENCES diagnosis_modifiers (id)
);

# The X0 id's are reserved for (ANY) values.
INSERT INTO anatomic_sites      VALUES ('S0',  '(ANY)');
INSERT INTO subsites            VALUES ('SS0', '(ANY)');
INSERT INTO categories          VALUES ('C0',  '(ANY)');
INSERT INTO diagnoses           VALUES ('D0',  '(ANY)');
INSERT INTO diagnosis_modifiers VALUES ('DM0', '(ANY)');

## End of Schema ##

CREATE INDEX category_descriptions              ON categories (description);
CREATE INDEX anatomic_site_descriptions         ON anatomic_sites (description);
CREATE INDEX diagnosis_descriptions             ON diagnoses (description);
CREATE INDEX diagnosis_modifier_descriptions    ON diagnosis_modifiers (description);
CREATE INDEX subsite_descriptions               ON subsites (description);

INSERT INTO anatomic_sites VALUES ('S50', 'SPLEEN');
INSERT INTO subsites VALUES ('SS1', 'NONE');
INSERT INTO categories VALUES ('C6', 'MALIGNANT');
INSERT INTO diagnoses VALUES ('D1', 'LYMPHOMA MATURE T-CELL TYPE');
INSERT INTO diagnosis_modifiers VALUES ('DM1', 'T-CELL PROLYMPHOCYTIC');
INSERT INTO dis_relationship_master VALUES ('1423SS1', 'C6', 'S50', 'SS1', 'D1', 'DM1');
INSERT INTO dis_relationship_site_to_subsite VALUES ('S50', 'SS1');
INSERT INTO dis_relationship_diagnosis_to_diagnosis_modifier VALUES ('D1', 'DM1');
INSERT INTO anatomic_sites VALUES ('S57', 'LYMPH NODE');
INSERT INTO subsites VALUES ('SS182', 'TRACHEAL');
INSERT INTO dis_relationship_master VALUES ('952SS182', 'C6', 'S57', 'SS182', 'D1', 'DM1');
INSERT INTO dis_relationship_site_to_subsite VALUES ('S57', 'SS182');
INSERT INTO subsites VALUES ('SS178', 'THORACIC');
INSERT INTO dis_relationship_master VALUES ('952SS178', 'C6', 'S57', 'SS178', 'D1', 'DM1');
INSERT INTO dis_relationship_site_to_subsite VALUES ('S57', 'SS178');
INSERT INTO subsites VALUES ('SS150', 'RENAL');
INSERT INTO dis_relationship_master VALUES ('952SS150', 'C6', 'S57', 'SS150', 'D1', 'DM1');
INSERT INTO dis_relationship_site_to_subsite VALUES ('S57', 'SS150');
INSERT INTO subsites VALUES ('SS129', 'PELVIC');
INSERT INTO dis_relationship_master VALUES ('952SS129', 'C6', 'S57', 'SS129', 'D1', 'DM1');
INSERT INTO dis_relationship_site_to_subsite VALUES ('S57', 'SS129');
INSERT INTO subsites VALUES ('SS122', 'PANCREATIC');
INSERT INTO dis_relationship_master VALUES ('952SS122', 'C6', 'S57', 'SS122', 'D1', 'DM1');
INSERT INTO dis_relationship_site_to_subsite VALUES ('S57', 'SS122');
INSERT INTO subsites VALUES ('SS117', 'NECK, CERVICAL');
INSERT INTO dis_relationship_master VALUES ('952SS117', 'C6', 'S57', 'SS117', 'D1', 'DM1');
INSERT INTO dis_relationship_site_to_subsite VALUES ('S57', 'SS117');
INSERT INTO subsites VALUES ('SS107', 'MESENTERIC');
INSERT INTO dis_relationship_master VALUES ('952SS107', 'C6', 'S57', 'SS107', 'D1', 'DM1');
INSERT INTO dis_relationship_site_to_subsite VALUES ('S57', 'SS107');
INSERT INTO subsites VALUES ('SS103', 'MAMMARY CHAIN');
INSERT INTO dis_relationship_master VALUES ('952SS103', 'C6', 'S57', 'SS103', 'D1', 'DM1');
INSERT INTO dis_relationship_site_to_subsite VALUES ('S57', 'SS103');
INSERT INTO subsites VALUES ('SS88', 'INGUINAL');
INSERT INTO dis_relationship_master VALUES ('952SS88', 'C6', 'S57', 'SS88', 'D1', 'DM1');
INSERT INTO dis_relationship_site_to_subsite VALUES ('S57', 'SS88');
INSERT INTO subsites VALUES ('SS76', 'HILAR');
INSERT INTO dis_relationship_master VALUES ('952SS76', 'C6', 'S57', 'SS76', 'D1', 'DM1');
INSERT INTO dis_relationship_site_to_subsite VALUES ('S57', 'SS76');
INSERT INTO subsites VALUES ('SS33', 'CERVICAL');
INSERT INTO dis_relationship_master VALUES ('952SS33', 'C6', 'S57', 'SS33', 'D1', 'DM1');
INSERT INTO dis_relationship_site_to_subsite VALUES ('S57', 'SS33');
INSERT INTO subsites VALUES ('SS21', 'BRONCHIAL');
INSERT INTO dis_relationship_master VALUES ('952SS21', 'C6', 'S57', 'SS21', 'D1', 'DM1');
INSERT INTO dis_relationship_site_to_subsite VALUES ('S57', 'SS21');
INSERT INTO subsites VALUES ('SS16', 'AXILLARY');
INSERT INTO dis_relationship_master VALUES ('952SS16', 'C6', 'S57', 'SS16', 'D1', 'DM1');
INSERT INTO dis_relationship_site_to_subsite VALUES ('S57', 'SS16');
INSERT INTO subsites VALUES ('SS2', 'ABDOMINAL');
INSERT INTO dis_relationship_master VALUES ('952SS2', 'C6', 'S57', 'SS2', 'D1', 'DM1');
INSERT INTO dis_relationship_site_to_subsite VALUES ('S57', 'SS2');
INSERT INTO anatomic_sites VALUES ('', '');
INSERT INTO dis_relationship_master VALUES ('194', 'C6', 'S0', 'SS0', 'D1', 'DM1');
INSERT INTO anatomic_sites VALUES ('S65', 'BONE MARROW');
INSERT INTO subsites VALUES ('SS195', 'VERTEBRAL COLUMN');
INSERT INTO dis_relationship_master VALUES ('495SS195', 'C6', 'S65', 'SS195', 'D1', 'DM1');
INSERT INTO dis_relationship_site_to_subsite VALUES ('S65', 'SS195');
INSERT INTO subsites VALUES ('SS168', 'STERNUM');
INSERT INTO dis_relationship_master VALUES ('495SS168', 'C6', 'S65', 'SS168', 'D1', 'DM1');
INSERT INTO dis_relationship_site_to_subsite VALUES ('S65', 'SS168');
INSERT INTO subsites VALUES ('SS153', 'RIB');
INSERT INTO dis_relationship_master VALUES ('495SS153', 'C6', 'S65', 'SS153', 'D1', 'DM1');
INSERT INTO dis_relationship_site_to_subsite VALUES ('S65', 'SS153');
INSERT INTO subsites VALUES ('SS130', 'PELVIC GIRDLE');
INSERT INTO dis_relationship_master VALUES ('495SS130', 'C6', 'S65', 'SS130', 'D1', 'DM1');
INSERT INTO dis_relationship_site_to_subsite VALUES ('S65', 'SS130');
INSERT INTO subsites VALUES ('SS86', 'ILIAC CREST');
INSERT INTO dis_relationship_master VALUES ('495SS86', 'C6', 'S65', 'SS86', 'D1', 'DM1');
INSERT INTO dis_relationship_site_to_subsite VALUES ('S65', 'SS86');
INSERT INTO subsites VALUES ('SS60', 'FEMUR');
INSERT INTO dis_relationship_master VALUES ('495SS60', 'C6', 'S65', 'SS60', 'D1', 'DM1');
INSERT INTO dis_relationship_site_to_subsite VALUES ('S65', 'SS60');
INSERT INTO anatomic_sites VALUES ('S22', 'BLOOD');
INSERT INTO subsites VALUES ('SS198', 'WHOLE BLOOD');
INSERT INTO dis_relationship_master VALUES ('413SS198', 'C6', 'S22', 'SS198', 'D1', 'DM1');
INSERT INTO dis_relationship_site_to_subsite VALUES ('S22', 'SS198');
INSERT INTO subsites VALUES ('SS159', 'SERUM');
INSERT INTO dis_relationship_master VALUES ('413SS159', 'C6', 'S22', 'SS159', 'D1', 'DM1');
INSERT INTO dis_relationship_site_to_subsite VALUES ('S22', 'SS159');
INSERT INTO subsites VALUES ('SS140', 'PLASMA');
INSERT INTO dis_relationship_master VALUES ('413SS140', 'C6', 'S22', 'SS140', 'D1', 'DM1');
INSERT INTO dis_relationship_site_to_subsite VALUES ('S22', 'SS140');
INSERT INTO subsites VALUES ('SS23', 'BUFFY COAT');
INSERT INTO dis_relationship_master VALUES ('413SS23', 'C6', 'S22', 'SS23', 'D1', 'DM1');
INSERT INTO dis_relationship_site_to_subsite VALUES ('S22', 'SS23');
INSERT INTO diagnoses VALUES ('D2', 'LYMPHOMATOID GRANULOMATOSIS');
INSERT INTO diagnosis_modifiers VALUES ('DM2', '');
INSERT INTO dis_relationship_master VALUES ('2131', 'C0', 'S0', 'SS0', 'D2', 'DM2');
INSERT INTO dis_relationship_diagnosis_to_diagnosis_modifier VALUES ('D2', 'DM2');
INSERT INTO categories VALUES ('C2', 'DISEASE');
INSERT INTO dis_relationship_master VALUES ('195', 'C2', 'S0', 'SS0', 'D2', 'DM2');
INSERT INTO categories VALUES ('C5', 'PRE-INVASIVE NEOPLASIA');
INSERT INTO diagnoses VALUES ('D3', 'LYMPHOPROLIFERATIVE');
INSERT INTO dis_relationship_master VALUES ('1424SS1', 'C5', 'S50', 'SS1', 'D3', 'DM2');
INSERT INTO dis_relationship_diagnosis_to_diagnosis_modifier VALUES ('D3', 'DM2');
INSERT INTO dis_relationship_master VALUES ('1774', 'C0', 'S0', 'SS0', 'D3', 'DM2');
INSERT INTO anatomic_sites VALUES ('S1', 'SKIN');
INSERT INTO subsites VALUES ('SS157', 'SEBACEOUS GLAND');
INSERT INTO diagnoses VALUES ('D4', 'MASTOCYTOSIS');
INSERT INTO dis_relationship_master VALUES ('1268SS157', 'C6', 'S1', 'SS157', 'D4', 'DM2');
INSERT INTO dis_relationship_site_to_subsite VALUES ('S1', 'SS157');
INSERT INTO dis_relationship_diagnosis_to_diagnosis_modifier VALUES ('D4', 'DM2');
INSERT INTO subsites VALUES ('SS156', 'SCALP');
INSERT INTO dis_relationship_master VALUES ('1268SS156', 'C6', 'S1', 'SS156', 'D4', 'DM2');
INSERT INTO dis_relationship_site_to_subsite VALUES ('S1', 'SS156');
INSERT INTO subsites VALUES ('SS98', 'LEG');
INSERT INTO dis_relationship_master VALUES ('1268SS98', 'C6', 'S1', 'SS98', 'D4', 'DM2');
INSERT INTO dis_relationship_site_to_subsite VALUES ('S1', 'SS98');
INSERT INTO subsites VALUES ('SS73', 'GLANDS');
INSERT INTO dis_relationship_master VALUES ('1268SS73', 'C6', 'S1', 'SS73', 'D4', 'DM2');
INSERT INTO dis_relationship_site_to_subsite VALUES ('S1', 'SS73');
INSERT INTO subsites VALUES ('SS66', 'FOREHEAD');
INSERT INTO dis_relationship_master VALUES ('1268SS66', 'C6', 'S1', 'SS66', 'D4', 'DM2');
INSERT INTO dis_relationship_site_to_subsite VALUES ('S1', 'SS66');
INSERT INTO subsites VALUES ('SS65', 'FOOT');
INSERT INTO dis_relationship_master VALUES ('1268SS65', 'C6', 'S1', 'SS65', 'D4', 'DM2');
INSERT INTO dis_relationship_site_to_subsite VALUES ('S1', 'SS65');
INSERT INTO subsites VALUES ('SS57', 'EYELID');
INSERT INTO dis_relationship_master VALUES ('1268SS57', 'C6', 'S1', 'SS57', 'D4', 'DM2');
INSERT INTO dis_relationship_site_to_subsite VALUES ('S1', 'SS57');
INSERT INTO subsites VALUES ('SS19', 'BREAST');
INSERT INTO dis_relationship_master VALUES ('1268SS19', 'C6', 'S1', 'SS19', 'D4', 'DM2');
INSERT INTO dis_relationship_site_to_subsite VALUES ('S1', 'SS19');
INSERT INTO subsites VALUES ('SS8', 'ARM');
INSERT INTO dis_relationship_master VALUES ('1268SS8', 'C6', 'S1', 'SS8', 'D4', 'DM2');
INSERT INTO dis_relationship_site_to_subsite VALUES ('S1', 'SS8');
INSERT INTO dis_relationship_master VALUES ('1268SS2', 'C6', 'S1', 'SS2', 'D4', 'DM2');
INSERT INTO dis_relationship_site_to_subsite VALUES ('S1', 'SS2');
INSERT INTO dis_relationship_master VALUES ('1949', 'C0', 'S0', 'SS0', 'D4', 'DM2');
INSERT INTO diagnoses VALUES ('D5', 'MEDULLOBLASTOMA');
INSERT INTO dis_relationship_master VALUES ('2160', 'C0', 'S0', 'SS0', 'D5', 'DM2');
INSERT INTO dis_relationship_diagnosis_to_diagnosis_modifier VALUES ('D5', 'DM2');
INSERT INTO anatomic_sites VALUES ('S31', 'BRAIN');
INSERT INTO subsites VALUES ('SS192', 'VENTRICLE');
INSERT INTO categories VALUES ('C1', 'INDETERMINANT');
INSERT INTO dis_relationship_master VALUES ('521SS192', 'C1', 'S31', 'SS192', 'D5', 'DM2');
INSERT INTO dis_relationship_site_to_subsite VALUES ('S31', 'SS192');
INSERT INTO subsites VALUES ('SS177', 'THALAMUS');
INSERT INTO dis_relationship_master VALUES ('521SS177', 'C1', 'S31', 'SS177', 'D5', 'DM2');
INSERT INTO dis_relationship_site_to_subsite VALUES ('S31', 'SS177');
INSERT INTO subsites VALUES ('SS176', 'TEMPORAL');
INSERT INTO dis_relationship_master VALUES ('521SS176', 'C1', 'S31', 'SS176', 'D5', 'DM2');
INSERT INTO dis_relationship_site_to_subsite VALUES ('S31', 'SS176');
INSERT INTO subsites VALUES ('SS126', 'PARIETAL');
INSERT INTO dis_relationship_master VALUES ('521SS126', 'C1', 'S31', 'SS126', 'D5', 'DM2');
INSERT INTO dis_relationship_site_to_subsite VALUES ('S31', 'SS126');
INSERT INTO subsites VALUES ('SS119', 'OCCIPITAL');
INSERT INTO dis_relationship_master VALUES ('521SS119', 'C1', 'S31', 'SS119', 'D5', 'DM2');
INSERT INTO dis_relationship_site_to_subsite VALUES ('S31', 'SS119');
INSERT INTO subsites VALUES ('SS82', 'HYPOTHALAMUS');
INSERT INTO dis_relationship_master VALUES ('521SS82', 'C1', 'S31', 'SS82', 'D5', 'DM2');
INSERT INTO dis_relationship_site_to_subsite VALUES ('S31', 'SS82');
INSERT INTO subsites VALUES ('SS78', 'HIPPOCAMPUS');
INSERT INTO dis_relationship_master VALUES ('521SS78', 'C1', 'S31', 'SS78', 'D5', 'DM2');
INSERT INTO dis_relationship_site_to_subsite VALUES ('S31', 'SS78');
INSERT INTO subsites VALUES ('SS67', 'FRONTAL');
INSERT INTO dis_relationship_master VALUES ('521SS67', 'C1', 'S31', 'SS67', 'D5', 'DM2');
INSERT INTO dis_relationship_site_to_subsite VALUES ('S31', 'SS67');
INSERT INTO subsites VALUES ('SS49', 'DURA/MENINGES');
INSERT INTO dis_relationship_master VALUES ('521SS49', 'C1', 'S31', 'SS49', 'D5', 'DM2');
INSERT INTO dis_relationship_site_to_subsite VALUES ('S31', 'SS49');
INSERT INTO subsites VALUES ('SS42', 'CORTEX');
INSERT INTO dis_relationship_master VALUES ('521SS42', 'C1', 'S31', 'SS42', 'D5', 'DM2');
INSERT INTO dis_relationship_site_to_subsite VALUES ('S31', 'SS42');
INSERT INTO subsites VALUES ('SS40', 'CORPUS CALLOSUM');
INSERT INTO dis_relationship_master VALUES ('521SS40', 'C1', 'S31', 'SS40', 'D5', 'DM2');
INSERT INTO dis_relationship_site_to_subsite VALUES ('S31', 'SS40');
INSERT INTO subsites VALUES ('SS35', 'CHOROID PLEXUS');
INSERT INTO dis_relationship_master VALUES ('521SS35', 'C1', 'S31', 'SS35', 'D5', 'DM2');
INSERT INTO dis_relationship_site_to_subsite VALUES ('S31', 'SS35');
INSERT INTO subsites VALUES ('SS31', 'CEREBRAL MENINGES');
INSERT INTO dis_relationship_master VALUES ('521SS31', 'C1', 'S31', 'SS31', 'D5', 'DM2');
INSERT INTO dis_relationship_site_to_subsite VALUES ('S31', 'SS31');
INSERT INTO subsites VALUES ('SS29', 'CEREBELLUM');
INSERT INTO dis_relationship_master VALUES ('521SS29', 'C1', 'S31', 'SS29', 'D5', 'DM2');
INSERT INTO dis_relationship_site_to_subsite VALUES ('S31', 'SS29');
INSERT INTO subsites VALUES ('SS17', 'BASAL GANGLIA');
INSERT INTO dis_relationship_master VALUES ('521SS17', 'C1', 'S31', 'SS17', 'D5', 'DM2');
INSERT INTO dis_relationship_site_to_subsite VALUES ('S31', 'SS17');
INSERT INTO diagnosis_modifiers VALUES ('DM3', 'ANAPLASTIC');
INSERT INTO dis_relationship_master VALUES ('522SS192', 'C6', 'S31', 'SS192', 'D5', 'DM3');
INSERT INTO dis_relationship_diagnosis_to_diagnosis_modifier VALUES ('D5', 'DM3');
INSERT INTO dis_relationship_master VALUES ('522SS177', 'C6', 'S31', 'SS177', 'D5', 'DM3');
INSERT INTO dis_relationship_master VALUES ('522SS176', 'C6', 'S31', 'SS176', 'D5', 'DM3');
INSERT INTO dis_relationship_master VALUES ('522SS126', 'C6', 'S31', 'SS126', 'D5', 'DM3');
INSERT INTO dis_relationship_master VALUES ('522SS119', 'C6', 'S31', 'SS119', 'D5', 'DM3');
INSERT INTO dis_relationship_master VALUES ('522SS82', 'C6', 'S31', 'SS82', 'D5', 'DM3');
INSERT INTO dis_relationship_master VALUES ('522SS78', 'C6', 'S31', 'SS78', 'D5', 'DM3');
INSERT INTO dis_relationship_master VALUES ('522SS67', 'C6', 'S31', 'SS67', 'D5', 'DM3');
INSERT INTO dis_relationship_master VALUES ('522SS49', 'C6', 'S31', 'SS49', 'D5', 'DM3');
INSERT INTO dis_relationship_master VALUES ('522SS42', 'C6', 'S31', 'SS42', 'D5', 'DM3');
INSERT INTO dis_relationship_master VALUES ('522SS40', 'C6', 'S31', 'SS40', 'D5', 'DM3');
INSERT INTO dis_relationship_master VALUES ('522SS35', 'C6', 'S31', 'SS35', 'D5', 'DM3');
INSERT INTO dis_relationship_master VALUES ('522SS31', 'C6', 'S31', 'SS31', 'D5', 'DM3');
INSERT INTO dis_relationship_master VALUES ('522SS29', 'C6', 'S31', 'SS29', 'D5', 'DM3');
INSERT INTO dis_relationship_master VALUES ('522SS17', 'C6', 'S31', 'SS17', 'D5', 'DM3');
INSERT INTO diagnosis_modifiers VALUES ('DM4', 'LARGE CELL');
INSERT INTO dis_relationship_master VALUES ('523SS192', 'C6', 'S31', 'SS192', 'D5', 'DM4');
INSERT INTO dis_relationship_diagnosis_to_diagnosis_modifier VALUES ('D5', 'DM4');
INSERT INTO dis_relationship_master VALUES ('523SS177', 'C6', 'S31', 'SS177', 'D5', 'DM4');
INSERT INTO dis_relationship_master VALUES ('523SS176', 'C6', 'S31', 'SS176', 'D5', 'DM4');
INSERT INTO dis_relationship_master VALUES ('523SS126', 'C6', 'S31', 'SS126', 'D5', 'DM4');
INSERT INTO dis_relationship_master VALUES ('523SS119', 'C6', 'S31', 'SS119', 'D5', 'DM4');
INSERT INTO dis_relationship_master VALUES ('523SS82', 'C6', 'S31', 'SS82', 'D5', 'DM4');
INSERT INTO dis_relationship_master VALUES ('523SS78', 'C6', 'S31', 'SS78', 'D5', 'DM4');
INSERT INTO dis_relationship_master VALUES ('523SS67', 'C6', 'S31', 'SS67', 'D5', 'DM4');
INSERT INTO dis_relationship_master VALUES ('523SS49', 'C6', 'S31', 'SS49', 'D5', 'DM4');
INSERT INTO dis_relationship_master VALUES ('523SS42', 'C6', 'S31', 'SS42', 'D5', 'DM4');
INSERT INTO dis_relationship_master VALUES ('523SS40', 'C6', 'S31', 'SS40', 'D5', 'DM4');
INSERT INTO dis_relationship_master VALUES ('523SS35', 'C6', 'S31', 'SS35', 'D5', 'DM4');
INSERT INTO dis_relationship_master VALUES ('523SS31', 'C6', 'S31', 'SS31', 'D5', 'DM4');
INSERT INTO dis_relationship_master VALUES ('523SS29', 'C6', 'S31', 'SS29', 'D5', 'DM4');
INSERT INTO dis_relationship_master VALUES ('523SS17', 'C6', 'S31', 'SS17', 'D5', 'DM4');
INSERT INTO diagnoses VALUES ('D6', 'MEDULLOEPITHELIOMA');
INSERT INTO dis_relationship_master VALUES ('2086', 'C0', 'S0', 'SS0', 'D6', 'DM2');
INSERT INTO dis_relationship_diagnosis_to_diagnosis_modifier VALUES ('D6', 'DM2');
INSERT INTO anatomic_sites VALUES ('S58', 'EYE');
INSERT INTO subsites VALUES ('SS199', 'WHOLE GLOBE');
INSERT INTO dis_relationship_master VALUES ('702SS199', 'C6', 'S58', 'SS199', 'D6', 'DM2');
INSERT INTO dis_relationship_site_to_subsite VALUES ('S58', 'SS199');
INSERT INTO subsites VALUES ('SS152', 'RETINA');
INSERT INTO dis_relationship_master VALUES ('702SS152', 'C6', 'S58', 'SS152', 'D6', 'DM2');
INSERT INTO dis_relationship_site_to_subsite VALUES ('S58', 'SS152');
INSERT INTO subsites VALUES ('SS99', 'LENS');
INSERT INTO dis_relationship_master VALUES ('702SS99', 'C6', 'S58', 'SS99', 'D6', 'DM2');
INSERT INTO dis_relationship_site_to_subsite VALUES ('S58', 'SS99');
INSERT INTO subsites VALUES ('SS97', 'LACRIMAL GLAND');
INSERT INTO dis_relationship_master VALUES ('702SS97', 'C6', 'S58', 'SS97', 'D6', 'DM2');
INSERT INTO dis_relationship_site_to_subsite VALUES ('S58', 'SS97');
INSERT INTO subsites VALUES ('SS39', 'CORNEA');
INSERT INTO dis_relationship_master VALUES ('702SS39', 'C6', 'S58', 'SS39', 'D6', 'DM2');
INSERT INTO dis_relationship_site_to_subsite VALUES ('S58', 'SS39');
INSERT INTO subsites VALUES ('SS37', 'CONJUNCTIVA');
INSERT INTO dis_relationship_master VALUES ('702SS37', 'C6', 'S58', 'SS37', 'D6', 'DM2');
INSERT INTO dis_relationship_site_to_subsite VALUES ('S58', 'SS37');
INSERT INTO dis_relationship_master VALUES ('524SS192', 'C6', 'S31', 'SS192', 'D6', 'DM2');
INSERT INTO dis_relationship_master VALUES ('524SS177', 'C6', 'S31', 'SS177', 'D6', 'DM2');
INSERT INTO dis_relationship_master VALUES ('524SS176', 'C6', 'S31', 'SS176', 'D6', 'DM2');
INSERT INTO dis_relationship_master VALUES ('524SS126', 'C6', 'S31', 'SS126', 'D6', 'DM2');
INSERT INTO dis_relationship_master VALUES ('524SS119', 'C6', 'S31', 'SS119', 'D6', 'DM2');
INSERT INTO dis_relationship_master VALUES ('524SS82', 'C6', 'S31', 'SS82', 'D6', 'DM2');
INSERT INTO dis_relationship_master VALUES ('524SS78', 'C6', 'S31', 'SS78', 'D6', 'DM2');
INSERT INTO dis_relationship_master VALUES ('524SS67', 'C6', 'S31', 'SS67', 'D6', 'DM2');
INSERT INTO dis_relationship_master VALUES ('524SS49', 'C6', 'S31', 'SS49', 'D6', 'DM2');
INSERT INTO dis_relationship_master VALUES ('524SS42', 'C6', 'S31', 'SS42', 'D6', 'DM2');
INSERT INTO dis_relationship_master VALUES ('524SS40', 'C6', 'S31', 'SS40', 'D6', 'DM2');
INSERT INTO dis_relationship_master VALUES ('524SS35', 'C6', 'S31', 'SS35', 'D6', 'DM2');
INSERT INTO dis_relationship_master VALUES ('524SS31', 'C6', 'S31', 'SS31', 'D6', 'DM2');
INSERT INTO dis_relationship_master VALUES ('524SS29', 'C6', 'S31', 'SS29', 'D6', 'DM2');
INSERT INTO dis_relationship_master VALUES ('524SS17', 'C6', 'S31', 'SS17', 'D6', 'DM2');
INSERT INTO anatomic_sites VALUES ('S78', 'VULVA');
INSERT INTO subsites VALUES ('SS96', 'LABIA MINOR');
INSERT INTO diagnoses VALUES ('D7', 'MELANOMA');
INSERT INTO dis_relationship_master VALUES ('1603SS96', 'C6', 'S78', 'SS96', 'D7', 'DM2');
INSERT INTO dis_relationship_site_to_subsite VALUES ('S78', 'SS96');
INSERT INTO dis_relationship_diagnosis_to_diagnosis_modifier VALUES ('D7', 'DM2');
INSERT INTO subsites VALUES ('SS95', 'LABIA MAJOR');
INSERT INTO dis_relationship_master VALUES ('1603SS95', 'C6', 'S78', 'SS95', 'D7', 'DM2');
INSERT INTO dis_relationship_site_to_subsite VALUES ('S78', 'SS95');
INSERT INTO dis_relationship_master VALUES ('2251SS157', 'C6', 'S1', 'SS157', 'D7', 'DM2');
INSERT INTO dis_relationship_master VALUES ('2251SS156', 'C6', 'S1', 'SS156', 'D7', 'DM2');
INSERT INTO dis_relationship_master VALUES ('2251SS98', 'C6', 'S1', 'SS98', 'D7', 'DM2');
INSERT INTO dis_relationship_master VALUES ('2251SS73', 'C6', 'S1', 'SS73', 'D7', 'DM2');
INSERT INTO dis_relationship_master VALUES ('2251SS66', 'C6', 'S1', 'SS66', 'D7', 'DM2');
INSERT INTO dis_relationship_master VALUES ('2251SS65', 'C6', 'S1', 'SS65', 'D7', 'DM2');
INSERT INTO dis_relationship_master VALUES ('2251SS57', 'C6', 'S1', 'SS57', 'D7', 'DM2');
INSERT INTO dis_relationship_master VALUES ('2251SS19', 'C6', 'S1', 'SS19', 'D7', 'DM2');
INSERT INTO dis_relationship_master VALUES ('2251SS8', 'C6', 'S1', 'SS8', 'D7', 'DM2');
INSERT INTO dis_relationship_master VALUES ('2251SS2', 'C6', 'S1', 'SS2', 'D7', 'DM2');
INSERT INTO dis_relationship_master VALUES ('2248SS199', 'C6', 'S58', 'SS199', 'D7', 'DM2');
INSERT INTO dis_relationship_master VALUES ('2248SS152', 'C6', 'S58', 'SS152', 'D7', 'DM2');
INSERT INTO dis_relationship_master VALUES ('2248SS99', 'C6', 'S58', 'SS99', 'D7', 'DM2');
INSERT INTO dis_relationship_master VALUES ('2248SS97', 'C6', 'S58', 'SS97', 'D7', 'DM2');
INSERT INTO dis_relationship_master VALUES ('2248SS39', 'C6', 'S58', 'SS39', 'D7', 'DM2');
INSERT INTO dis_relationship_master VALUES ('2248SS37', 'C6', 'S58', 'SS37', 'D7', 'DM2');
INSERT INTO dis_relationship_master VALUES ('1911', 'C0', 'S0', 'SS0', 'D7', 'DM2');
INSERT INTO anatomic_sites VALUES ('S6', 'ANUS');
INSERT INTO dis_relationship_master VALUES ('40SS1', 'C6', 'S6', 'SS1', 'D7', 'DM2');
INSERT INTO dis_relationship_site_to_subsite VALUES ('S6', 'SS1');
INSERT INTO diagnosis_modifiers VALUES ('DM5', 'AMELANOTIC');
INSERT INTO dis_relationship_master VALUES ('1269SS157', 'C6', 'S1', 'SS157', 'D7', 'DM5');
INSERT INTO dis_relationship_diagnosis_to_diagnosis_modifier VALUES ('D7', 'DM5');
INSERT INTO dis_relationship_master VALUES ('1269SS156', 'C6', 'S1', 'SS156', 'D7', 'DM5');
INSERT INTO dis_relationship_master VALUES ('1269SS98', 'C6', 'S1', 'SS98', 'D7', 'DM5');
INSERT INTO dis_relationship_master VALUES ('1269SS73', 'C6', 'S1', 'SS73', 'D7', 'DM5');
INSERT INTO dis_relationship_master VALUES ('1269SS66', 'C6', 'S1', 'SS66', 'D7', 'DM5');
INSERT INTO dis_relationship_master VALUES ('1269SS65', 'C6', 'S1', 'SS65', 'D7', 'DM5');
INSERT INTO dis_relationship_master VALUES ('1269SS57', 'C6', 'S1', 'SS57', 'D7', 'DM5');
INSERT INTO dis_relationship_master VALUES ('1269SS19', 'C6', 'S1', 'SS19', 'D7', 'DM5');
INSERT INTO dis_relationship_master VALUES ('1269SS8', 'C6', 'S1', 'SS8', 'D7', 'DM5');
INSERT INTO dis_relationship_master VALUES ('1269SS2', 'C6', 'S1', 'SS2', 'D7', 'DM5');
INSERT INTO diagnosis_modifiers VALUES ('DM6', 'UVEAL');
INSERT INTO dis_relationship_master VALUES ('703SS199', 'C6', 'S58', 'SS199', 'D7', 'DM6');
INSERT INTO dis_relationship_diagnosis_to_diagnosis_modifier VALUES ('D7', 'DM6');
INSERT INTO dis_relationship_master VALUES ('703SS152', 'C6', 'S58', 'SS152', 'D7', 'DM6');
INSERT INTO dis_relationship_master VALUES ('703SS99', 'C6', 'S58', 'SS99', 'D7', 'DM6');
INSERT INTO dis_relationship_master VALUES ('703SS97', 'C6', 'S58', 'SS97', 'D7', 'DM6');
INSERT INTO dis_relationship_master VALUES ('703SS39', 'C6', 'S58', 'SS39', 'D7', 'DM6');
INSERT INTO dis_relationship_master VALUES ('703SS37', 'C6', 'S58', 'SS37', 'D7', 'DM6');
INSERT INTO diagnoses VALUES ('D8', 'MENINGIOMA');
INSERT INTO diagnosis_modifiers VALUES ('DM7', 'ANGIOMATOUS (VASCULAR)');
INSERT INTO dis_relationship_master VALUES ('525SS192', 'C1', 'S31', 'SS192', 'D8', 'DM7');
INSERT INTO dis_relationship_diagnosis_to_diagnosis_modifier VALUES ('D8', 'DM7');
INSERT INTO dis_relationship_master VALUES ('525SS177', 'C1', 'S31', 'SS177', 'D8', 'DM7');
INSERT INTO dis_relationship_master VALUES ('525SS176', 'C1', 'S31', 'SS176', 'D8', 'DM7');
INSERT INTO dis_relationship_master VALUES ('525SS126', 'C1', 'S31', 'SS126', 'D8', 'DM7');
INSERT INTO dis_relationship_master VALUES ('525SS119', 'C1', 'S31', 'SS119', 'D8', 'DM7');
INSERT INTO dis_relationship_master VALUES ('525SS82', 'C1', 'S31', 'SS82', 'D8', 'DM7');
INSERT INTO dis_relationship_master VALUES ('525SS78', 'C1', 'S31', 'SS78', 'D8', 'DM7');
INSERT INTO dis_relationship_master VALUES ('525SS67', 'C1', 'S31', 'SS67', 'D8', 'DM7');
INSERT INTO dis_relationship_master VALUES ('525SS49', 'C1', 'S31', 'SS49', 'D8', 'DM7');
INSERT INTO dis_relationship_master VALUES ('525SS42', 'C1', 'S31', 'SS42', 'D8', 'DM7');
INSERT INTO dis_relationship_master VALUES ('525SS40', 'C1', 'S31', 'SS40', 'D8', 'DM7');
INSERT INTO dis_relationship_master VALUES ('525SS35', 'C1', 'S31', 'SS35', 'D8', 'DM7');
INSERT INTO dis_relationship_master VALUES ('525SS31', 'C1', 'S31', 'SS31', 'D8', 'DM7');
INSERT INTO dis_relationship_master VALUES ('525SS29', 'C1', 'S31', 'SS29', 'D8', 'DM7');
INSERT INTO dis_relationship_master VALUES ('525SS17', 'C1', 'S31', 'SS17', 'D8', 'DM7');
INSERT INTO diagnosis_modifiers VALUES ('DM8', 'ATYPICAL');
INSERT INTO dis_relationship_master VALUES ('526SS192', 'C1', 'S31', 'SS192', 'D8', 'DM8');
INSERT INTO dis_relationship_diagnosis_to_diagnosis_modifier VALUES ('D8', 'DM8');
INSERT INTO dis_relationship_master VALUES ('526SS177', 'C1', 'S31', 'SS177', 'D8', 'DM8');
INSERT INTO dis_relationship_master VALUES ('526SS176', 'C1', 'S31', 'SS176', 'D8', 'DM8');
INSERT INTO dis_relationship_master VALUES ('526SS126', 'C1', 'S31', 'SS126', 'D8', 'DM8');
INSERT INTO dis_relationship_master VALUES ('526SS119', 'C1', 'S31', 'SS119', 'D8', 'DM8');
INSERT INTO dis_relationship_master VALUES ('526SS82', 'C1', 'S31', 'SS82', 'D8', 'DM8');
INSERT INTO dis_relationship_master VALUES ('526SS78', 'C1', 'S31', 'SS78', 'D8', 'DM8');
INSERT INTO dis_relationship_master VALUES ('526SS67', 'C1', 'S31', 'SS67', 'D8', 'DM8');
INSERT INTO dis_relationship_master VALUES ('526SS49', 'C1', 'S31', 'SS49', 'D8', 'DM8');
INSERT INTO dis_relationship_master VALUES ('526SS42', 'C1', 'S31', 'SS42', 'D8', 'DM8');
INSERT INTO dis_relationship_master VALUES ('526SS40', 'C1', 'S31', 'SS40', 'D8', 'DM8');
INSERT INTO dis_relationship_master VALUES ('526SS35', 'C1', 'S31', 'SS35', 'D8', 'DM8');
INSERT INTO dis_relationship_master VALUES ('526SS31', 'C1', 'S31', 'SS31', 'D8', 'DM8');
INSERT INTO dis_relationship_master VALUES ('526SS29', 'C1', 'S31', 'SS29', 'D8', 'DM8');
INSERT INTO dis_relationship_master VALUES ('526SS17', 'C1', 'S31', 'SS17', 'D8', 'DM8');
INSERT INTO diagnosis_modifiers VALUES ('DM9', 'CLEAR CELL');
INSERT INTO dis_relationship_master VALUES ('527SS192', 'C1', 'S31', 'SS192', 'D8', 'DM9');
INSERT INTO dis_relationship_diagnosis_to_diagnosis_modifier VALUES ('D8', 'DM9');
INSERT INTO dis_relationship_master VALUES ('527SS177', 'C1', 'S31', 'SS177', 'D8', 'DM9');
INSERT INTO dis_relationship_master VALUES ('527SS176', 'C1', 'S31', 'SS176', 'D8', 'DM9');
INSERT INTO dis_relationship_master VALUES ('527SS126', 'C1', 'S31', 'SS126', 'D8', 'DM9');
INSERT INTO dis_relationship_master VALUES ('527SS119', 'C1', 'S31', 'SS119', 'D8', 'DM9');
INSERT INTO dis_relationship_master VALUES ('527SS82', 'C1', 'S31', 'SS82', 'D8', 'DM9');
INSERT INTO dis_relationship_master VALUES ('527SS78', 'C1', 'S31', 'SS78', 'D8', 'DM9');
INSERT INTO dis_relationship_master VALUES ('527SS67', 'C1', 'S31', 'SS67', 'D8', 'DM9');
INSERT INTO dis_relationship_master VALUES ('527SS49', 'C1', 'S31', 'SS49', 'D8', 'DM9');
INSERT INTO dis_relationship_master VALUES ('527SS42', 'C1', 'S31', 'SS42', 'D8', 'DM9');
INSERT INTO dis_relationship_master VALUES ('527SS40', 'C1', 'S31', 'SS40', 'D8', 'DM9');
INSERT INTO dis_relationship_master VALUES ('527SS35', 'C1', 'S31', 'SS35', 'D8', 'DM9');
INSERT INTO dis_relationship_master VALUES ('527SS31', 'C1', 'S31', 'SS31', 'D8', 'DM9');
INSERT INTO dis_relationship_master VALUES ('527SS29', 'C1', 'S31', 'SS29', 'D8', 'DM9');
INSERT INTO dis_relationship_master VALUES ('527SS17', 'C1', 'S31', 'SS17', 'D8', 'DM9');
INSERT INTO diagnosis_modifiers VALUES ('DM10', 'EPITHELIOID');
INSERT INTO dis_relationship_master VALUES ('528SS192', 'C1', 'S31', 'SS192', 'D8', 'DM10');
INSERT INTO dis_relationship_diagnosis_to_diagnosis_modifier VALUES ('D8', 'DM10');
INSERT INTO dis_relationship_master VALUES ('528SS177', 'C1', 'S31', 'SS177', 'D8', 'DM10');
INSERT INTO dis_relationship_master VALUES ('528SS176', 'C1', 'S31', 'SS176', 'D8', 'DM10');
INSERT INTO dis_relationship_master VALUES ('528SS126', 'C1', 'S31', 'SS126', 'D8', 'DM10');
INSERT INTO dis_relationship_master VALUES ('528SS119', 'C1', 'S31', 'SS119', 'D8', 'DM10');
INSERT INTO dis_relationship_master VALUES ('528SS82', 'C1', 'S31', 'SS82', 'D8', 'DM10');
INSERT INTO dis_relationship_master VALUES ('528SS78', 'C1', 'S31', 'SS78', 'D8', 'DM10');
INSERT INTO dis_relationship_master VALUES ('528SS67', 'C1', 'S31', 'SS67', 'D8', 'DM10');
INSERT INTO dis_relationship_master VALUES ('528SS49', 'C1', 'S31', 'SS49', 'D8', 'DM10');
INSERT INTO dis_relationship_master VALUES ('528SS42', 'C1', 'S31', 'SS42', 'D8', 'DM10');
INSERT INTO dis_relationship_master VALUES ('528SS40', 'C1', 'S31', 'SS40', 'D8', 'DM10');
INSERT INTO dis_relationship_master VALUES ('528SS35', 'C1', 'S31', 'SS35', 'D8', 'DM10');
INSERT INTO dis_relationship_master VALUES ('528SS31', 'C1', 'S31', 'SS31', 'D8', 'DM10');
INSERT INTO dis_relationship_master VALUES ('528SS29', 'C1', 'S31', 'SS29', 'D8', 'DM10');
INSERT INTO dis_relationship_master VALUES ('528SS17', 'C1', 'S31', 'SS17', 'D8', 'DM10');
INSERT INTO diagnosis_modifiers VALUES ('DM11', 'FIBROBLASTIC');
INSERT INTO dis_relationship_master VALUES ('529SS192', 'C1', 'S31', 'SS192', 'D8', 'DM11');
INSERT INTO dis_relationship_diagnosis_to_diagnosis_modifier VALUES ('D8', 'DM11');
INSERT INTO dis_relationship_master VALUES ('529SS177', 'C1', 'S31', 'SS177', 'D8', 'DM11');
INSERT INTO dis_relationship_master VALUES ('529SS176', 'C1', 'S31', 'SS176', 'D8', 'DM11');
INSERT INTO dis_relationship_master VALUES ('529SS126', 'C1', 'S31', 'SS126', 'D8', 'DM11');
INSERT INTO dis_relationship_master VALUES ('529SS119', 'C1', 'S31', 'SS119', 'D8', 'DM11');
INSERT INTO dis_relationship_master VALUES ('529SS82', 'C1', 'S31', 'SS82', 'D8', 'DM11');
INSERT INTO dis_relationship_master VALUES ('529SS78', 'C1', 'S31', 'SS78', 'D8', 'DM11');
INSERT INTO dis_relationship_master VALUES ('529SS67', 'C1', 'S31', 'SS67', 'D8', 'DM11');
INSERT INTO dis_relationship_master VALUES ('529SS49', 'C1', 'S31', 'SS49', 'D8', 'DM11');
INSERT INTO dis_relationship_master VALUES ('529SS42', 'C1', 'S31', 'SS42', 'D8', 'DM11');
INSERT INTO dis_relationship_master VALUES ('529SS40', 'C1', 'S31', 'SS40', 'D8', 'DM11');
INSERT INTO dis_relationship_master VALUES ('529SS35', 'C1', 'S31', 'SS35', 'D8', 'DM11');
INSERT INTO dis_relationship_master VALUES ('529SS31', 'C1', 'S31', 'SS31', 'D8', 'DM11');
INSERT INTO dis_relationship_master VALUES ('529SS29', 'C1', 'S31', 'SS29', 'D8', 'DM11');
INSERT INTO dis_relationship_master VALUES ('529SS17', 'C1', 'S31', 'SS17', 'D8', 'DM11');
INSERT INTO diagnosis_modifiers VALUES ('DM12', 'PAPILLARY');
INSERT INTO dis_relationship_master VALUES ('530SS192', 'C1', 'S31', 'SS192', 'D8', 'DM12');
INSERT INTO dis_relationship_diagnosis_to_diagnosis_modifier VALUES ('D8', 'DM12');
INSERT INTO dis_relationship_master VALUES ('530SS177', 'C1', 'S31', 'SS177', 'D8', 'DM12');
INSERT INTO dis_relationship_master VALUES ('530SS176', 'C1', 'S31', 'SS176', 'D8', 'DM12');
INSERT INTO dis_relationship_master VALUES ('530SS126', 'C1', 'S31', 'SS126', 'D8', 'DM12');
INSERT INTO dis_relationship_master VALUES ('530SS119', 'C1', 'S31', 'SS119', 'D8', 'DM12');
INSERT INTO dis_relationship_master VALUES ('530SS82', 'C1', 'S31', 'SS82', 'D8', 'DM12');
INSERT INTO dis_relationship_master VALUES ('530SS78', 'C1', 'S31', 'SS78', 'D8', 'DM12');
INSERT INTO dis_relationship_master VALUES ('530SS67', 'C1', 'S31', 'SS67', 'D8', 'DM12');
INSERT INTO dis_relationship_master VALUES ('530SS49', 'C1', 'S31', 'SS49', 'D8', 'DM12');
INSERT INTO dis_relationship_master VALUES ('530SS42', 'C1', 'S31', 'SS42', 'D8', 'DM12');
INSERT INTO dis_relationship_master VALUES ('530SS40', 'C1', 'S31', 'SS40', 'D8', 'DM12');
INSERT INTO dis_relationship_master VALUES ('530SS35', 'C1', 'S31', 'SS35', 'D8', 'DM12');
INSERT INTO dis_relationship_master VALUES ('530SS31', 'C1', 'S31', 'SS31', 'D8', 'DM12');
INSERT INTO dis_relationship_master VALUES ('530SS29', 'C1', 'S31', 'SS29', 'D8', 'DM12');
INSERT INTO dis_relationship_master VALUES ('530SS17', 'C1', 'S31', 'SS17', 'D8', 'DM12');
INSERT INTO diagnosis_modifiers VALUES ('DM13', 'PSAMMOMATOUS (MINERALIZED)');
INSERT INTO dis_relationship_master VALUES ('531SS192', 'C1', 'S31', 'SS192', 'D8', 'DM13');
INSERT INTO dis_relationship_diagnosis_to_diagnosis_modifier VALUES ('D8', 'DM13');
INSERT INTO dis_relationship_master VALUES ('531SS177', 'C1', 'S31', 'SS177', 'D8', 'DM13');
INSERT INTO dis_relationship_master VALUES ('531SS176', 'C1', 'S31', 'SS176', 'D8', 'DM13');
INSERT INTO dis_relationship_master VALUES ('531SS126', 'C1', 'S31', 'SS126', 'D8', 'DM13');
INSERT INTO dis_relationship_master VALUES ('531SS119', 'C1', 'S31', 'SS119', 'D8', 'DM13');
INSERT INTO dis_relationship_master VALUES ('531SS82', 'C1', 'S31', 'SS82', 'D8', 'DM13');
INSERT INTO dis_relationship_master VALUES ('531SS78', 'C1', 'S31', 'SS78', 'D8', 'DM13');
INSERT INTO dis_relationship_master VALUES ('531SS67', 'C1', 'S31', 'SS67', 'D8', 'DM13');
INSERT INTO dis_relationship_master VALUES ('531SS49', 'C1', 'S31', 'SS49', 'D8', 'DM13');
INSERT INTO dis_relationship_master VALUES ('531SS42', 'C1', 'S31', 'SS42', 'D8', 'DM13');
INSERT INTO dis_relationship_master VALUES ('531SS40', 'C1', 'S31', 'SS40', 'D8', 'DM13');
INSERT INTO dis_relationship_master VALUES ('531SS35', 'C1', 'S31', 'SS35', 'D8', 'DM13');
INSERT INTO dis_relationship_master VALUES ('531SS31', 'C1', 'S31', 'SS31', 'D8', 'DM13');
INSERT INTO dis_relationship_master VALUES ('531SS29', 'C1', 'S31', 'SS29', 'D8', 'DM13');
INSERT INTO dis_relationship_master VALUES ('531SS17', 'C1', 'S31', 'SS17', 'D8', 'DM13');
INSERT INTO diagnosis_modifiers VALUES ('DM14', 'TRANSITIONAL');
INSERT INTO dis_relationship_master VALUES ('532SS192', 'C1', 'S31', 'SS192', 'D8', 'DM14');
INSERT INTO dis_relationship_diagnosis_to_diagnosis_modifier VALUES ('D8', 'DM14');
INSERT INTO dis_relationship_master VALUES ('532SS177', 'C1', 'S31', 'SS177', 'D8', 'DM14');
INSERT INTO dis_relationship_master VALUES ('532SS176', 'C1', 'S31', 'SS176', 'D8', 'DM14');
INSERT INTO dis_relationship_master VALUES ('532SS126', 'C1', 'S31', 'SS126', 'D8', 'DM14');
INSERT INTO dis_relationship_master VALUES ('532SS119', 'C1', 'S31', 'SS119', 'D8', 'DM14');
INSERT INTO dis_relationship_master VALUES ('532SS82', 'C1', 'S31', 'SS82', 'D8', 'DM14');
INSERT INTO dis_relationship_master VALUES ('532SS78', 'C1', 'S31', 'SS78', 'D8', 'DM14');
INSERT INTO dis_relationship_master VALUES ('532SS67', 'C1', 'S31', 'SS67', 'D8', 'DM14');
INSERT INTO dis_relationship_master VALUES ('532SS49', 'C1', 'S31', 'SS49', 'D8', 'DM14');
INSERT INTO dis_relationship_master VALUES ('532SS42', 'C1', 'S31', 'SS42', 'D8', 'DM14');
INSERT INTO dis_relationship_master VALUES ('532SS40', 'C1', 'S31', 'SS40', 'D8', 'DM14');
INSERT INTO dis_relationship_master VALUES ('532SS35', 'C1', 'S31', 'SS35', 'D8', 'DM14');
INSERT INTO dis_relationship_master VALUES ('532SS31', 'C1', 'S31', 'SS31', 'D8', 'DM14');
INSERT INTO dis_relationship_master VALUES ('532SS29', 'C1', 'S31', 'SS29', 'D8', 'DM14');
INSERT INTO dis_relationship_master VALUES ('532SS17', 'C1', 'S31', 'SS17', 'D8', 'DM14');
INSERT INTO diagnoses VALUES ('D9', 'MENINGIOMA ANAPLASTIC');
INSERT INTO dis_relationship_master VALUES ('1776', 'C0', 'S0', 'SS0', 'D9', 'DM2');
INSERT INTO dis_relationship_diagnosis_to_diagnosis_modifier VALUES ('D9', 'DM2');
INSERT INTO dis_relationship_master VALUES ('533SS192', 'C6', 'S31', 'SS192', 'D9', 'DM2');
INSERT INTO dis_relationship_master VALUES ('533SS177', 'C6', 'S31', 'SS177', 'D9', 'DM2');
INSERT INTO dis_relationship_master VALUES ('533SS176', 'C6', 'S31', 'SS176', 'D9', 'DM2');
INSERT INTO dis_relationship_master VALUES ('533SS126', 'C6', 'S31', 'SS126', 'D9', 'DM2');
INSERT INTO dis_relationship_master VALUES ('533SS119', 'C6', 'S31', 'SS119', 'D9', 'DM2');
INSERT INTO dis_relationship_master VALUES ('533SS82', 'C6', 'S31', 'SS82', 'D9', 'DM2');
INSERT INTO dis_relationship_master VALUES ('533SS78', 'C6', 'S31', 'SS78', 'D9', 'DM2');
INSERT INTO dis_relationship_master VALUES ('533SS67', 'C6', 'S31', 'SS67', 'D9', 'DM2');
INSERT INTO dis_relationship_master VALUES ('533SS49', 'C6', 'S31', 'SS49', 'D9', 'DM2');
INSERT INTO dis_relationship_master VALUES ('533SS42', 'C6', 'S31', 'SS42', 'D9', 'DM2');
INSERT INTO dis_relationship_master VALUES ('533SS40', 'C6', 'S31', 'SS40', 'D9', 'DM2');
INSERT INTO dis_relationship_master VALUES ('533SS35', 'C6', 'S31', 'SS35', 'D9', 'DM2');
INSERT INTO dis_relationship_master VALUES ('533SS31', 'C6', 'S31', 'SS31', 'D9', 'DM2');
INSERT INTO dis_relationship_master VALUES ('533SS29', 'C6', 'S31', 'SS29', 'D9', 'DM2');
INSERT INTO dis_relationship_master VALUES ('533SS17', 'C6', 'S31', 'SS17', 'D9', 'DM2');
INSERT INTO diagnoses VALUES ('D10', 'MESOBLASTIC NEPHROMA');
INSERT INTO dis_relationship_master VALUES ('2059', 'C0', 'S0', 'SS0', 'D10', 'DM2');
INSERT INTO dis_relationship_diagnosis_to_diagnosis_modifier VALUES ('D10', 'DM2');
INSERT INTO anatomic_sites VALUES ('S82', 'KIDNEY');
INSERT INTO subsites VALUES ('SS151', 'RENAL PELVIS');
INSERT INTO dis_relationship_master VALUES ('780SS151', 'C6', 'S82', 'SS151', 'D10', 'DM2');
INSERT INTO dis_relationship_site_to_subsite VALUES ('S82', 'SS151');
INSERT INTO subsites VALUES ('SS105', 'MEDULLA');
INSERT INTO dis_relationship_master VALUES ('780SS105', 'C6', 'S82', 'SS105', 'D10', 'DM2');
INSERT INTO dis_relationship_site_to_subsite VALUES ('S82', 'SS105');
INSERT INTO dis_relationship_master VALUES ('780SS42', 'C6', 'S82', 'SS42', 'D10', 'DM2');
INSERT INTO dis_relationship_site_to_subsite VALUES ('S82', 'SS42');
INSERT INTO anatomic_sites VALUES ('S45', 'PERITONEUM');
INSERT INTO diagnoses VALUES ('D11', 'MESOTHELIOMA');
INSERT INTO dis_relationship_master VALUES ('1121SS1', 'C6', 'S45', 'SS1', 'D11', 'DM2');
INSERT INTO dis_relationship_site_to_subsite VALUES ('S45', 'SS1');
INSERT INTO dis_relationship_diagnosis_to_diagnosis_modifier VALUES ('D11', 'DM2');
INSERT INTO anatomic_sites VALUES ('S94', 'LUNG');
INSERT INTO subsites VALUES ('SS125', 'PARENCHYMAL');
INSERT INTO dis_relationship_master VALUES ('881SS125', 'C6', 'S94', 'SS125', 'D11', 'DM2');
INSERT INTO dis_relationship_site_to_subsite VALUES ('S94', 'SS125');
INSERT INTO anatomic_sites VALUES ('S47', 'PLEURA');
INSERT INTO dis_relationship_master VALUES ('1145', 'C6', 'S47', 'SS0', 'D11', 'DM2');
INSERT INTO dis_relationship_master VALUES ('2082', 'C0', 'S0', 'SS0', 'D11', 'DM2');
INSERT INTO dis_relationship_master VALUES ('196', 'C6', 'S0', 'SS0', 'D11', 'DM2');
INSERT INTO anatomic_sites VALUES ('S76', 'SMALL BOWEL');
INSERT INTO subsites VALUES ('SS166', 'SMOOTH MUSCLE');
INSERT INTO diagnoses VALUES ('D12', 'METABOLIC DISEASE');
INSERT INTO diagnosis_modifiers VALUES ('DM15', 'AMYLOIDOSIS');
INSERT INTO dis_relationship_master VALUES ('1328SS166', 'C2', 'S76', 'SS166', 'D12', 'DM15');
INSERT INTO dis_relationship_site_to_subsite VALUES ('S76', 'SS166');
INSERT INTO dis_relationship_diagnosis_to_diagnosis_modifier VALUES ('D12', 'DM15');
INSERT INTO subsites VALUES ('SS91', 'JEJUNUM');
INSERT INTO dis_relationship_master VALUES ('1328SS91', 'C2', 'S76', 'SS91', 'D12', 'DM15');
INSERT INTO dis_relationship_site_to_subsite VALUES ('S76', 'SS91');
INSERT INTO subsites VALUES ('SS85', 'ILEUM - PEYERS PATCH');
INSERT INTO dis_relationship_master VALUES ('1328SS85', 'C2', 'S76', 'SS85', 'D12', 'DM15');
INSERT INTO dis_relationship_site_to_subsite VALUES ('S76', 'SS85');
INSERT INTO subsites VALUES ('SS84', 'ILEUM - ILEOCECAL JUNCTION/VALVE');
INSERT INTO dis_relationship_master VALUES ('1328SS84', 'C2', 'S76', 'SS84', 'D12', 'DM15');
INSERT INTO dis_relationship_site_to_subsite VALUES ('S76', 'SS84');
INSERT INTO subsites VALUES ('SS83', 'ILEUM');
INSERT INTO dis_relationship_master VALUES ('1328SS83', 'C2', 'S76', 'SS83', 'D12', 'DM15');
INSERT INTO dis_relationship_site_to_subsite VALUES ('S76', 'SS83');
INSERT INTO subsites VALUES ('SS48', 'DUODENUM');
INSERT INTO dis_relationship_master VALUES ('1328SS48', 'C2', 'S76', 'SS48', 'D12', 'DM15');
INSERT INTO dis_relationship_site_to_subsite VALUES ('S76', 'SS48');
INSERT INTO diagnosis_modifiers VALUES ('DM16', 'CARBOHYDRATES METABOLISM DISORDER');
INSERT INTO dis_relationship_master VALUES ('197', 'C2', 'S0', 'SS0', 'D12', 'DM16');
INSERT INTO dis_relationship_diagnosis_to_diagnosis_modifier VALUES ('D12', 'DM16');
INSERT INTO diagnosis_modifiers VALUES ('DM17', 'GOUT');
INSERT INTO dis_relationship_master VALUES ('198', 'C2', 'S0', 'SS0', 'D12', 'DM17');
INSERT INTO dis_relationship_diagnosis_to_diagnosis_modifier VALUES ('D12', 'DM17');
INSERT INTO diagnosis_modifiers VALUES ('DM18', 'INHERITED DISORDER OF AMINO ACID METABOLISM & STORAGE');
INSERT INTO dis_relationship_master VALUES ('199', 'C2', 'S0', 'SS0', 'D12', 'DM18');
INSERT INTO dis_relationship_diagnosis_to_diagnosis_modifier VALUES ('D12', 'DM18');
INSERT INTO diagnosis_modifiers VALUES ('DM19', 'INTERMEDIARY METABOLISM DISORDERS');
INSERT INTO dis_relationship_master VALUES ('200', 'C2', 'S0', 'SS0', 'D12', 'DM19');
INSERT INTO dis_relationship_diagnosis_to_diagnosis_modifier VALUES ('D12', 'DM19');
INSERT INTO diagnosis_modifiers VALUES ('DM20', 'LIPID METABOLISM DISORDER');
INSERT INTO dis_relationship_master VALUES ('201', 'C2', 'S0', 'SS0', 'D12', 'DM20');
INSERT INTO dis_relationship_diagnosis_to_diagnosis_modifier VALUES ('D12', 'DM20');
INSERT INTO diagnosis_modifiers VALUES ('DM21', 'LIPODYSTROPHIES');
INSERT INTO dis_relationship_master VALUES ('202', 'C2', 'S0', 'SS0', 'D12', 'DM21');
INSERT INTO dis_relationship_diagnosis_to_diagnosis_modifier VALUES ('D12', 'DM21');
INSERT INTO diagnosis_modifiers VALUES ('DM22', 'LYSOSOMAL STORAGE DISEASE');
INSERT INTO dis_relationship_master VALUES ('203', 'C2', 'S0', 'SS0', 'D12', 'DM22');
INSERT INTO dis_relationship_diagnosis_to_diagnosis_modifier VALUES ('D12', 'DM22');
INSERT INTO diagnosis_modifiers VALUES ('DM23', 'MARFANS SYNDROME');
INSERT INTO dis_relationship_master VALUES ('204', 'C2', 'S0', 'SS0', 'D12', 'DM23');
INSERT INTO dis_relationship_diagnosis_to_diagnosis_modifier VALUES ('D12', 'DM23');
INSERT INTO diagnosis_modifiers VALUES ('DM24', 'OXALATE METABOLIC DISORDER');
INSERT INTO dis_relationship_master VALUES ('205', 'C2', 'S0', 'SS0', 'D12', 'DM24');
INSERT INTO dis_relationship_diagnosis_to_diagnosis_modifier VALUES ('D12', 'DM24');
INSERT INTO diagnosis_modifiers VALUES ('DM25', 'PHOSPHORUS METABOLIC DISORDER');
INSERT INTO dis_relationship_master VALUES ('206', 'C2', 'S0', 'SS0', 'D12', 'DM25');
INSERT INTO dis_relationship_diagnosis_to_diagnosis_modifier VALUES ('D12', 'DM25');
INSERT INTO diagnosis_modifiers VALUES ('DM26', 'PORPHYRIA');
INSERT INTO dis_relationship_master VALUES ('207', 'C2', 'S0', 'SS0', 'D12', 'DM26');
INSERT INTO dis_relationship_diagnosis_to_diagnosis_modifier VALUES ('D12', 'DM26');
INSERT INTO diagnosis_modifiers VALUES ('DM27', 'URIC ACID DISORDER');
INSERT INTO dis_relationship_master VALUES ('208', 'C2', 'S0', 'SS0', 'D12', 'DM27');
INSERT INTO dis_relationship_diagnosis_to_diagnosis_modifier VALUES ('D12', 'DM27');
INSERT INTO anatomic_sites VALUES ('S81', 'AORTIC BODY');
INSERT INTO categories VALUES ('C7', 'BENIGN');
INSERT INTO diagnoses VALUES ('D13', 'METAPLASIA');
INSERT INTO dis_relationship_master VALUES ('2351SS1', 'C7', 'S81', 'SS1', 'D13', 'DM2');
INSERT INTO dis_relationship_site_to_subsite VALUES ('S81', 'SS1');
INSERT INTO dis_relationship_diagnosis_to_diagnosis_modifier VALUES ('D13', 'DM2');
INSERT INTO dis_relationship_master VALUES ('2119', 'C0', 'S0', 'SS0', 'D13', 'DM2');
INSERT INTO dis_relationship_master VALUES ('1702', 'C2', 'S0', 'SS0', 'D13', 'DM2');
INSERT INTO anatomic_sites VALUES ('S84', 'LARYNX');
INSERT INTO subsites VALUES ('SS197', 'VOCAL CORD');
INSERT INTO dis_relationship_master VALUES ('1701SS197', 'C2', 'S84', 'SS197', 'D13', 'DM2');
INSERT INTO dis_relationship_site_to_subsite VALUES ('S84', 'SS197');
INSERT INTO subsites VALUES ('SS113', 'MUSCLE');
INSERT INTO dis_relationship_master VALUES ('1701SS113', 'C2', 'S84', 'SS113', 'D13', 'DM2');
INSERT INTO dis_relationship_site_to_subsite VALUES ('S84', 'SS113');
INSERT INTO anatomic_sites VALUES ('S30', 'GALLBLADDER');
INSERT INTO subsites VALUES ('SS158', 'SEROSA');
INSERT INTO dis_relationship_master VALUES ('742SS158', 'C7', 'S30', 'SS158', 'D13', 'DM2');
INSERT INTO dis_relationship_site_to_subsite VALUES ('S30', 'SS158');
INSERT INTO subsites VALUES ('SS112', 'MUCOSA');
INSERT INTO dis_relationship_master VALUES ('742SS112', 'C7', 'S30', 'SS112', 'D13', 'DM2');
INSERT INTO dis_relationship_site_to_subsite VALUES ('S30', 'SS112');
INSERT INTO subsites VALUES ('SS69', 'GALLBLADDER WALL');
INSERT INTO dis_relationship_master VALUES ('742SS69', 'C7', 'S30', 'SS69', 'D13', 'DM2');
INSERT INTO dis_relationship_site_to_subsite VALUES ('S30', 'SS69');
INSERT INTO subsites VALUES ('SS18', 'BILE');
INSERT INTO dis_relationship_master VALUES ('742SS18', 'C7', 'S30', 'SS18', 'D13', 'DM2');
INSERT INTO dis_relationship_site_to_subsite VALUES ('S30', 'SS18');
INSERT INTO diagnosis_modifiers VALUES ('DM28', 'GLANDULAR');
INSERT INTO dis_relationship_master VALUES ('209', 'C2', 'S0', 'SS0', 'D13', 'DM28');
INSERT INTO dis_relationship_diagnosis_to_diagnosis_modifier VALUES ('D13', 'DM28');
INSERT INTO anatomic_sites VALUES ('S26', 'BLADDER');
INSERT INTO diagnosis_modifiers VALUES ('DM29', 'INTESTINAL');
INSERT INTO dis_relationship_master VALUES ('352SS166', 'C7', 'S26', 'SS166', 'D13', 'DM29');
INSERT INTO dis_relationship_site_to_subsite VALUES ('S26', 'SS166');
INSERT INTO dis_relationship_diagnosis_to_diagnosis_modifier VALUES ('D13', 'DM29');
INSERT INTO dis_relationship_master VALUES ('352SS158', 'C7', 'S26', 'SS158', 'D13', 'DM29');
INSERT INTO dis_relationship_site_to_subsite VALUES ('S26', 'SS158');
INSERT INTO dis_relationship_master VALUES ('352SS112', 'C7', 'S26', 'SS112', 'D13', 'DM29');
INSERT INTO dis_relationship_site_to_subsite VALUES ('S26', 'SS112');
INSERT INTO diagnosis_modifiers VALUES ('DM30', 'MORULAR');
INSERT INTO dis_relationship_master VALUES ('804SS197', 'C2', 'S84', 'SS197', 'D13', 'DM30');
INSERT INTO dis_relationship_diagnosis_to_diagnosis_modifier VALUES ('D13', 'DM30');
INSERT INTO dis_relationship_master VALUES ('804SS113', 'C2', 'S84', 'SS113', 'D13', 'DM30');
INSERT INTO diagnosis_modifiers VALUES ('DM31', 'NEPHROGENIC');
INSERT INTO dis_relationship_master VALUES ('353SS166', 'C7', 'S26', 'SS166', 'D13', 'DM31');
INSERT INTO dis_relationship_diagnosis_to_diagnosis_modifier VALUES ('D13', 'DM31');
INSERT INTO dis_relationship_master VALUES ('353SS158', 'C7', 'S26', 'SS158', 'D13', 'DM31');
INSERT INTO dis_relationship_master VALUES ('353SS112', 'C7', 'S26', 'SS112', 'D13', 'DM31');
INSERT INTO diagnosis_modifiers VALUES ('DM32', 'OTHER');
INSERT INTO dis_relationship_master VALUES ('354SS166', 'C7', 'S26', 'SS166', 'D13', 'DM32');
INSERT INTO dis_relationship_diagnosis_to_diagnosis_modifier VALUES ('D13', 'DM32');
INSERT INTO dis_relationship_master VALUES ('354SS158', 'C7', 'S26', 'SS158', 'D13', 'DM32');
INSERT INTO dis_relationship_master VALUES ('354SS112', 'C7', 'S26', 'SS112', 'D13', 'DM32');
INSERT INTO diagnosis_modifiers VALUES ('DM33', 'SPINDLE CELL');
INSERT INTO dis_relationship_master VALUES ('210', 'C2', 'S0', 'SS0', 'D13', 'DM33');
INSERT INTO dis_relationship_diagnosis_to_diagnosis_modifier VALUES ('D13', 'DM33');
INSERT INTO diagnosis_modifiers VALUES ('DM34', 'SQUAMOUS');
INSERT INTO dis_relationship_master VALUES ('211', 'C2', 'S0', 'SS0', 'D13', 'DM34');
INSERT INTO dis_relationship_diagnosis_to_diagnosis_modifier VALUES ('D13', 'DM34');
INSERT INTO diagnoses VALUES ('D14', 'MINERAL METABOLISM DISORDERS');
INSERT INTO diagnosis_modifiers VALUES ('DM35', 'CADMIUM STORAGE DISEASE');
INSERT INTO dis_relationship_master VALUES ('212', 'C2', 'S0', 'SS0', 'D14', 'DM35');
INSERT INTO dis_relationship_diagnosis_to_diagnosis_modifier VALUES ('D14', 'DM35');
INSERT INTO diagnosis_modifiers VALUES ('DM36', 'CALCIUM STORAGE DISEASE');
INSERT INTO dis_relationship_master VALUES ('213', 'C2', 'S0', 'SS0', 'D14', 'DM36');
INSERT INTO dis_relationship_diagnosis_to_diagnosis_modifier VALUES ('D14', 'DM36');
INSERT INTO diagnosis_modifiers VALUES ('DM37', 'COPPER STORAGE DISEASE');
INSERT INTO dis_relationship_master VALUES ('214', 'C2', 'S0', 'SS0', 'D14', 'DM37');
INSERT INTO dis_relationship_diagnosis_to_diagnosis_modifier VALUES ('D14', 'DM37');
INSERT INTO anatomic_sites VALUES ('S24', 'PANCREAS');
INSERT INTO subsites VALUES ('SS175', 'TAIL');
INSERT INTO diagnosis_modifiers VALUES ('DM38', 'HEMOCHROMATOSIS');
INSERT INTO dis_relationship_master VALUES ('1097SS175', 'C2', 'S24', 'SS175', 'D14', 'DM38');
INSERT INTO dis_relationship_site_to_subsite VALUES ('S24', 'SS175');
INSERT INTO dis_relationship_diagnosis_to_diagnosis_modifier VALUES ('D14', 'DM38');
INSERT INTO subsites VALUES ('SS123', 'PANCREATIC DUCT');
INSERT INTO dis_relationship_master VALUES ('1097SS123', 'C2', 'S24', 'SS123', 'D14', 'DM38');
INSERT INTO dis_relationship_site_to_subsite VALUES ('S24', 'SS123');
INSERT INTO anatomic_sites VALUES ('S39', 'LIVER');
INSERT INTO dis_relationship_master VALUES ('842SS1', 'C2', 'S39', 'SS1', 'D14', 'DM38');
INSERT INTO dis_relationship_site_to_subsite VALUES ('S39', 'SS1');
INSERT INTO anatomic_sites VALUES ('S3', 'HEART');
INSERT INTO subsites VALUES ('SS193', 'VENTRICLE SEPTUM');
INSERT INTO dis_relationship_master VALUES ('758SS193', 'C2', 'S3', 'SS193', 'D14', 'DM38');
INSERT INTO dis_relationship_site_to_subsite VALUES ('S3', 'SS193');
INSERT INTO dis_relationship_master VALUES ('758SS192', 'C2', 'S3', 'SS192', 'D14', 'DM38');
INSERT INTO dis_relationship_site_to_subsite VALUES ('S3', 'SS192');
INSERT INTO subsites VALUES ('SS191', 'VALVE');
INSERT INTO dis_relationship_master VALUES ('758SS191', 'C2', 'S3', 'SS191', 'D14', 'DM38');
INSERT INTO dis_relationship_site_to_subsite VALUES ('S3', 'SS191');
INSERT INTO subsites VALUES ('SS187', 'TRICUSPID VALVE');
INSERT INTO dis_relationship_master VALUES ('758SS187', 'C2', 'S3', 'SS187', 'D14', 'DM38');
INSERT INTO dis_relationship_site_to_subsite VALUES ('S3', 'SS187');
INSERT INTO subsites VALUES ('SS162', 'SINO-ATRIAL NODE');
INSERT INTO dis_relationship_master VALUES ('758SS162', 'C2', 'S3', 'SS162', 'D14', 'DM38');
INSERT INTO dis_relationship_site_to_subsite VALUES ('S3', 'SS162');
INSERT INTO subsites VALUES ('SS144', 'PULMONARY VALVE');
INSERT INTO dis_relationship_master VALUES ('758SS144', 'C2', 'S3', 'SS144', 'D14', 'DM38');
INSERT INTO dis_relationship_site_to_subsite VALUES ('S3', 'SS144');
INSERT INTO subsites VALUES ('SS111', 'MITRAL VALVE');
INSERT INTO dis_relationship_master VALUES ('758SS111', 'C2', 'S3', 'SS111', 'D14', 'DM38');
INSERT INTO dis_relationship_site_to_subsite VALUES ('S3', 'SS111');
INSERT INTO subsites VALUES ('SS34', 'CHORDAE TENDINEAE');
INSERT INTO dis_relationship_master VALUES ('758SS34', 'C2', 'S3', 'SS34', 'D14', 'DM38');
INSERT INTO dis_relationship_site_to_subsite VALUES ('S3', 'SS34');
INSERT INTO subsites VALUES ('SS25', 'CARDIAC MUSCLE');
INSERT INTO dis_relationship_master VALUES ('758SS25', 'C2', 'S3', 'SS25', 'D14', 'DM38');
INSERT INTO dis_relationship_site_to_subsite VALUES ('S3', 'SS25');
INSERT INTO subsites VALUES ('SS15', 'AV NODE');
INSERT INTO dis_relationship_master VALUES ('758SS15', 'C2', 'S3', 'SS15', 'D14', 'DM38');
INSERT INTO dis_relationship_site_to_subsite VALUES ('S3', 'SS15');
INSERT INTO subsites VALUES ('SS12', 'ATRIUM');
INSERT INTO dis_relationship_master VALUES ('758SS12', 'C2', 'S3', 'SS12', 'D14', 'DM38');
INSERT INTO dis_relationship_site_to_subsite VALUES ('S3', 'SS12');
INSERT INTO subsites VALUES ('SS11', 'ATRIAL SEPTUM');
INSERT INTO dis_relationship_master VALUES ('758SS11', 'C2', 'S3', 'SS11', 'D14', 'DM38');
INSERT INTO dis_relationship_site_to_subsite VALUES ('S3', 'SS11');
INSERT INTO subsites VALUES ('SS7', 'AORTIC VALVE');
INSERT INTO dis_relationship_master VALUES ('758SS7', 'C2', 'S3', 'SS7', 'D14', 'DM38');
INSERT INTO dis_relationship_site_to_subsite VALUES ('S3', 'SS7');
INSERT INTO diagnosis_modifiers VALUES ('DM39', 'HEMOSIDEROSIS');
INSERT INTO dis_relationship_master VALUES ('215', 'C2', 'S0', 'SS0', 'D14', 'DM39');
INSERT INTO dis_relationship_diagnosis_to_diagnosis_modifier VALUES ('D14', 'DM39');
INSERT INTO diagnosis_modifiers VALUES ('DM40', 'IRON STORAGE DISEASE');
INSERT INTO dis_relationship_master VALUES ('216', 'C2', 'S0', 'SS0', 'D14', 'DM40');
INSERT INTO dis_relationship_diagnosis_to_diagnosis_modifier VALUES ('D14', 'DM40');
INSERT INTO diagnosis_modifiers VALUES ('DM41', 'MAGNESIUM STORAGE DISEASE');
INSERT INTO dis_relationship_master VALUES ('217', 'C2', 'S0', 'SS0', 'D14', 'DM41');
INSERT INTO dis_relationship_diagnosis_to_diagnosis_modifier VALUES ('D14', 'DM41');
INSERT INTO diagnosis_modifiers VALUES ('DM42', 'NICKEL STORAGE DISEASE');
INSERT INTO dis_relationship_master VALUES ('218', 'C2', 'S0', 'SS0', 'D14', 'DM42');
INSERT INTO dis_relationship_diagnosis_to_diagnosis_modifier VALUES ('D14', 'DM42');
INSERT INTO diagnosis_modifiers VALUES ('DM43', 'WILSONS DISEASE');
INSERT INTO dis_relationship_master VALUES ('219', 'C2', 'S0', 'SS0', 'D14', 'DM43');
INSERT INTO dis_relationship_diagnosis_to_diagnosis_modifier VALUES ('D14', 'DM43');
INSERT INTO diagnosis_modifiers VALUES ('DM44', 'ZINC STORAGE DISEASE');
INSERT INTO dis_relationship_master VALUES ('220', 'C2', 'S0', 'SS0', 'D14', 'DM44');
INSERT INTO dis_relationship_diagnosis_to_diagnosis_modifier VALUES ('D14', 'DM44');
INSERT INTO diagnoses VALUES ('D15', 'MIXED CARCINOID-ADENOCARCINOMA');
INSERT INTO dis_relationship_master VALUES ('1329SS166', 'C6', 'S76', 'SS166', 'D15', 'DM2');
INSERT INTO dis_relationship_diagnosis_to_diagnosis_modifier VALUES ('D15', 'DM2');
INSERT INTO dis_relationship_master VALUES ('1329SS91', 'C6', 'S76', 'SS91', 'D15', 'DM2');
INSERT INTO dis_relationship_master VALUES ('1329SS85', 'C6', 'S76', 'SS85', 'D15', 'DM2');
INSERT INTO dis_relationship_master VALUES ('1329SS84', 'C6', 'S76', 'SS84', 'D15', 'DM2');
INSERT INTO dis_relationship_master VALUES ('1329SS83', 'C6', 'S76', 'SS83', 'D15', 'DM2');
INSERT INTO dis_relationship_master VALUES ('1329SS48', 'C6', 'S76', 'SS48', 'D15', 'DM2');
INSERT INTO anatomic_sites VALUES ('S35', 'OVARY');
INSERT INTO subsites VALUES ('SS137', 'PERITONEAL COVERING INTACT');
INSERT INTO diagnoses VALUES ('D16', 'MIXED EPITHELIAL');
INSERT INTO diagnosis_modifiers VALUES ('DM45', 'BORDERLINE');
INSERT INTO dis_relationship_master VALUES ('1048SS137', 'C6', 'S35', 'SS137', 'D16', 'DM45');
INSERT INTO dis_relationship_site_to_subsite VALUES ('S35', 'SS137');
INSERT INTO dis_relationship_diagnosis_to_diagnosis_modifier VALUES ('D16', 'DM45');
INSERT INTO subsites VALUES ('SS52', 'EGGS PRESENT');
INSERT INTO dis_relationship_master VALUES ('1048SS52', 'C6', 'S35', 'SS52', 'D16', 'DM45');
INSERT INTO dis_relationship_site_to_subsite VALUES ('S35', 'SS52');
INSERT INTO subsites VALUES ('SS80', 'HYLUM');
INSERT INTO dis_relationship_master VALUES ('1048SS80', 'C6', 'S35', 'SS80', 'D16', 'DM45');
INSERT INTO dis_relationship_site_to_subsite VALUES ('S35', 'SS80');
INSERT INTO dis_relationship_master VALUES ('1048SS42', 'C6', 'S35', 'SS42', 'D16', 'DM45');
INSERT INTO dis_relationship_site_to_subsite VALUES ('S35', 'SS42');
INSERT INTO subsites VALUES ('SS41', 'CORPUS LUTEUM');
INSERT INTO dis_relationship_master VALUES ('1048SS41', 'C6', 'S35', 'SS41', 'D16', 'DM45');
INSERT INTO dis_relationship_site_to_subsite VALUES ('S35', 'SS41');
INSERT INTO diagnoses VALUES ('D17', 'MIXED EPITHELIAL STROMAL TUMOR (CYSTIC NEPHROMA)');
INSERT INTO dis_relationship_master VALUES ('781SS151', 'C7', 'S82', 'SS151', 'D17', 'DM2');
INSERT INTO dis_relationship_diagnosis_to_diagnosis_modifier VALUES ('D17', 'DM2');
INSERT INTO dis_relationship_master VALUES ('781SS105', 'C7', 'S82', 'SS105', 'D17', 'DM2');
INSERT INTO dis_relationship_master VALUES ('781SS42', 'C7', 'S82', 'SS42', 'D17', 'DM2');
INSERT INTO dis_relationship_master VALUES ('2052', 'C0', 'S0', 'SS0', 'D17', 'DM2');
INSERT INTO diagnoses VALUES ('D18', 'MIXED MULLERIAN TUMOR');
INSERT INTO dis_relationship_master VALUES ('1049SS137', 'C6', 'S35', 'SS137', 'D18', 'DM2');
INSERT INTO dis_relationship_diagnosis_to_diagnosis_modifier VALUES ('D18', 'DM2');
INSERT INTO dis_relationship_master VALUES ('1049SS52', 'C6', 'S35', 'SS52', 'D18', 'DM2');
INSERT INTO dis_relationship_master VALUES ('1049SS80', 'C6', 'S35', 'SS80', 'D18', 'DM2');
INSERT INTO dis_relationship_master VALUES ('1049SS42', 'C6', 'S35', 'SS42', 'D18', 'DM2');
INSERT INTO dis_relationship_master VALUES ('1049SS41', 'C6', 'S35', 'SS41', 'D18', 'DM2');
INSERT INTO anatomic_sites VALUES ('S70', 'UTERUS');
INSERT INTO dis_relationship_master VALUES ('2274SS166', 'C6', 'S70', 'SS166', 'D18', 'DM2');
INSERT INTO dis_relationship_site_to_subsite VALUES ('S70', 'SS166');
INSERT INTO subsites VALUES ('SS136', 'PERITONEAL COVERING');
INSERT INTO dis_relationship_master VALUES ('2274SS136', 'C6', 'S70', 'SS136', 'D18', 'DM2');
INSERT INTO dis_relationship_site_to_subsite VALUES ('S70', 'SS136');
INSERT INTO subsites VALUES ('SS132', 'PERIMETRIUM');
INSERT INTO dis_relationship_master VALUES ('2274SS132', 'C6', 'S70', 'SS132', 'D18', 'DM2');
INSERT INTO dis_relationship_site_to_subsite VALUES ('S70', 'SS132');
INSERT INTO subsites VALUES ('SS115', 'MYOMETRIUM');
INSERT INTO dis_relationship_master VALUES ('2274SS115', 'C6', 'S70', 'SS115', 'D18', 'DM2');
INSERT INTO dis_relationship_site_to_subsite VALUES ('S70', 'SS115');
INSERT INTO subsites VALUES ('SS54', 'ENDOMETRIUM');
INSERT INTO dis_relationship_master VALUES ('2274SS54', 'C6', 'S70', 'SS54', 'D18', 'DM2');
INSERT INTO dis_relationship_site_to_subsite VALUES ('S70', 'SS54');
INSERT INTO dis_relationship_master VALUES ('1760', 'C0', 'S0', 'SS0', 'D18', 'DM2');
INSERT INTO diagnosis_modifiers VALUES ('DM46', 'ADENOSARCOMA');
INSERT INTO dis_relationship_master VALUES ('1550SS166', 'C6', 'S70', 'SS166', 'D18', 'DM46');
INSERT INTO dis_relationship_diagnosis_to_diagnosis_modifier VALUES ('D18', 'DM46');
INSERT INTO dis_relationship_master VALUES ('1550SS136', 'C6', 'S70', 'SS136', 'D18', 'DM46');
INSERT INTO dis_relationship_master VALUES ('1550SS132', 'C6', 'S70', 'SS132', 'D18', 'DM46');
INSERT INTO dis_relationship_master VALUES ('1550SS115', 'C6', 'S70', 'SS115', 'D18', 'DM46');
INSERT INTO dis_relationship_master VALUES ('1550SS54', 'C6', 'S70', 'SS54', 'D18', 'DM46');
INSERT INTO diagnoses VALUES ('D19', 'MONOCLONAL GAMMOPATHY OF UNDETERMINED SIGNIFICANCE (MGUS)');
INSERT INTO dis_relationship_master VALUES ('2128', 'C0', 'S0', 'SS0', 'D19', 'DM2');
INSERT INTO dis_relationship_diagnosis_to_diagnosis_modifier VALUES ('D19', 'DM2');
INSERT INTO dis_relationship_master VALUES ('221', 'C2', 'S0', 'SS0', 'D19', 'DM2');
INSERT INTO diagnoses VALUES ('D20', 'MUCINOUS CYSTIC');
INSERT INTO dis_relationship_master VALUES ('1098SS175', 'C1', 'S24', 'SS175', 'D20', 'DM2');
INSERT INTO dis_relationship_diagnosis_to_diagnosis_modifier VALUES ('D20', 'DM2');
INSERT INTO dis_relationship_master VALUES ('1098SS123', 'C1', 'S24', 'SS123', 'D20', 'DM2');
INSERT INTO dis_relationship_master VALUES ('1789', 'C0', 'S0', 'SS0', 'D20', 'DM2');
INSERT INTO anatomic_sites VALUES ('S11', 'URETER');
INSERT INTO diagnoses VALUES ('D21', 'MUCOSAL DYSPLASIA');
INSERT INTO dis_relationship_master VALUES ('1526SS1', 'C5', 'S11', 'SS1', 'D21', 'DM2');
INSERT INTO dis_relationship_site_to_subsite VALUES ('S11', 'SS1');
INSERT INTO dis_relationship_diagnosis_to_diagnosis_modifier VALUES ('D21', 'DM2');
INSERT INTO anatomic_sites VALUES ('S46', 'TRACHEA / MAJOR BRONCHI');
INSERT INTO dis_relationship_master VALUES ('1518', 'C5', 'S46', 'SS0', 'D21', 'DM2');
INSERT INTO anatomic_sites VALUES ('S54', 'TONSIL');
INSERT INTO dis_relationship_master VALUES ('1507', 'C5', 'S54', 'SS0', 'D21', 'DM2');
INSERT INTO anatomic_sites VALUES ('S28', 'PENIS');
INSERT INTO subsites VALUES ('SS74', 'GLANS');
INSERT INTO dis_relationship_master VALUES ('1115SS74', 'C5', 'S28', 'SS74', 'D21', 'DM2');
INSERT INTO dis_relationship_site_to_subsite VALUES ('S28', 'SS74');
INSERT INTO anatomic_sites VALUES ('S51', 'ORAL CAVITY');
INSERT INTO subsites VALUES ('SS181', 'TONGUE');
INSERT INTO dis_relationship_master VALUES ('994SS181', 'C5', 'S51', 'SS181', 'D21', 'DM2');
INSERT INTO dis_relationship_site_to_subsite VALUES ('S51', 'SS181');
INSERT INTO subsites VALUES ('SS167', 'SOFT PALATE');
INSERT INTO dis_relationship_master VALUES ('994SS167', 'C5', 'S51', 'SS167', 'D21', 'DM2');
INSERT INTO dis_relationship_site_to_subsite VALUES ('S51', 'SS167');
INSERT INTO subsites VALUES ('SS139', 'PHARYNX');
INSERT INTO dis_relationship_master VALUES ('994SS139', 'C5', 'S51', 'SS139', 'D21', 'DM2');
INSERT INTO dis_relationship_site_to_subsite VALUES ('S51', 'SS139');
INSERT INTO subsites VALUES ('SS121', 'OROPHARYNX');
INSERT INTO dis_relationship_master VALUES ('994SS121', 'C5', 'S51', 'SS121', 'D21', 'DM2');
INSERT INTO dis_relationship_site_to_subsite VALUES ('S51', 'SS121');
INSERT INTO subsites VALUES ('SS100', 'LIP');
INSERT INTO dis_relationship_master VALUES ('994SS100', 'C5', 'S51', 'SS100', 'D21', 'DM2');
INSERT INTO dis_relationship_site_to_subsite VALUES ('S51', 'SS100');
INSERT INTO subsites VALUES ('SS75', 'HARD PALATE');
INSERT INTO dis_relationship_master VALUES ('994SS75', 'C5', 'S51', 'SS75', 'D21', 'DM2');
INSERT INTO dis_relationship_site_to_subsite VALUES ('S51', 'SS75');
INSERT INTO subsites VALUES ('SS72', 'GINGIVA');
INSERT INTO dis_relationship_master VALUES ('994SS72', 'C5', 'S51', 'SS72', 'D21', 'DM2');
INSERT INTO dis_relationship_site_to_subsite VALUES ('S51', 'SS72');
INSERT INTO subsites VALUES ('SS55', 'EPIGLOTTIS');
INSERT INTO dis_relationship_master VALUES ('994SS55', 'C5', 'S51', 'SS55', 'D21', 'DM2');
INSERT INTO dis_relationship_site_to_subsite VALUES ('S51', 'SS55');
INSERT INTO anatomic_sites VALUES ('S72', 'NASOPHARYNX');
INSERT INTO dis_relationship_master VALUES ('967SS1', 'C5', 'S72', 'SS1', 'D21', 'DM2');
INSERT INTO dis_relationship_site_to_subsite VALUES ('S72', 'SS1');
INSERT INTO dis_relationship_master VALUES ('2186', 'C5', 'S0', 'SS0', 'D21', 'DM2');
INSERT INTO anatomic_sites VALUES ('S67', 'COLON');
INSERT INTO subsites VALUES ('SS186', 'TRANSVERSE - PROXIMAL');
INSERT INTO dis_relationship_master VALUES ('2175SS186', 'C5', 'S67', 'SS186', 'D21', 'DM2');
INSERT INTO dis_relationship_site_to_subsite VALUES ('S67', 'SS186');
INSERT INTO subsites VALUES ('SS185', 'TRANSVERSE - DISTAL');
INSERT INTO dis_relationship_master VALUES ('2175SS185', 'C5', 'S67', 'SS185', 'D21', 'DM2');
INSERT INTO dis_relationship_site_to_subsite VALUES ('S67', 'SS185');
INSERT INTO subsites VALUES ('SS184', 'TRANSVERSE');
INSERT INTO dis_relationship_master VALUES ('2175SS184', 'C5', 'S67', 'SS184', 'D21', 'DM2');
INSERT INTO dis_relationship_site_to_subsite VALUES ('S67', 'SS184');
INSERT INTO dis_relationship_master VALUES ('2175SS166', 'C5', 'S67', 'SS166', 'D21', 'DM2');
INSERT INTO dis_relationship_site_to_subsite VALUES ('S67', 'SS166');
INSERT INTO subsites VALUES ('SS161', 'SIGMOID');
INSERT INTO dis_relationship_master VALUES ('2175SS161', 'C5', 'S67', 'SS161', 'D21', 'DM2');
INSERT INTO dis_relationship_site_to_subsite VALUES ('S67', 'SS161');
INSERT INTO subsites VALUES ('SS45', 'DESCENDING');
INSERT INTO dis_relationship_master VALUES ('2175SS45', 'C5', 'S67', 'SS45', 'D21', 'DM2');
INSERT INTO dis_relationship_site_to_subsite VALUES ('S67', 'SS45');
INSERT INTO subsites VALUES ('SS36', 'COLON WALL');
INSERT INTO dis_relationship_master VALUES ('2175SS36', 'C5', 'S67', 'SS36', 'D21', 'DM2');
INSERT INTO dis_relationship_site_to_subsite VALUES ('S67', 'SS36');
INSERT INTO subsites VALUES ('SS27', 'CECUM');
INSERT INTO dis_relationship_master VALUES ('2175SS27', 'C5', 'S67', 'SS27', 'D21', 'DM2');
INSERT INTO dis_relationship_site_to_subsite VALUES ('S67', 'SS27');
INSERT INTO subsites VALUES ('SS10', 'ASCENDING');
INSERT INTO dis_relationship_master VALUES ('2175SS10', 'C5', 'S67', 'SS10', 'D21', 'DM2');
INSERT INTO dis_relationship_site_to_subsite VALUES ('S67', 'SS10');
INSERT INTO anatomic_sites VALUES ('S7', 'ESOPHAGUS');
INSERT INTO dis_relationship_master VALUES ('2173SS1', 'C5', 'S7', 'SS1', 'D21', 'DM2');
INSERT INTO dis_relationship_site_to_subsite VALUES ('S7', 'SS1');
INSERT INTO subsites VALUES ('SS71', 'GI JUNCTION');
INSERT INTO dis_relationship_master VALUES ('2173SS71', 'C5', 'S7', 'SS71', 'D21', 'DM2');
INSERT INTO dis_relationship_site_to_subsite VALUES ('S7', 'SS71');
INSERT INTO subsites VALUES ('SS56', 'EPITHELIUM');
INSERT INTO dis_relationship_master VALUES ('2173SS56', 'C5', 'S7', 'SS56', 'D21', 'DM2');
INSERT INTO dis_relationship_site_to_subsite VALUES ('S7', 'SS56');
INSERT INTO anatomic_sites VALUES ('S64', 'RECTUM');
INSERT INTO dis_relationship_master VALUES ('2170SS166', 'C5', 'S64', 'SS166', 'D21', 'DM2');
INSERT INTO dis_relationship_site_to_subsite VALUES ('S64', 'SS166');
INSERT INTO dis_relationship_master VALUES ('2168SS96', 'C5', 'S78', 'SS96', 'D21', 'DM2');
INSERT INTO dis_relationship_master VALUES ('2168SS95', 'C5', 'S78', 'SS95', 'D21', 'DM2');
INSERT INTO dis_relationship_master VALUES ('1829', 'C0', 'S0', 'SS0', 'D21', 'DM2');
INSERT INTO dis_relationship_master VALUES ('805SS197', 'C5', 'S84', 'SS197', 'D21', 'DM2');
INSERT INTO dis_relationship_master VALUES ('805SS113', 'C5', 'S84', 'SS113', 'D21', 'DM2');
INSERT INTO diagnosis_modifiers VALUES ('DM47', 'HIGH GRADE');
INSERT INTO dis_relationship_master VALUES ('1182SS166', 'C5', 'S64', 'SS166', 'D21', 'DM47');
INSERT INTO dis_relationship_diagnosis_to_diagnosis_modifier VALUES ('D21', 'DM47');
INSERT INTO dis_relationship_master VALUES ('668SS186', 'C5', 'S67', 'SS186', 'D21', 'DM47');
INSERT INTO dis_relationship_master VALUES ('668SS185', 'C5', 'S67', 'SS185', 'D21', 'DM47');
INSERT INTO dis_relationship_master VALUES ('668SS184', 'C5', 'S67', 'SS184', 'D21', 'DM47');
INSERT INTO dis_relationship_master VALUES ('668SS166', 'C5', 'S67', 'SS166', 'D21', 'DM47');
INSERT INTO dis_relationship_master VALUES ('668SS161', 'C5', 'S67', 'SS161', 'D21', 'DM47');
INSERT INTO dis_relationship_master VALUES ('668SS45', 'C5', 'S67', 'SS45', 'D21', 'DM47');
INSERT INTO dis_relationship_master VALUES ('668SS36', 'C5', 'S67', 'SS36', 'D21', 'DM47');
INSERT INTO dis_relationship_master VALUES ('668SS27', 'C5', 'S67', 'SS27', 'D21', 'DM47');
INSERT INTO dis_relationship_master VALUES ('668SS10', 'C5', 'S67', 'SS10', 'D21', 'DM47');
INSERT INTO diagnosis_modifiers VALUES ('DM48', 'LOW  GRADE');
INSERT INTO dis_relationship_master VALUES ('1183SS166', 'C5', 'S64', 'SS166', 'D21', 'DM48');
INSERT INTO dis_relationship_diagnosis_to_diagnosis_modifier VALUES ('D21', 'DM48');
INSERT INTO dis_relationship_master VALUES ('669SS186', 'C5', 'S67', 'SS186', 'D21', 'DM48');
INSERT INTO dis_relationship_master VALUES ('669SS185', 'C5', 'S67', 'SS185', 'D21', 'DM48');
INSERT INTO dis_relationship_master VALUES ('669SS184', 'C5', 'S67', 'SS184', 'D21', 'DM48');
INSERT INTO dis_relationship_master VALUES ('669SS166', 'C5', 'S67', 'SS166', 'D21', 'DM48');
INSERT INTO dis_relationship_master VALUES ('669SS161', 'C5', 'S67', 'SS161', 'D21', 'DM48');
INSERT INTO dis_relationship_master VALUES ('669SS45', 'C5', 'S67', 'SS45', 'D21', 'DM48');
INSERT INTO dis_relationship_master VALUES ('669SS36', 'C5', 'S67', 'SS36', 'D21', 'DM48');
INSERT INTO dis_relationship_master VALUES ('669SS27', 'C5', 'S67', 'SS27', 'D21', 'DM48');
INSERT INTO dis_relationship_master VALUES ('669SS10', 'C5', 'S67', 'SS10', 'D21', 'DM48');
INSERT INTO dis_relationship_master VALUES ('697SS1', 'C5', 'S7', 'SS1', 'D21', 'DM34');
INSERT INTO dis_relationship_diagnosis_to_diagnosis_modifier VALUES ('D21', 'DM34');
INSERT INTO dis_relationship_master VALUES ('697SS71', 'C5', 'S7', 'SS71', 'D21', 'DM34');
INSERT INTO dis_relationship_master VALUES ('697SS56', 'C5', 'S7', 'SS56', 'D21', 'DM34');
INSERT INTO diagnosis_modifiers VALUES ('DM49', 'VIN (VULVAR INTRAEPITHELIAL NEOPLASIA)');
INSERT INTO dis_relationship_master VALUES ('1604SS96', 'C5', 'S78', 'SS96', 'D21', 'DM49');
INSERT INTO dis_relationship_diagnosis_to_diagnosis_modifier VALUES ('D21', 'DM49');
INSERT INTO dis_relationship_master VALUES ('1604SS95', 'C5', 'S78', 'SS95', 'D21', 'DM49');
INSERT INTO anatomic_sites VALUES ('S73', 'THYROID');
INSERT INTO subsites VALUES ('SS101', 'LOBE');
INSERT INTO diagnoses VALUES ('D22', 'MULTINODULAR GOITER');
INSERT INTO dis_relationship_master VALUES ('1503SS101', 'C7', 'S73', 'SS101', 'D22', 'DM2');
INSERT INTO dis_relationship_site_to_subsite VALUES ('S73', 'SS101');
INSERT INTO dis_relationship_diagnosis_to_diagnosis_modifier VALUES ('D22', 'DM2');
INSERT INTO subsites VALUES ('SS148', 'PYRAMIDAL');
INSERT INTO dis_relationship_master VALUES ('1503SS148', 'C7', 'S73', 'SS148', 'D22', 'DM2');
INSERT INTO dis_relationship_site_to_subsite VALUES ('S73', 'SS148');
INSERT INTO subsites VALUES ('SS90', 'ISTHMUS');
INSERT INTO dis_relationship_master VALUES ('1503SS90', 'C7', 'S73', 'SS90', 'D22', 'DM2');
INSERT INTO dis_relationship_site_to_subsite VALUES ('S73', 'SS90');
INSERT INTO dis_relationship_master VALUES ('1773', 'C0', 'S0', 'SS0', 'D22', 'DM2');
INSERT INTO diagnoses VALUES ('D23', 'MUSCULAR HYPERTROPHY');
INSERT INTO dis_relationship_master VALUES ('698SS1', 'C2', 'S7', 'SS1', 'D23', 'DM2');
INSERT INTO dis_relationship_diagnosis_to_diagnosis_modifier VALUES ('D23', 'DM2');
INSERT INTO dis_relationship_master VALUES ('698SS71', 'C2', 'S7', 'SS71', 'D23', 'DM2');
INSERT INTO dis_relationship_master VALUES ('698SS56', 'C2', 'S7', 'SS56', 'D23', 'DM2');
INSERT INTO dis_relationship_master VALUES ('2026', 'C0', 'S0', 'SS0', 'D23', 'DM2');
INSERT INTO diagnoses VALUES ('D24', 'MYELODYSPLASIA');
INSERT INTO dis_relationship_master VALUES ('2154', 'C0', 'S0', 'SS0', 'D24', 'DM2');
INSERT INTO dis_relationship_diagnosis_to_diagnosis_modifier VALUES ('D24', 'DM2');
INSERT INTO dis_relationship_master VALUES ('496SS195', 'C5', 'S65', 'SS195', 'D24', 'DM2');
INSERT INTO dis_relationship_master VALUES ('496SS168', 'C5', 'S65', 'SS168', 'D24', 'DM2');
INSERT INTO dis_relationship_master VALUES ('496SS153', 'C5', 'S65', 'SS153', 'D24', 'DM2');
INSERT INTO dis_relationship_master VALUES ('496SS130', 'C5', 'S65', 'SS130', 'D24', 'DM2');
INSERT INTO dis_relationship_master VALUES ('496SS86', 'C5', 'S65', 'SS86', 'D24', 'DM2');
INSERT INTO dis_relationship_master VALUES ('496SS60', 'C5', 'S65', 'SS60', 'D24', 'DM2');
INSERT INTO diagnoses VALUES ('D25', 'MYELOID METAPLASIA');
INSERT INTO dis_relationship_master VALUES ('1425SS1', 'C1', 'S50', 'SS1', 'D25', 'DM2');
INSERT INTO dis_relationship_diagnosis_to_diagnosis_modifier VALUES ('D25', 'DM2');
INSERT INTO dis_relationship_master VALUES ('953SS182', 'C1', 'S57', 'SS182', 'D25', 'DM2');
INSERT INTO dis_relationship_master VALUES ('953SS178', 'C1', 'S57', 'SS178', 'D25', 'DM2');
INSERT INTO dis_relationship_master VALUES ('953SS150', 'C1', 'S57', 'SS150', 'D25', 'DM2');
INSERT INTO dis_relationship_master VALUES ('953SS129', 'C1', 'S57', 'SS129', 'D25', 'DM2');
INSERT INTO dis_relationship_master VALUES ('953SS122', 'C1', 'S57', 'SS122', 'D25', 'DM2');
INSERT INTO dis_relationship_master VALUES ('953SS117', 'C1', 'S57', 'SS117', 'D25', 'DM2');
INSERT INTO dis_relationship_master VALUES ('953SS107', 'C1', 'S57', 'SS107', 'D25', 'DM2');
INSERT INTO dis_relationship_master VALUES ('953SS103', 'C1', 'S57', 'SS103', 'D25', 'DM2');
INSERT INTO dis_relationship_master VALUES ('953SS88', 'C1', 'S57', 'SS88', 'D25', 'DM2');
INSERT INTO dis_relationship_master VALUES ('953SS76', 'C1', 'S57', 'SS76', 'D25', 'DM2');
INSERT INTO dis_relationship_master VALUES ('953SS33', 'C1', 'S57', 'SS33', 'D25', 'DM2');
INSERT INTO dis_relationship_master VALUES ('953SS21', 'C1', 'S57', 'SS21', 'D25', 'DM2');
INSERT INTO dis_relationship_master VALUES ('953SS16', 'C1', 'S57', 'SS16', 'D25', 'DM2');
INSERT INTO dis_relationship_master VALUES ('953SS2', 'C1', 'S57', 'SS2', 'D25', 'DM2');
INSERT INTO dis_relationship_master VALUES ('1849', 'C0', 'S0', 'SS0', 'D25', 'DM2');
INSERT INTO dis_relationship_master VALUES ('497SS195', 'C1', 'S65', 'SS195', 'D25', 'DM2');
INSERT INTO dis_relationship_master VALUES ('497SS168', 'C1', 'S65', 'SS168', 'D25', 'DM2');
INSERT INTO dis_relationship_master VALUES ('497SS153', 'C1', 'S65', 'SS153', 'D25', 'DM2');
INSERT INTO dis_relationship_master VALUES ('497SS130', 'C1', 'S65', 'SS130', 'D25', 'DM2');
INSERT INTO dis_relationship_master VALUES ('497SS86', 'C1', 'S65', 'SS86', 'D25', 'DM2');
INSERT INTO dis_relationship_master VALUES ('497SS60', 'C1', 'S65', 'SS60', 'D25', 'DM2');
INSERT INTO diagnoses VALUES ('D26', 'MYELOLIPOMA');
INSERT INTO dis_relationship_master VALUES ('2005', 'C0', 'S0', 'SS0', 'D26', 'DM2');
INSERT INTO dis_relationship_diagnosis_to_diagnosis_modifier VALUES ('D26', 'DM2');
INSERT INTO anatomic_sites VALUES ('S80', 'ADRENAL');
INSERT INTO dis_relationship_master VALUES ('17SS105', 'C7', 'S80', 'SS105', 'D26', 'DM2');
INSERT INTO dis_relationship_site_to_subsite VALUES ('S80', 'SS105');
INSERT INTO dis_relationship_master VALUES ('17SS42', 'C7', 'S80', 'SS42', 'D26', 'DM2');
INSERT INTO dis_relationship_site_to_subsite VALUES ('S80', 'SS42');
INSERT INTO diagnoses VALUES ('D27', 'MYELOMA');
INSERT INTO dis_relationship_master VALUES ('222', 'C6', 'S0', 'SS0', 'D27', 'DM2');
INSERT INTO dis_relationship_diagnosis_to_diagnosis_modifier VALUES ('D27', 'DM2');
INSERT INTO dis_relationship_master VALUES ('2117', 'C0', 'S0', 'SS0', 'D27', 'DM2');
INSERT INTO dis_relationship_master VALUES ('498SS195', 'C6', 'S65', 'SS195', 'D27', 'DM2');
INSERT INTO dis_relationship_master VALUES ('498SS168', 'C6', 'S65', 'SS168', 'D27', 'DM2');
INSERT INTO dis_relationship_master VALUES ('498SS153', 'C6', 'S65', 'SS153', 'D27', 'DM2');
INSERT INTO dis_relationship_master VALUES ('498SS130', 'C6', 'S65', 'SS130', 'D27', 'DM2');
INSERT INTO dis_relationship_master VALUES ('498SS86', 'C6', 'S65', 'SS86', 'D27', 'DM2');
INSERT INTO dis_relationship_master VALUES ('498SS60', 'C6', 'S65', 'SS60', 'D27', 'DM2');
INSERT INTO diagnoses VALUES ('D28', 'NEPHROLITH (KIDNEY STONE)');
INSERT INTO dis_relationship_master VALUES ('1975', 'C0', 'S0', 'SS0', 'D28', 'DM2');
INSERT INTO dis_relationship_diagnosis_to_diagnosis_modifier VALUES ('D28', 'DM2');
INSERT INTO dis_relationship_master VALUES ('224', 'C2', 'S0', 'SS0', 'D28', 'DM2');
INSERT INTO diagnoses VALUES ('D29', 'NERVOUS SYSTEM DISORDERS');
INSERT INTO diagnosis_modifiers VALUES ('DM50', 'ALZHEIMERS DISEASE');
INSERT INTO dis_relationship_master VALUES ('534SS192', 'C2', 'S31', 'SS192', 'D29', 'DM50');
INSERT INTO dis_relationship_diagnosis_to_diagnosis_modifier VALUES ('D29', 'DM50');
INSERT INTO dis_relationship_master VALUES ('534SS177', 'C2', 'S31', 'SS177', 'D29', 'DM50');
INSERT INTO dis_relationship_master VALUES ('534SS176', 'C2', 'S31', 'SS176', 'D29', 'DM50');
INSERT INTO dis_relationship_master VALUES ('534SS126', 'C2', 'S31', 'SS126', 'D29', 'DM50');
INSERT INTO dis_relationship_master VALUES ('534SS119', 'C2', 'S31', 'SS119', 'D29', 'DM50');
INSERT INTO dis_relationship_master VALUES ('534SS82', 'C2', 'S31', 'SS82', 'D29', 'DM50');
INSERT INTO dis_relationship_master VALUES ('534SS78', 'C2', 'S31', 'SS78', 'D29', 'DM50');
INSERT INTO dis_relationship_master VALUES ('534SS67', 'C2', 'S31', 'SS67', 'D29', 'DM50');
INSERT INTO dis_relationship_master VALUES ('534SS49', 'C2', 'S31', 'SS49', 'D29', 'DM50');
INSERT INTO dis_relationship_master VALUES ('534SS42', 'C2', 'S31', 'SS42', 'D29', 'DM50');
INSERT INTO dis_relationship_master VALUES ('534SS40', 'C2', 'S31', 'SS40', 'D29', 'DM50');
INSERT INTO dis_relationship_master VALUES ('534SS35', 'C2', 'S31', 'SS35', 'D29', 'DM50');
INSERT INTO dis_relationship_master VALUES ('534SS31', 'C2', 'S31', 'SS31', 'D29', 'DM50');
INSERT INTO dis_relationship_master VALUES ('534SS29', 'C2', 'S31', 'SS29', 'D29', 'DM50');
INSERT INTO dis_relationship_master VALUES ('534SS17', 'C2', 'S31', 'SS17', 'D29', 'DM50');
INSERT INTO diagnosis_modifiers VALUES ('DM51', 'ASTROCYTOSIS/GLIOSIS');
INSERT INTO dis_relationship_master VALUES ('535SS192', 'C2', 'S31', 'SS192', 'D29', 'DM51');
INSERT INTO dis_relationship_diagnosis_to_diagnosis_modifier VALUES ('D29', 'DM51');
INSERT INTO dis_relationship_master VALUES ('535SS177', 'C2', 'S31', 'SS177', 'D29', 'DM51');
INSERT INTO dis_relationship_master VALUES ('535SS176', 'C2', 'S31', 'SS176', 'D29', 'DM51');
INSERT INTO dis_relationship_master VALUES ('535SS126', 'C2', 'S31', 'SS126', 'D29', 'DM51');
INSERT INTO dis_relationship_master VALUES ('535SS119', 'C2', 'S31', 'SS119', 'D29', 'DM51');
INSERT INTO dis_relationship_master VALUES ('535SS82', 'C2', 'S31', 'SS82', 'D29', 'DM51');
INSERT INTO dis_relationship_master VALUES ('535SS78', 'C2', 'S31', 'SS78', 'D29', 'DM51');
INSERT INTO dis_relationship_master VALUES ('535SS67', 'C2', 'S31', 'SS67', 'D29', 'DM51');
INSERT INTO dis_relationship_master VALUES ('535SS49', 'C2', 'S31', 'SS49', 'D29', 'DM51');
INSERT INTO dis_relationship_master VALUES ('535SS42', 'C2', 'S31', 'SS42', 'D29', 'DM51');
INSERT INTO dis_relationship_master VALUES ('535SS40', 'C2', 'S31', 'SS40', 'D29', 'DM51');
INSERT INTO dis_relationship_master VALUES ('535SS35', 'C2', 'S31', 'SS35', 'D29', 'DM51');
INSERT INTO dis_relationship_master VALUES ('535SS31', 'C2', 'S31', 'SS31', 'D29', 'DM51');
INSERT INTO dis_relationship_master VALUES ('535SS29', 'C2', 'S31', 'SS29', 'D29', 'DM51');
INSERT INTO dis_relationship_master VALUES ('535SS17', 'C2', 'S31', 'SS17', 'D29', 'DM51');
INSERT INTO diagnosis_modifiers VALUES ('DM52', 'ATELENCEPHALIA');
INSERT INTO dis_relationship_master VALUES ('536SS192', 'C2', 'S31', 'SS192', 'D29', 'DM52');
INSERT INTO dis_relationship_diagnosis_to_diagnosis_modifier VALUES ('D29', 'DM52');
INSERT INTO dis_relationship_master VALUES ('536SS177', 'C2', 'S31', 'SS177', 'D29', 'DM52');
INSERT INTO dis_relationship_master VALUES ('536SS176', 'C2', 'S31', 'SS176', 'D29', 'DM52');
INSERT INTO dis_relationship_master VALUES ('536SS126', 'C2', 'S31', 'SS126', 'D29', 'DM52');
INSERT INTO dis_relationship_master VALUES ('536SS119', 'C2', 'S31', 'SS119', 'D29', 'DM52');
INSERT INTO dis_relationship_master VALUES ('536SS82', 'C2', 'S31', 'SS82', 'D29', 'DM52');
INSERT INTO dis_relationship_master VALUES ('536SS78', 'C2', 'S31', 'SS78', 'D29', 'DM52');
INSERT INTO dis_relationship_master VALUES ('536SS67', 'C2', 'S31', 'SS67', 'D29', 'DM52');
INSERT INTO dis_relationship_master VALUES ('536SS49', 'C2', 'S31', 'SS49', 'D29', 'DM52');
INSERT INTO dis_relationship_master VALUES ('536SS42', 'C2', 'S31', 'SS42', 'D29', 'DM52');
INSERT INTO dis_relationship_master VALUES ('536SS40', 'C2', 'S31', 'SS40', 'D29', 'DM52');
INSERT INTO dis_relationship_master VALUES ('536SS35', 'C2', 'S31', 'SS35', 'D29', 'DM52');
INSERT INTO dis_relationship_master VALUES ('536SS31', 'C2', 'S31', 'SS31', 'D29', 'DM52');
INSERT INTO dis_relationship_master VALUES ('536SS29', 'C2', 'S31', 'SS29', 'D29', 'DM52');
INSERT INTO dis_relationship_master VALUES ('536SS17', 'C2', 'S31', 'SS17', 'D29', 'DM52');
INSERT INTO diagnosis_modifiers VALUES ('DM53', 'BLINDNESS');
INSERT INTO dis_relationship_master VALUES ('704SS199', 'C2', 'S58', 'SS199', 'D29', 'DM53');
INSERT INTO dis_relationship_diagnosis_to_diagnosis_modifier VALUES ('D29', 'DM53');
INSERT INTO dis_relationship_master VALUES ('704SS152', 'C2', 'S58', 'SS152', 'D29', 'DM53');
INSERT INTO dis_relationship_master VALUES ('704SS99', 'C2', 'S58', 'SS99', 'D29', 'DM53');
INSERT INTO dis_relationship_master VALUES ('704SS97', 'C2', 'S58', 'SS97', 'D29', 'DM53');
INSERT INTO dis_relationship_master VALUES ('704SS39', 'C2', 'S58', 'SS39', 'D29', 'DM53');
INSERT INTO dis_relationship_master VALUES ('704SS37', 'C2', 'S58', 'SS37', 'D29', 'DM53');
INSERT INTO diagnosis_modifiers VALUES ('DM54', 'CONVULSIVE DISORDERS');
INSERT INTO dis_relationship_master VALUES ('225', 'C2', 'S0', 'SS0', 'D29', 'DM54');
INSERT INTO dis_relationship_diagnosis_to_diagnosis_modifier VALUES ('D29', 'DM54');
INSERT INTO diagnosis_modifiers VALUES ('DM55', 'DEMENTIA');
INSERT INTO dis_relationship_master VALUES ('537SS192', 'C2', 'S31', 'SS192', 'D29', 'DM55');
INSERT INTO dis_relationship_diagnosis_to_diagnosis_modifier VALUES ('D29', 'DM55');
INSERT INTO dis_relationship_master VALUES ('537SS177', 'C2', 'S31', 'SS177', 'D29', 'DM55');
INSERT INTO dis_relationship_master VALUES ('537SS176', 'C2', 'S31', 'SS176', 'D29', 'DM55');
INSERT INTO dis_relationship_master VALUES ('537SS126', 'C2', 'S31', 'SS126', 'D29', 'DM55');
INSERT INTO dis_relationship_master VALUES ('537SS119', 'C2', 'S31', 'SS119', 'D29', 'DM55');
INSERT INTO dis_relationship_master VALUES ('537SS82', 'C2', 'S31', 'SS82', 'D29', 'DM55');
INSERT INTO dis_relationship_master VALUES ('537SS78', 'C2', 'S31', 'SS78', 'D29', 'DM55');
INSERT INTO dis_relationship_master VALUES ('537SS67', 'C2', 'S31', 'SS67', 'D29', 'DM55');
INSERT INTO dis_relationship_master VALUES ('537SS49', 'C2', 'S31', 'SS49', 'D29', 'DM55');
INSERT INTO dis_relationship_master VALUES ('537SS42', 'C2', 'S31', 'SS42', 'D29', 'DM55');
INSERT INTO dis_relationship_master VALUES ('537SS40', 'C2', 'S31', 'SS40', 'D29', 'DM55');
INSERT INTO dis_relationship_master VALUES ('537SS35', 'C2', 'S31', 'SS35', 'D29', 'DM55');
INSERT INTO dis_relationship_master VALUES ('537SS31', 'C2', 'S31', 'SS31', 'D29', 'DM55');
INSERT INTO dis_relationship_master VALUES ('537SS29', 'C2', 'S31', 'SS29', 'D29', 'DM55');
INSERT INTO dis_relationship_master VALUES ('537SS17', 'C2', 'S31', 'SS17', 'D29', 'DM55');
INSERT INTO diagnosis_modifiers VALUES ('DM56', 'DEMENTIA SENILE');
INSERT INTO dis_relationship_master VALUES ('226', 'C2', 'S0', 'SS0', 'D29', 'DM56');
INSERT INTO dis_relationship_diagnosis_to_diagnosis_modifier VALUES ('D29', 'DM56');
INSERT INTO diagnosis_modifiers VALUES ('DM57', 'EPILEPSY');
INSERT INTO dis_relationship_master VALUES ('227', 'C2', 'S0', 'SS0', 'D29', 'DM57');
INSERT INTO dis_relationship_diagnosis_to_diagnosis_modifier VALUES ('D29', 'DM57');
INSERT INTO anatomic_sites VALUES ('S99', 'SPINAL CORD');
INSERT INTO diagnosis_modifiers VALUES ('DM58', 'GLIOSIS');
INSERT INTO dis_relationship_master VALUES ('1361SS1', 'C2', 'S99', 'SS1', 'D29', 'DM58');
INSERT INTO dis_relationship_site_to_subsite VALUES ('S99', 'SS1');
INSERT INTO dis_relationship_diagnosis_to_diagnosis_modifier VALUES ('D29', 'DM58');
INSERT INTO subsites VALUES ('SS46', 'DORSAL ROOT GANGLIA');
INSERT INTO dis_relationship_master VALUES ('1361SS46', 'C2', 'S99', 'SS46', 'D29', 'DM58');
INSERT INTO dis_relationship_site_to_subsite VALUES ('S99', 'SS46');
INSERT INTO dis_relationship_master VALUES ('538SS192', 'C2', 'S31', 'SS192', 'D29', 'DM58');
INSERT INTO dis_relationship_master VALUES ('538SS177', 'C2', 'S31', 'SS177', 'D29', 'DM58');
INSERT INTO dis_relationship_master VALUES ('538SS176', 'C2', 'S31', 'SS176', 'D29', 'DM58');
INSERT INTO dis_relationship_master VALUES ('538SS126', 'C2', 'S31', 'SS126', 'D29', 'DM58');
INSERT INTO dis_relationship_master VALUES ('538SS119', 'C2', 'S31', 'SS119', 'D29', 'DM58');
INSERT INTO dis_relationship_master VALUES ('538SS82', 'C2', 'S31', 'SS82', 'D29', 'DM58');
INSERT INTO dis_relationship_master VALUES ('538SS78', 'C2', 'S31', 'SS78', 'D29', 'DM58');
INSERT INTO dis_relationship_master VALUES ('538SS67', 'C2', 'S31', 'SS67', 'D29', 'DM58');
INSERT INTO dis_relationship_master VALUES ('538SS49', 'C2', 'S31', 'SS49', 'D29', 'DM58');
INSERT INTO dis_relationship_master VALUES ('538SS42', 'C2', 'S31', 'SS42', 'D29', 'DM58');
INSERT INTO dis_relationship_master VALUES ('538SS40', 'C2', 'S31', 'SS40', 'D29', 'DM58');
INSERT INTO dis_relationship_master VALUES ('538SS35', 'C2', 'S31', 'SS35', 'D29', 'DM58');
INSERT INTO dis_relationship_master VALUES ('538SS31', 'C2', 'S31', 'SS31', 'D29', 'DM58');
INSERT INTO dis_relationship_master VALUES ('538SS29', 'C2', 'S31', 'SS29', 'D29', 'DM58');
INSERT INTO dis_relationship_master VALUES ('538SS17', 'C2', 'S31', 'SS17', 'D29', 'DM58');
INSERT INTO diagnosis_modifiers VALUES ('DM59', 'LEWEY BODY DISEASE');
INSERT INTO dis_relationship_master VALUES ('539SS192', 'C2', 'S31', 'SS192', 'D29', 'DM59');
INSERT INTO dis_relationship_diagnosis_to_diagnosis_modifier VALUES ('D29', 'DM59');
INSERT INTO dis_relationship_master VALUES ('539SS177', 'C2', 'S31', 'SS177', 'D29', 'DM59');
INSERT INTO dis_relationship_master VALUES ('539SS176', 'C2', 'S31', 'SS176', 'D29', 'DM59');
INSERT INTO dis_relationship_master VALUES ('539SS126', 'C2', 'S31', 'SS126', 'D29', 'DM59');
INSERT INTO dis_relationship_master VALUES ('539SS119', 'C2', 'S31', 'SS119', 'D29', 'DM59');
INSERT INTO dis_relationship_master VALUES ('539SS82', 'C2', 'S31', 'SS82', 'D29', 'DM59');
INSERT INTO dis_relationship_master VALUES ('539SS78', 'C2', 'S31', 'SS78', 'D29', 'DM59');
INSERT INTO dis_relationship_master VALUES ('539SS67', 'C2', 'S31', 'SS67', 'D29', 'DM59');
INSERT INTO dis_relationship_master VALUES ('539SS49', 'C2', 'S31', 'SS49', 'D29', 'DM59');
INSERT INTO dis_relationship_master VALUES ('539SS42', 'C2', 'S31', 'SS42', 'D29', 'DM59');
INSERT INTO dis_relationship_master VALUES ('539SS40', 'C2', 'S31', 'SS40', 'D29', 'DM59');
INSERT INTO dis_relationship_master VALUES ('539SS35', 'C2', 'S31', 'SS35', 'D29', 'DM59');
INSERT INTO dis_relationship_master VALUES ('539SS31', 'C2', 'S31', 'SS31', 'D29', 'DM59');
INSERT INTO dis_relationship_master VALUES ('539SS29', 'C2', 'S31', 'SS29', 'D29', 'DM59');
INSERT INTO dis_relationship_master VALUES ('539SS17', 'C2', 'S31', 'SS17', 'D29', 'DM59');
INSERT INTO diagnosis_modifiers VALUES ('DM60', 'MULTIPLE SCLEROSIS');
INSERT INTO dis_relationship_master VALUES ('228', 'C2', 'S0', 'SS0', 'D29', 'DM60');
INSERT INTO dis_relationship_diagnosis_to_diagnosis_modifier VALUES ('D29', 'DM60');
INSERT INTO anatomic_sites VALUES ('S38', 'SKELETAL MUSCLE');
INSERT INTO diagnosis_modifiers VALUES ('DM61', 'MUSCULAR DYSTROPHY');
INSERT INTO dis_relationship_master VALUES ('1238', 'C2', 'S38', 'SS0', 'D29', 'DM61');
INSERT INTO dis_relationship_diagnosis_to_diagnosis_modifier VALUES ('D29', 'DM61');
INSERT INTO diagnosis_modifiers VALUES ('DM62', 'PARKINSONISM');
INSERT INTO dis_relationship_master VALUES ('540SS192', 'C2', 'S31', 'SS192', 'D29', 'DM62');
INSERT INTO dis_relationship_diagnosis_to_diagnosis_modifier VALUES ('D29', 'DM62');
INSERT INTO dis_relationship_master VALUES ('540SS177', 'C2', 'S31', 'SS177', 'D29', 'DM62');
INSERT INTO dis_relationship_master VALUES ('540SS176', 'C2', 'S31', 'SS176', 'D29', 'DM62');
INSERT INTO dis_relationship_master VALUES ('540SS126', 'C2', 'S31', 'SS126', 'D29', 'DM62');
INSERT INTO dis_relationship_master VALUES ('540SS119', 'C2', 'S31', 'SS119', 'D29', 'DM62');
INSERT INTO dis_relationship_master VALUES ('540SS82', 'C2', 'S31', 'SS82', 'D29', 'DM62');
INSERT INTO dis_relationship_master VALUES ('540SS78', 'C2', 'S31', 'SS78', 'D29', 'DM62');
INSERT INTO dis_relationship_master VALUES ('540SS67', 'C2', 'S31', 'SS67', 'D29', 'DM62');
INSERT INTO dis_relationship_master VALUES ('540SS49', 'C2', 'S31', 'SS49', 'D29', 'DM62');
INSERT INTO dis_relationship_master VALUES ('540SS42', 'C2', 'S31', 'SS42', 'D29', 'DM62');
INSERT INTO dis_relationship_master VALUES ('540SS40', 'C2', 'S31', 'SS40', 'D29', 'DM62');
INSERT INTO dis_relationship_master VALUES ('540SS35', 'C2', 'S31', 'SS35', 'D29', 'DM62');
INSERT INTO dis_relationship_master VALUES ('540SS31', 'C2', 'S31', 'SS31', 'D29', 'DM62');
INSERT INTO dis_relationship_master VALUES ('540SS29', 'C2', 'S31', 'SS29', 'D29', 'DM62');
INSERT INTO dis_relationship_master VALUES ('540SS17', 'C2', 'S31', 'SS17', 'D29', 'DM62');
INSERT INTO diagnosis_modifiers VALUES ('DM63', 'PICKS DISEASE');
INSERT INTO dis_relationship_master VALUES ('541SS192', 'C2', 'S31', 'SS192', 'D29', 'DM63');
INSERT INTO dis_relationship_diagnosis_to_diagnosis_modifier VALUES ('D29', 'DM63');
INSERT INTO dis_relationship_master VALUES ('541SS177', 'C2', 'S31', 'SS177', 'D29', 'DM63');
INSERT INTO dis_relationship_master VALUES ('541SS176', 'C2', 'S31', 'SS176', 'D29', 'DM63');
INSERT INTO dis_relationship_master VALUES ('541SS126', 'C2', 'S31', 'SS126', 'D29', 'DM63');
INSERT INTO dis_relationship_master VALUES ('541SS119', 'C2', 'S31', 'SS119', 'D29', 'DM63');
INSERT INTO dis_relationship_master VALUES ('541SS82', 'C2', 'S31', 'SS82', 'D29', 'DM63');
INSERT INTO dis_relationship_master VALUES ('541SS78', 'C2', 'S31', 'SS78', 'D29', 'DM63');
INSERT INTO dis_relationship_master VALUES ('541SS67', 'C2', 'S31', 'SS67', 'D29', 'DM63');
INSERT INTO dis_relationship_master VALUES ('541SS49', 'C2', 'S31', 'SS49', 'D29', 'DM63');
INSERT INTO dis_relationship_master VALUES ('541SS42', 'C2', 'S31', 'SS42', 'D29', 'DM63');
INSERT INTO dis_relationship_master VALUES ('541SS40', 'C2', 'S31', 'SS40', 'D29', 'DM63');
INSERT INTO dis_relationship_master VALUES ('541SS35', 'C2', 'S31', 'SS35', 'D29', 'DM63');
INSERT INTO dis_relationship_master VALUES ('541SS31', 'C2', 'S31', 'SS31', 'D29', 'DM63');
INSERT INTO dis_relationship_master VALUES ('541SS29', 'C2', 'S31', 'SS29', 'D29', 'DM63');
INSERT INTO dis_relationship_master VALUES ('541SS17', 'C2', 'S31', 'SS17', 'D29', 'DM63');
INSERT INTO diagnosis_modifiers VALUES ('DM64', 'POLYMYOSITIS');
INSERT INTO dis_relationship_master VALUES ('229', 'C2', 'S0', 'SS0', 'D29', 'DM64');
INSERT INTO dis_relationship_diagnosis_to_diagnosis_modifier VALUES ('D29', 'DM64');
INSERT INTO diagnosis_modifiers VALUES ('DM65', 'RETINITIS PIGMENTOSA');
INSERT INTO dis_relationship_master VALUES ('705SS199', 'C2', 'S58', 'SS199', 'D29', 'DM65');
INSERT INTO dis_relationship_diagnosis_to_diagnosis_modifier VALUES ('D29', 'DM65');
INSERT INTO dis_relationship_master VALUES ('705SS152', 'C2', 'S58', 'SS152', 'D29', 'DM65');
INSERT INTO dis_relationship_master VALUES ('705SS99', 'C2', 'S58', 'SS99', 'D29', 'DM65');
INSERT INTO dis_relationship_master VALUES ('705SS97', 'C2', 'S58', 'SS97', 'D29', 'DM65');
INSERT INTO dis_relationship_master VALUES ('705SS39', 'C2', 'S58', 'SS39', 'D29', 'DM65');
INSERT INTO dis_relationship_master VALUES ('705SS37', 'C2', 'S58', 'SS37', 'D29', 'DM65');
INSERT INTO diagnosis_modifiers VALUES ('DM66', 'SPINAL CORD DISEASE');
INSERT INTO dis_relationship_master VALUES ('1362SS1', 'C2', 'S99', 'SS1', 'D29', 'DM66');
INSERT INTO dis_relationship_diagnosis_to_diagnosis_modifier VALUES ('D29', 'DM66');
INSERT INTO dis_relationship_master VALUES ('1362SS46', 'C2', 'S99', 'SS46', 'D29', 'DM66');
INSERT INTO diagnosis_modifiers VALUES ('DM67', 'TOURETTE SYNDROME');
INSERT INTO dis_relationship_master VALUES ('542SS192', 'C2', 'S31', 'SS192', 'D29', 'DM67');
INSERT INTO dis_relationship_diagnosis_to_diagnosis_modifier VALUES ('D29', 'DM67');
INSERT INTO dis_relationship_master VALUES ('542SS177', 'C2', 'S31', 'SS177', 'D29', 'DM67');
INSERT INTO dis_relationship_master VALUES ('542SS176', 'C2', 'S31', 'SS176', 'D29', 'DM67');
INSERT INTO dis_relationship_master VALUES ('542SS126', 'C2', 'S31', 'SS126', 'D29', 'DM67');
INSERT INTO dis_relationship_master VALUES ('542SS119', 'C2', 'S31', 'SS119', 'D29', 'DM67');
INSERT INTO dis_relationship_master VALUES ('542SS82', 'C2', 'S31', 'SS82', 'D29', 'DM67');
INSERT INTO dis_relationship_master VALUES ('542SS78', 'C2', 'S31', 'SS78', 'D29', 'DM67');
INSERT INTO dis_relationship_master VALUES ('542SS67', 'C2', 'S31', 'SS67', 'D29', 'DM67');
INSERT INTO dis_relationship_master VALUES ('542SS49', 'C2', 'S31', 'SS49', 'D29', 'DM67');
INSERT INTO dis_relationship_master VALUES ('542SS42', 'C2', 'S31', 'SS42', 'D29', 'DM67');
INSERT INTO dis_relationship_master VALUES ('542SS40', 'C2', 'S31', 'SS40', 'D29', 'DM67');
INSERT INTO dis_relationship_master VALUES ('542SS35', 'C2', 'S31', 'SS35', 'D29', 'DM67');
INSERT INTO dis_relationship_master VALUES ('542SS31', 'C2', 'S31', 'SS31', 'D29', 'DM67');
INSERT INTO dis_relationship_master VALUES ('542SS29', 'C2', 'S31', 'SS29', 'D29', 'DM67');
INSERT INTO dis_relationship_master VALUES ('542SS17', 'C2', 'S31', 'SS17', 'D29', 'DM67');
INSERT INTO diagnoses VALUES ('D30', 'NEURILEMMOMA/SCHWANNOMA');
INSERT INTO diagnosis_modifiers VALUES ('DM68', 'CELLULAR');
INSERT INTO dis_relationship_master VALUES ('230', 'C7', 'S0', 'SS0', 'D30', 'DM68');
INSERT INTO dis_relationship_diagnosis_to_diagnosis_modifier VALUES ('D30', 'DM68');
INSERT INTO diagnosis_modifiers VALUES ('DM69', 'HYPERPLASTIC/METAPLASTIC SUBTYPE');
INSERT INTO dis_relationship_master VALUES ('231', 'C7', 'S0', 'SS0', 'D30', 'DM69');
INSERT INTO dis_relationship_diagnosis_to_diagnosis_modifier VALUES ('D30', 'DM69');
INSERT INTO diagnosis_modifiers VALUES ('DM70', 'MELANOTIC');
INSERT INTO dis_relationship_master VALUES ('232', 'C7', 'S0', 'SS0', 'D30', 'DM70');
INSERT INTO dis_relationship_diagnosis_to_diagnosis_modifier VALUES ('D30', 'DM70');
INSERT INTO diagnosis_modifiers VALUES ('DM71', 'PLEXIFORM');
INSERT INTO dis_relationship_master VALUES ('233', 'C7', 'S0', 'SS0', 'D30', 'DM71');
INSERT INTO dis_relationship_diagnosis_to_diagnosis_modifier VALUES ('D30', 'DM71');
INSERT INTO diagnoses VALUES ('D31', 'NEUROBLASTOMA');
INSERT INTO dis_relationship_master VALUES ('1953', 'C0', 'S0', 'SS0', 'D31', 'DM2');
INSERT INTO dis_relationship_diagnosis_to_diagnosis_modifier VALUES ('D31', 'DM2');
INSERT INTO dis_relationship_master VALUES ('782SS151', 'C6', 'S82', 'SS151', 'D31', 'DM2');
INSERT INTO dis_relationship_master VALUES ('782SS105', 'C6', 'S82', 'SS105', 'D31', 'DM2');
INSERT INTO dis_relationship_master VALUES ('782SS42', 'C6', 'S82', 'SS42', 'D31', 'DM2');
INSERT INTO dis_relationship_master VALUES ('234', 'C6', 'S0', 'SS0', 'D31', 'DM2');
INSERT INTO diagnoses VALUES ('D32', 'NEUROENDOCRINE TUMOR (INCLUDES CARCINOID)');
INSERT INTO diagnosis_modifiers VALUES ('DM72', 'MULTIPLE ENDOCRINE NEOPLASM (MEN) TYPE 1');
INSERT INTO dis_relationship_master VALUES ('235', 'C1', 'S0', 'SS0', 'D32', 'DM72');
INSERT INTO dis_relationship_diagnosis_to_diagnosis_modifier VALUES ('D32', 'DM72');
INSERT INTO diagnosis_modifiers VALUES ('DM73', 'MULTIPLE ENDOCRINE NEOPLASM (MEN) TYPE 2A');
INSERT INTO dis_relationship_master VALUES ('236', 'C1', 'S0', 'SS0', 'D32', 'DM73');
INSERT INTO dis_relationship_diagnosis_to_diagnosis_modifier VALUES ('D32', 'DM73');
INSERT INTO diagnosis_modifiers VALUES ('DM74', 'MULTIPLE ENDOCRINE NEOPLASM (MEN) TYPE 2B');
INSERT INTO dis_relationship_master VALUES ('237', 'C1', 'S0', 'SS0', 'D32', 'DM74');
INSERT INTO dis_relationship_diagnosis_to_diagnosis_modifier VALUES ('D32', 'DM74');
INSERT INTO diagnoses VALUES ('D33', 'NEUROFIBROMA');
INSERT INTO dis_relationship_master VALUES ('1270SS157', 'C7', 'S1', 'SS157', 'D33', 'DM69');
INSERT INTO dis_relationship_diagnosis_to_diagnosis_modifier VALUES ('D33', 'DM69');
INSERT INTO dis_relationship_master VALUES ('1270SS156', 'C7', 'S1', 'SS156', 'D33', 'DM69');
INSERT INTO dis_relationship_master VALUES ('1270SS98', 'C7', 'S1', 'SS98', 'D33', 'DM69');
INSERT INTO dis_relationship_master VALUES ('1270SS73', 'C7', 'S1', 'SS73', 'D33', 'DM69');
INSERT INTO dis_relationship_master VALUES ('1270SS66', 'C7', 'S1', 'SS66', 'D33', 'DM69');
INSERT INTO dis_relationship_master VALUES ('1270SS65', 'C7', 'S1', 'SS65', 'D33', 'DM69');
INSERT INTO dis_relationship_master VALUES ('1270SS57', 'C7', 'S1', 'SS57', 'D33', 'DM69');
INSERT INTO dis_relationship_master VALUES ('1270SS19', 'C7', 'S1', 'SS19', 'D33', 'DM69');
INSERT INTO dis_relationship_master VALUES ('1270SS8', 'C7', 'S1', 'SS8', 'D33', 'DM69');
INSERT INTO dis_relationship_master VALUES ('1270SS2', 'C7', 'S1', 'SS2', 'D33', 'DM69');
INSERT INTO anatomic_sites VALUES ('S74', 'NERVE');
INSERT INTO subsites VALUES ('SS190', 'VAGAL');
INSERT INTO dis_relationship_master VALUES ('972SS190', 'C7', 'S74', 'SS190', 'D33', 'DM69');
INSERT INTO dis_relationship_site_to_subsite VALUES ('S74', 'SS190');
INSERT INTO subsites VALUES ('SS133', 'PERIPHERAL');
INSERT INTO dis_relationship_master VALUES ('972SS133', 'C7', 'S74', 'SS133', 'D33', 'DM69');
INSERT INTO dis_relationship_site_to_subsite VALUES ('S74', 'SS133');
INSERT INTO subsites VALUES ('SS70', 'GANGLION');
INSERT INTO dis_relationship_master VALUES ('972SS70', 'C7', 'S74', 'SS70', 'D33', 'DM69');
INSERT INTO dis_relationship_site_to_subsite VALUES ('S74', 'SS70');
INSERT INTO subsites VALUES ('SS43', 'CRANIAL');
INSERT INTO dis_relationship_master VALUES ('972SS43', 'C7', 'S74', 'SS43', 'D33', 'DM69');
INSERT INTO dis_relationship_site_to_subsite VALUES ('S74', 'SS43');
INSERT INTO subsites VALUES ('SS13', 'AUTONOMIC');
INSERT INTO dis_relationship_master VALUES ('972SS13', 'C7', 'S74', 'SS13', 'D33', 'DM69');
INSERT INTO dis_relationship_site_to_subsite VALUES ('S74', 'SS13');
INSERT INTO dis_relationship_master VALUES ('238', 'C7', 'S0', 'SS0', 'D33', 'DM69');
INSERT INTO dis_relationship_master VALUES ('18SS105', 'C7', 'S80', 'SS105', 'D33', 'DM69');
INSERT INTO dis_relationship_master VALUES ('18SS42', 'C7', 'S80', 'SS42', 'D33', 'DM69');
INSERT INTO dis_relationship_master VALUES ('1271SS157', 'C7', 'S1', 'SS157', 'D33', 'DM71');
INSERT INTO dis_relationship_diagnosis_to_diagnosis_modifier VALUES ('D33', 'DM71');
INSERT INTO dis_relationship_master VALUES ('1271SS156', 'C7', 'S1', 'SS156', 'D33', 'DM71');
INSERT INTO dis_relationship_master VALUES ('1271SS98', 'C7', 'S1', 'SS98', 'D33', 'DM71');
INSERT INTO dis_relationship_master VALUES ('1271SS73', 'C7', 'S1', 'SS73', 'D33', 'DM71');
INSERT INTO dis_relationship_master VALUES ('1271SS66', 'C7', 'S1', 'SS66', 'D33', 'DM71');
INSERT INTO dis_relationship_master VALUES ('1271SS65', 'C7', 'S1', 'SS65', 'D33', 'DM71');
INSERT INTO dis_relationship_master VALUES ('1271SS57', 'C7', 'S1', 'SS57', 'D33', 'DM71');
INSERT INTO dis_relationship_master VALUES ('1271SS19', 'C7', 'S1', 'SS19', 'D33', 'DM71');
INSERT INTO dis_relationship_master VALUES ('1271SS8', 'C7', 'S1', 'SS8', 'D33', 'DM71');
INSERT INTO dis_relationship_master VALUES ('1271SS2', 'C7', 'S1', 'SS2', 'D33', 'DM71');
INSERT INTO dis_relationship_master VALUES ('973SS190', 'C7', 'S74', 'SS190', 'D33', 'DM71');
INSERT INTO dis_relationship_master VALUES ('973SS133', 'C7', 'S74', 'SS133', 'D33', 'DM71');
INSERT INTO dis_relationship_master VALUES ('973SS70', 'C7', 'S74', 'SS70', 'D33', 'DM71');
INSERT INTO dis_relationship_master VALUES ('973SS43', 'C7', 'S74', 'SS43', 'D33', 'DM71');
INSERT INTO dis_relationship_master VALUES ('973SS13', 'C7', 'S74', 'SS13', 'D33', 'DM71');
INSERT INTO dis_relationship_master VALUES ('239', 'C7', 'S0', 'SS0', 'D33', 'DM71');
INSERT INTO dis_relationship_master VALUES ('19SS105', 'C7', 'S80', 'SS105', 'D33', 'DM71');
INSERT INTO dis_relationship_master VALUES ('19SS42', 'C7', 'S80', 'SS42', 'D33', 'DM71');
INSERT INTO diagnoses VALUES ('D34', 'NEUROFIBROMATOSIS');
INSERT INTO diagnosis_modifiers VALUES ('DM75', 'NEUROFIBROMATOSIS (NF1) - VON RECKLINGHAUSENS DISEASE');
INSERT INTO dis_relationship_master VALUES ('974SS190', 'C7', 'S74', 'SS190', 'D34', 'DM75');
INSERT INTO dis_relationship_diagnosis_to_diagnosis_modifier VALUES ('D34', 'DM75');
INSERT INTO dis_relationship_master VALUES ('974SS133', 'C7', 'S74', 'SS133', 'D34', 'DM75');
INSERT INTO dis_relationship_master VALUES ('974SS70', 'C7', 'S74', 'SS70', 'D34', 'DM75');
INSERT INTO dis_relationship_master VALUES ('974SS43', 'C7', 'S74', 'SS43', 'D34', 'DM75');
INSERT INTO dis_relationship_master VALUES ('974SS13', 'C7', 'S74', 'SS13', 'D34', 'DM75');
INSERT INTO dis_relationship_master VALUES ('240', 'C7', 'S0', 'SS0', 'D34', 'DM75');
INSERT INTO diagnosis_modifiers VALUES ('DM76', 'NEUROFIBROMATOSIS TYPE 2 (NF2)');
INSERT INTO dis_relationship_master VALUES ('975SS190', 'C7', 'S74', 'SS190', 'D34', 'DM76');
INSERT INTO dis_relationship_diagnosis_to_diagnosis_modifier VALUES ('D34', 'DM76');
INSERT INTO dis_relationship_master VALUES ('975SS133', 'C7', 'S74', 'SS133', 'D34', 'DM76');
INSERT INTO dis_relationship_master VALUES ('975SS70', 'C7', 'S74', 'SS70', 'D34', 'DM76');
INSERT INTO dis_relationship_master VALUES ('975SS43', 'C7', 'S74', 'SS43', 'D34', 'DM76');
INSERT INTO dis_relationship_master VALUES ('975SS13', 'C7', 'S74', 'SS13', 'D34', 'DM76');
INSERT INTO dis_relationship_master VALUES ('241', 'C7', 'S0', 'SS0', 'D34', 'DM76');
INSERT INTO diagnoses VALUES ('D35', 'NEUROMA');
INSERT INTO diagnosis_modifiers VALUES ('DM77', 'ACOUSTIC');
INSERT INTO dis_relationship_master VALUES ('242', 'C7', 'S0', 'SS0', 'D35', 'DM77');
INSERT INTO dis_relationship_diagnosis_to_diagnosis_modifier VALUES ('D35', 'DM77');
INSERT INTO diagnosis_modifiers VALUES ('DM78', 'TRAUMATIC');
INSERT INTO dis_relationship_master VALUES ('243', 'C7', 'S0', 'SS0', 'D35', 'DM78');
INSERT INTO dis_relationship_diagnosis_to_diagnosis_modifier VALUES ('D35', 'DM78');
INSERT INTO diagnoses VALUES ('D36', 'NEVUS');
INSERT INTO diagnosis_modifiers VALUES ('DM79', 'COMPOUND');
INSERT INTO dis_relationship_master VALUES ('244', 'C7', 'S0', 'SS0', 'D36', 'DM79');
INSERT INTO dis_relationship_diagnosis_to_diagnosis_modifier VALUES ('D36', 'DM79');
INSERT INTO diagnosis_modifiers VALUES ('DM80', 'SIMPLE');
INSERT INTO dis_relationship_master VALUES ('245', 'C7', 'S0', 'SS0', 'D36', 'DM80');
INSERT INTO dis_relationship_diagnosis_to_diagnosis_modifier VALUES ('D36', 'DM80');
INSERT INTO diagnoses VALUES ('D37', 'NODULAR FASCIITIS');
INSERT INTO dis_relationship_master VALUES ('2145', 'C0', 'S0', 'SS0', 'D37', 'DM2');
INSERT INTO dis_relationship_diagnosis_to_diagnosis_modifier VALUES ('D37', 'DM2');
INSERT INTO dis_relationship_master VALUES ('246', 'C7', 'S0', 'SS0', 'D37', 'DM2');
INSERT INTO diagnoses VALUES ('D38', 'NONINVASIVE PAPILLARY CARCINOMA');
INSERT INTO dis_relationship_master VALUES ('1917', 'C0', 'S0', 'SS0', 'D38', 'DM2');
INSERT INTO dis_relationship_diagnosis_to_diagnosis_modifier VALUES ('D38', 'DM2');
INSERT INTO anatomic_sites VALUES ('S20', 'BREAST');
INSERT INTO subsites VALUES ('SS164', 'SKIN');
INSERT INTO dis_relationship_master VALUES ('605SS164', 'C5', 'S20', 'SS164', 'D38', 'DM2');
INSERT INTO dis_relationship_site_to_subsite VALUES ('S20', 'SS164');
INSERT INTO subsites VALUES ('SS118', 'NIPPLE');
INSERT INTO dis_relationship_master VALUES ('605SS118', 'C5', 'S20', 'SS118', 'D38', 'DM2');
INSERT INTO dis_relationship_site_to_subsite VALUES ('S20', 'SS118');
INSERT INTO subsites VALUES ('SS114', 'MUSCLE, SKELETAL');
INSERT INTO dis_relationship_master VALUES ('605SS114', 'C5', 'S20', 'SS114', 'D38', 'DM2');
INSERT INTO dis_relationship_site_to_subsite VALUES ('S20', 'SS114');
INSERT INTO diagnoses VALUES ('D39', 'NOTOCHORD');
INSERT INTO diagnosis_modifiers VALUES ('DM81', 'CHORDOMA');
INSERT INTO dis_relationship_master VALUES ('543SS192', 'C6', 'S31', 'SS192', 'D39', 'DM81');
INSERT INTO dis_relationship_diagnosis_to_diagnosis_modifier VALUES ('D39', 'DM81');
INSERT INTO dis_relationship_master VALUES ('543SS177', 'C6', 'S31', 'SS177', 'D39', 'DM81');
INSERT INTO dis_relationship_master VALUES ('543SS176', 'C6', 'S31', 'SS176', 'D39', 'DM81');
INSERT INTO dis_relationship_master VALUES ('543SS126', 'C6', 'S31', 'SS126', 'D39', 'DM81');
INSERT INTO dis_relationship_master VALUES ('543SS119', 'C6', 'S31', 'SS119', 'D39', 'DM81');
INSERT INTO dis_relationship_master VALUES ('543SS82', 'C6', 'S31', 'SS82', 'D39', 'DM81');
INSERT INTO dis_relationship_master VALUES ('543SS78', 'C6', 'S31', 'SS78', 'D39', 'DM81');
INSERT INTO dis_relationship_master VALUES ('543SS67', 'C6', 'S31', 'SS67', 'D39', 'DM81');
INSERT INTO dis_relationship_master VALUES ('543SS49', 'C6', 'S31', 'SS49', 'D39', 'DM81');
INSERT INTO dis_relationship_master VALUES ('543SS42', 'C6', 'S31', 'SS42', 'D39', 'DM81');
INSERT INTO dis_relationship_master VALUES ('543SS40', 'C6', 'S31', 'SS40', 'D39', 'DM81');
INSERT INTO dis_relationship_master VALUES ('543SS35', 'C6', 'S31', 'SS35', 'D39', 'DM81');
INSERT INTO dis_relationship_master VALUES ('543SS31', 'C6', 'S31', 'SS31', 'D39', 'DM81');
INSERT INTO dis_relationship_master VALUES ('543SS29', 'C6', 'S31', 'SS29', 'D39', 'DM81');
INSERT INTO dis_relationship_master VALUES ('543SS17', 'C6', 'S31', 'SS17', 'D39', 'DM81');
INSERT INTO diagnoses VALUES ('D40', 'NOTOCHORD TUMOR');
INSERT INTO diagnosis_modifiers VALUES ('DM82', 'ECCHORDOSIS PHYSALIPHORA');
INSERT INTO dis_relationship_master VALUES ('544SS192', 'C7', 'S31', 'SS192', 'D40', 'DM82');
INSERT INTO dis_relationship_diagnosis_to_diagnosis_modifier VALUES ('D40', 'DM82');
INSERT INTO dis_relationship_master VALUES ('544SS177', 'C7', 'S31', 'SS177', 'D40', 'DM82');
INSERT INTO dis_relationship_master VALUES ('544SS176', 'C7', 'S31', 'SS176', 'D40', 'DM82');
INSERT INTO dis_relationship_master VALUES ('544SS126', 'C7', 'S31', 'SS126', 'D40', 'DM82');
INSERT INTO dis_relationship_master VALUES ('544SS119', 'C7', 'S31', 'SS119', 'D40', 'DM82');
INSERT INTO dis_relationship_master VALUES ('544SS82', 'C7', 'S31', 'SS82', 'D40', 'DM82');
INSERT INTO dis_relationship_master VALUES ('544SS78', 'C7', 'S31', 'SS78', 'D40', 'DM82');
INSERT INTO dis_relationship_master VALUES ('544SS67', 'C7', 'S31', 'SS67', 'D40', 'DM82');
INSERT INTO dis_relationship_master VALUES ('544SS49', 'C7', 'S31', 'SS49', 'D40', 'DM82');
INSERT INTO dis_relationship_master VALUES ('544SS42', 'C7', 'S31', 'SS42', 'D40', 'DM82');
INSERT INTO dis_relationship_master VALUES ('544SS40', 'C7', 'S31', 'SS40', 'D40', 'DM82');
INSERT INTO dis_relationship_master VALUES ('544SS35', 'C7', 'S31', 'SS35', 'D40', 'DM82');
INSERT INTO dis_relationship_master VALUES ('544SS31', 'C7', 'S31', 'SS31', 'D40', 'DM82');
INSERT INTO dis_relationship_master VALUES ('544SS29', 'C7', 'S31', 'SS29', 'D40', 'DM82');
INSERT INTO dis_relationship_master VALUES ('544SS17', 'C7', 'S31', 'SS17', 'D40', 'DM82');
INSERT INTO diagnoses VALUES ('D41', 'ODONTOMA');
INSERT INTO dis_relationship_master VALUES ('1942', 'C0', 'S0', 'SS0', 'D41', 'DM2');
INSERT INTO dis_relationship_diagnosis_to_diagnosis_modifier VALUES ('D41', 'DM2');
INSERT INTO anatomic_sites VALUES ('S92', 'BONE');
INSERT INTO subsites VALUES ('SS188', 'ULNA');
INSERT INTO dis_relationship_master VALUES ('433SS188', 'C7', 'S92', 'SS188', 'D41', 'DM2');
INSERT INTO dis_relationship_site_to_subsite VALUES ('S92', 'SS188');
INSERT INTO subsites VALUES ('SS179', 'TIBIA');
INSERT INTO dis_relationship_master VALUES ('433SS179', 'C7', 'S92', 'SS179', 'D41', 'DM2');
INSERT INTO dis_relationship_site_to_subsite VALUES ('S92', 'SS179');
INSERT INTO dis_relationship_master VALUES ('433SS168', 'C7', 'S92', 'SS168', 'D41', 'DM2');
INSERT INTO dis_relationship_site_to_subsite VALUES ('S92', 'SS168');
INSERT INTO subsites VALUES ('SS165', 'SKULL');
INSERT INTO dis_relationship_master VALUES ('433SS165', 'C7', 'S92', 'SS165', 'D41', 'DM2');
INSERT INTO dis_relationship_site_to_subsite VALUES ('S92', 'SS165');
INSERT INTO dis_relationship_master VALUES ('433SS153', 'C7', 'S92', 'SS153', 'D41', 'DM2');
INSERT INTO dis_relationship_site_to_subsite VALUES ('S92', 'SS153');
INSERT INTO subsites VALUES ('SS149', 'RADIUS');
INSERT INTO dis_relationship_master VALUES ('433SS149', 'C7', 'S92', 'SS149', 'D41', 'DM2');
INSERT INTO dis_relationship_site_to_subsite VALUES ('S92', 'SS149');
INSERT INTO subsites VALUES ('SS128', 'PATELLA');
INSERT INTO dis_relationship_master VALUES ('433SS128', 'C7', 'S92', 'SS128', 'D41', 'DM2');
INSERT INTO dis_relationship_site_to_subsite VALUES ('S92', 'SS128');
INSERT INTO subsites VALUES ('SS109', 'METATARSALS');
INSERT INTO dis_relationship_master VALUES ('433SS109', 'C7', 'S92', 'SS109', 'D41', 'DM2');
INSERT INTO dis_relationship_site_to_subsite VALUES ('S92', 'SS109');
INSERT INTO subsites VALUES ('SS108', 'METACARPALS');
INSERT INTO dis_relationship_master VALUES ('433SS108', 'C7', 'S92', 'SS108', 'D41', 'DM2');
INSERT INTO dis_relationship_site_to_subsite VALUES ('S92', 'SS108');
INSERT INTO subsites VALUES ('SS104', 'MANDIBLE');
INSERT INTO dis_relationship_master VALUES ('433SS104', 'C7', 'S92', 'SS104', 'D41', 'DM2');
INSERT INTO dis_relationship_site_to_subsite VALUES ('S92', 'SS104');
INSERT INTO subsites VALUES ('SS79', 'HUMERUS');
INSERT INTO dis_relationship_master VALUES ('433SS79', 'C7', 'S92', 'SS79', 'D41', 'DM2');
INSERT INTO dis_relationship_site_to_subsite VALUES ('S92', 'SS79');
INSERT INTO subsites VALUES ('SS62', 'FIBULA');
INSERT INTO dis_relationship_master VALUES ('433SS62', 'C7', 'S92', 'SS62', 'D41', 'DM2');
INSERT INTO dis_relationship_site_to_subsite VALUES ('S92', 'SS62');
INSERT INTO dis_relationship_master VALUES ('433SS60', 'C7', 'S92', 'SS60', 'D41', 'DM2');
INSERT INTO dis_relationship_site_to_subsite VALUES ('S92', 'SS60');
INSERT INTO diagnoses VALUES ('D42', 'OLIGIOASTROCYTOMA');
INSERT INTO dis_relationship_master VALUES ('2028', 'C0', 'S0', 'SS0', 'D42', 'DM2');
INSERT INTO dis_relationship_diagnosis_to_diagnosis_modifier VALUES ('D42', 'DM2');
INSERT INTO dis_relationship_master VALUES ('545SS192', 'C1', 'S31', 'SS192', 'D42', 'DM2');
INSERT INTO dis_relationship_master VALUES ('545SS177', 'C1', 'S31', 'SS177', 'D42', 'DM2');
INSERT INTO dis_relationship_master VALUES ('545SS176', 'C1', 'S31', 'SS176', 'D42', 'DM2');
INSERT INTO dis_relationship_master VALUES ('545SS126', 'C1', 'S31', 'SS126', 'D42', 'DM2');
INSERT INTO dis_relationship_master VALUES ('545SS119', 'C1', 'S31', 'SS119', 'D42', 'DM2');
INSERT INTO dis_relationship_master VALUES ('545SS82', 'C1', 'S31', 'SS82', 'D42', 'DM2');
INSERT INTO dis_relationship_master VALUES ('545SS78', 'C1', 'S31', 'SS78', 'D42', 'DM2');
INSERT INTO dis_relationship_master VALUES ('545SS67', 'C1', 'S31', 'SS67', 'D42', 'DM2');
INSERT INTO dis_relationship_master VALUES ('545SS49', 'C1', 'S31', 'SS49', 'D42', 'DM2');
INSERT INTO dis_relationship_master VALUES ('545SS42', 'C1', 'S31', 'SS42', 'D42', 'DM2');
INSERT INTO dis_relationship_master VALUES ('545SS40', 'C1', 'S31', 'SS40', 'D42', 'DM2');
INSERT INTO dis_relationship_master VALUES ('545SS35', 'C1', 'S31', 'SS35', 'D42', 'DM2');
INSERT INTO dis_relationship_master VALUES ('545SS31', 'C1', 'S31', 'SS31', 'D42', 'DM2');
INSERT INTO dis_relationship_master VALUES ('545SS29', 'C1', 'S31', 'SS29', 'D42', 'DM2');
INSERT INTO dis_relationship_master VALUES ('545SS17', 'C1', 'S31', 'SS17', 'D42', 'DM2');
INSERT INTO diagnoses VALUES ('D43', 'OLIGOASTROCYTOMA');
INSERT INTO dis_relationship_master VALUES ('546SS192', 'C6', 'S31', 'SS192', 'D43', 'DM3');
INSERT INTO dis_relationship_diagnosis_to_diagnosis_modifier VALUES ('D43', 'DM3');
INSERT INTO dis_relationship_master VALUES ('546SS177', 'C6', 'S31', 'SS177', 'D43', 'DM3');
INSERT INTO dis_relationship_master VALUES ('546SS176', 'C6', 'S31', 'SS176', 'D43', 'DM3');
INSERT INTO dis_relationship_master VALUES ('546SS126', 'C6', 'S31', 'SS126', 'D43', 'DM3');
INSERT INTO dis_relationship_master VALUES ('546SS119', 'C6', 'S31', 'SS119', 'D43', 'DM3');
INSERT INTO dis_relationship_master VALUES ('546SS82', 'C6', 'S31', 'SS82', 'D43', 'DM3');
INSERT INTO dis_relationship_master VALUES ('546SS78', 'C6', 'S31', 'SS78', 'D43', 'DM3');
INSERT INTO dis_relationship_master VALUES ('546SS67', 'C6', 'S31', 'SS67', 'D43', 'DM3');
INSERT INTO dis_relationship_master VALUES ('546SS49', 'C6', 'S31', 'SS49', 'D43', 'DM3');
INSERT INTO dis_relationship_master VALUES ('546SS42', 'C6', 'S31', 'SS42', 'D43', 'DM3');
INSERT INTO dis_relationship_master VALUES ('546SS40', 'C6', 'S31', 'SS40', 'D43', 'DM3');
INSERT INTO dis_relationship_master VALUES ('546SS35', 'C6', 'S31', 'SS35', 'D43', 'DM3');
INSERT INTO dis_relationship_master VALUES ('546SS31', 'C6', 'S31', 'SS31', 'D43', 'DM3');
INSERT INTO dis_relationship_master VALUES ('546SS29', 'C6', 'S31', 'SS29', 'D43', 'DM3');
INSERT INTO dis_relationship_master VALUES ('546SS17', 'C6', 'S31', 'SS17', 'D43', 'DM3');
INSERT INTO diagnoses VALUES ('D44', 'OLIGODENDROGLIOMA ANAPLASTIC');
INSERT INTO dis_relationship_master VALUES ('1861', 'C0', 'S0', 'SS0', 'D44', 'DM2');
INSERT INTO dis_relationship_diagnosis_to_diagnosis_modifier VALUES ('D44', 'DM2');
INSERT INTO dis_relationship_master VALUES ('547SS192', 'C6', 'S31', 'SS192', 'D44', 'DM2');
INSERT INTO dis_relationship_master VALUES ('547SS177', 'C6', 'S31', 'SS177', 'D44', 'DM2');
INSERT INTO dis_relationship_master VALUES ('547SS176', 'C6', 'S31', 'SS176', 'D44', 'DM2');
INSERT INTO dis_relationship_master VALUES ('547SS126', 'C6', 'S31', 'SS126', 'D44', 'DM2');
INSERT INTO dis_relationship_master VALUES ('547SS119', 'C6', 'S31', 'SS119', 'D44', 'DM2');
INSERT INTO dis_relationship_master VALUES ('547SS82', 'C6', 'S31', 'SS82', 'D44', 'DM2');
INSERT INTO dis_relationship_master VALUES ('547SS78', 'C6', 'S31', 'SS78', 'D44', 'DM2');
INSERT INTO dis_relationship_master VALUES ('547SS67', 'C6', 'S31', 'SS67', 'D44', 'DM2');
INSERT INTO dis_relationship_master VALUES ('547SS49', 'C6', 'S31', 'SS49', 'D44', 'DM2');
INSERT INTO dis_relationship_master VALUES ('547SS42', 'C6', 'S31', 'SS42', 'D44', 'DM2');
INSERT INTO dis_relationship_master VALUES ('547SS40', 'C6', 'S31', 'SS40', 'D44', 'DM2');
INSERT INTO dis_relationship_master VALUES ('547SS35', 'C6', 'S31', 'SS35', 'D44', 'DM2');
INSERT INTO dis_relationship_master VALUES ('547SS31', 'C6', 'S31', 'SS31', 'D44', 'DM2');
INSERT INTO dis_relationship_master VALUES ('547SS29', 'C6', 'S31', 'SS29', 'D44', 'DM2');
INSERT INTO dis_relationship_master VALUES ('547SS17', 'C6', 'S31', 'SS17', 'D44', 'DM2');
INSERT INTO anatomic_sites VALUES ('S97', 'SALIVARY GLAND');
INSERT INTO subsites VALUES ('SS172', 'SUBMAXILLARY GLAND');
INSERT INTO diagnoses VALUES ('D45', 'ONCOCYTOMA');
INSERT INTO dis_relationship_master VALUES ('2287SS172', 'C7', 'S97', 'SS172', 'D45', 'DM2');
INSERT INTO dis_relationship_site_to_subsite VALUES ('S97', 'SS172');
INSERT INTO dis_relationship_diagnosis_to_diagnosis_modifier VALUES ('D45', 'DM2');
INSERT INTO subsites VALUES ('SS171', 'SUBMANDIBULAR GLAND');
INSERT INTO dis_relationship_master VALUES ('2287SS171', 'C7', 'S97', 'SS171', 'D45', 'DM2');
INSERT INTO dis_relationship_site_to_subsite VALUES ('S97', 'SS171');
INSERT INTO subsites VALUES ('SS170', 'SUBLINGUAL GLAND');
INSERT INTO dis_relationship_master VALUES ('2287SS170', 'C7', 'S97', 'SS170', 'D45', 'DM2');
INSERT INTO dis_relationship_site_to_subsite VALUES ('S97', 'SS170');
INSERT INTO subsites VALUES ('SS127', 'PAROTID');
INSERT INTO dis_relationship_master VALUES ('2287SS127', 'C7', 'S97', 'SS127', 'D45', 'DM2');
INSERT INTO dis_relationship_site_to_subsite VALUES ('S97', 'SS127');
INSERT INTO subsites VALUES ('SS110', 'MINOR SALIVARY GLANDS');
INSERT INTO dis_relationship_master VALUES ('2287SS110', 'C7', 'S97', 'SS110', 'D45', 'DM2');
INSERT INTO dis_relationship_site_to_subsite VALUES ('S97', 'SS110');
INSERT INTO dis_relationship_master VALUES ('2046', 'C0', 'S0', 'SS0', 'D45', 'DM2');
INSERT INTO dis_relationship_master VALUES ('783SS151', 'C7', 'S82', 'SS151', 'D45', 'DM2');
INSERT INTO dis_relationship_master VALUES ('783SS105', 'C7', 'S82', 'SS105', 'D45', 'DM2');
INSERT INTO dis_relationship_master VALUES ('783SS42', 'C7', 'S82', 'SS42', 'D45', 'DM2');
INSERT INTO diagnosis_modifiers VALUES ('DM83', 'PAROTID');
INSERT INTO dis_relationship_master VALUES ('1222SS172', 'C7', 'S97', 'SS172', 'D45', 'DM83');
INSERT INTO dis_relationship_diagnosis_to_diagnosis_modifier VALUES ('D45', 'DM83');
INSERT INTO dis_relationship_master VALUES ('1222SS171', 'C7', 'S97', 'SS171', 'D45', 'DM83');
INSERT INTO dis_relationship_master VALUES ('1222SS170', 'C7', 'S97', 'SS170', 'D45', 'DM83');
INSERT INTO dis_relationship_master VALUES ('1222SS127', 'C7', 'S97', 'SS127', 'D45', 'DM83');
INSERT INTO dis_relationship_master VALUES ('1222SS110', 'C7', 'S97', 'SS110', 'D45', 'DM83');
INSERT INTO diagnoses VALUES ('D46', 'OSTEOBLASTOMA');
INSERT INTO dis_relationship_master VALUES ('1850', 'C0', 'S0', 'SS0', 'D46', 'DM2');
INSERT INTO dis_relationship_diagnosis_to_diagnosis_modifier VALUES ('D46', 'DM2');
INSERT INTO dis_relationship_master VALUES ('434SS188', 'C7', 'S92', 'SS188', 'D46', 'DM2');
INSERT INTO dis_relationship_master VALUES ('434SS179', 'C7', 'S92', 'SS179', 'D46', 'DM2');
INSERT INTO dis_relationship_master VALUES ('434SS168', 'C7', 'S92', 'SS168', 'D46', 'DM2');
INSERT INTO dis_relationship_master VALUES ('434SS165', 'C7', 'S92', 'SS165', 'D46', 'DM2');
INSERT INTO dis_relationship_master VALUES ('434SS153', 'C7', 'S92', 'SS153', 'D46', 'DM2');
INSERT INTO dis_relationship_master VALUES ('434SS149', 'C7', 'S92', 'SS149', 'D46', 'DM2');
INSERT INTO dis_relationship_master VALUES ('434SS128', 'C7', 'S92', 'SS128', 'D46', 'DM2');
INSERT INTO dis_relationship_master VALUES ('434SS109', 'C7', 'S92', 'SS109', 'D46', 'DM2');
INSERT INTO dis_relationship_master VALUES ('434SS108', 'C7', 'S92', 'SS108', 'D46', 'DM2');
INSERT INTO dis_relationship_master VALUES ('434SS104', 'C7', 'S92', 'SS104', 'D46', 'DM2');
INSERT INTO dis_relationship_master VALUES ('434SS79', 'C7', 'S92', 'SS79', 'D46', 'DM2');
INSERT INTO dis_relationship_master VALUES ('434SS62', 'C7', 'S92', 'SS62', 'D46', 'DM2');
INSERT INTO dis_relationship_master VALUES ('434SS60', 'C7', 'S92', 'SS60', 'D46', 'DM2');
INSERT INTO diagnoses VALUES ('D47', 'OSTEOCHONDROMA');
INSERT INTO dis_relationship_master VALUES ('2060', 'C0', 'S0', 'SS0', 'D47', 'DM2');
INSERT INTO dis_relationship_diagnosis_to_diagnosis_modifier VALUES ('D47', 'DM2');
INSERT INTO dis_relationship_master VALUES ('435SS188', 'C7', 'S92', 'SS188', 'D47', 'DM2');
INSERT INTO dis_relationship_master VALUES ('435SS179', 'C7', 'S92', 'SS179', 'D47', 'DM2');
INSERT INTO dis_relationship_master VALUES ('435SS168', 'C7', 'S92', 'SS168', 'D47', 'DM2');
INSERT INTO dis_relationship_master VALUES ('435SS165', 'C7', 'S92', 'SS165', 'D47', 'DM2');
INSERT INTO dis_relationship_master VALUES ('435SS153', 'C7', 'S92', 'SS153', 'D47', 'DM2');
INSERT INTO dis_relationship_master VALUES ('435SS149', 'C7', 'S92', 'SS149', 'D47', 'DM2');
INSERT INTO dis_relationship_master VALUES ('435SS128', 'C7', 'S92', 'SS128', 'D47', 'DM2');
INSERT INTO dis_relationship_master VALUES ('435SS109', 'C7', 'S92', 'SS109', 'D47', 'DM2');
INSERT INTO dis_relationship_master VALUES ('435SS108', 'C7', 'S92', 'SS108', 'D47', 'DM2');
INSERT INTO dis_relationship_master VALUES ('435SS104', 'C7', 'S92', 'SS104', 'D47', 'DM2');
INSERT INTO dis_relationship_master VALUES ('435SS79', 'C7', 'S92', 'SS79', 'D47', 'DM2');
INSERT INTO dis_relationship_master VALUES ('435SS62', 'C7', 'S92', 'SS62', 'D47', 'DM2');
INSERT INTO dis_relationship_master VALUES ('435SS60', 'C7', 'S92', 'SS60', 'D47', 'DM2');
INSERT INTO diagnoses VALUES ('D48', 'OSTEOMA');
INSERT INTO diagnosis_modifiers VALUES ('DM84', 'OSTEOID');
INSERT INTO dis_relationship_master VALUES ('436SS188', 'C7', 'S92', 'SS188', 'D48', 'DM84');
INSERT INTO dis_relationship_diagnosis_to_diagnosis_modifier VALUES ('D48', 'DM84');
INSERT INTO dis_relationship_master VALUES ('436SS179', 'C7', 'S92', 'SS179', 'D48', 'DM84');
INSERT INTO dis_relationship_master VALUES ('436SS168', 'C7', 'S92', 'SS168', 'D48', 'DM84');
INSERT INTO dis_relationship_master VALUES ('436SS165', 'C7', 'S92', 'SS165', 'D48', 'DM84');
INSERT INTO dis_relationship_master VALUES ('436SS153', 'C7', 'S92', 'SS153', 'D48', 'DM84');
INSERT INTO dis_relationship_master VALUES ('436SS149', 'C7', 'S92', 'SS149', 'D48', 'DM84');
INSERT INTO dis_relationship_master VALUES ('436SS128', 'C7', 'S92', 'SS128', 'D48', 'DM84');
INSERT INTO dis_relationship_master VALUES ('436SS109', 'C7', 'S92', 'SS109', 'D48', 'DM84');
INSERT INTO dis_relationship_master VALUES ('436SS108', 'C7', 'S92', 'SS108', 'D48', 'DM84');
INSERT INTO dis_relationship_master VALUES ('436SS104', 'C7', 'S92', 'SS104', 'D48', 'DM84');
INSERT INTO dis_relationship_master VALUES ('436SS79', 'C7', 'S92', 'SS79', 'D48', 'DM84');
INSERT INTO dis_relationship_master VALUES ('436SS62', 'C7', 'S92', 'SS62', 'D48', 'DM84');
INSERT INTO dis_relationship_master VALUES ('436SS60', 'C7', 'S92', 'SS60', 'D48', 'DM84');
INSERT INTO diagnoses VALUES ('D49', 'PAGETS DISEASE');
INSERT INTO dis_relationship_master VALUES ('1605SS96', 'C5', 'S78', 'SS96', 'D49', 'DM2');
INSERT INTO dis_relationship_diagnosis_to_diagnosis_modifier VALUES ('D49', 'DM2');
INSERT INTO dis_relationship_master VALUES ('1605SS95', 'C5', 'S78', 'SS95', 'D49', 'DM2');
INSERT INTO dis_relationship_master VALUES ('1882', 'C0', 'S0', 'SS0', 'D49', 'DM2');
INSERT INTO diagnoses VALUES ('D50', 'PAGETS DISEASE WITH INVASIVE CARCINOMA');
INSERT INTO dis_relationship_master VALUES ('606SS164', 'C6', 'S20', 'SS164', 'D50', 'DM2');
INSERT INTO dis_relationship_diagnosis_to_diagnosis_modifier VALUES ('D50', 'DM2');
INSERT INTO dis_relationship_master VALUES ('606SS118', 'C6', 'S20', 'SS118', 'D50', 'DM2');
INSERT INTO dis_relationship_master VALUES ('606SS114', 'C6', 'S20', 'SS114', 'D50', 'DM2');
INSERT INTO dis_relationship_master VALUES ('2074', 'C0', 'S0', 'SS0', 'D50', 'DM2');
INSERT INTO diagnoses VALUES ('D51', 'PAGETS DISEASE W/O INVASIVE CARCINOMA');
INSERT INTO dis_relationship_master VALUES ('41SS1', 'C5', 'S6', 'SS1', 'D51', 'DM2');
INSERT INTO dis_relationship_diagnosis_to_diagnosis_modifier VALUES ('D51', 'DM2');
INSERT INTO diagnoses VALUES ('D52', 'PAGETS DISEASE WITHOUT INVASIVE CARCINOMA');
INSERT INTO dis_relationship_master VALUES ('1901', 'C0', 'S0', 'SS0', 'D52', 'DM2');
INSERT INTO dis_relationship_diagnosis_to_diagnosis_modifier VALUES ('D52', 'DM2');
INSERT INTO dis_relationship_master VALUES ('607SS164', 'C5', 'S20', 'SS164', 'D52', 'DM2');
INSERT INTO dis_relationship_master VALUES ('607SS118', 'C5', 'S20', 'SS118', 'D52', 'DM2');
INSERT INTO dis_relationship_master VALUES ('607SS114', 'C5', 'S20', 'SS114', 'D52', 'DM2');
INSERT INTO dis_relationship_master VALUES ('1606SS96', 'C6', 'S78', 'SS96', 'D50', 'DM2');
INSERT INTO dis_relationship_master VALUES ('1606SS95', 'C6', 'S78', 'SS95', 'D50', 'DM2');
INSERT INTO diagnoses VALUES ('D53', 'PANCREATOBLASTOMA');
INSERT INTO dis_relationship_master VALUES ('1099SS175', 'C6', 'S24', 'SS175', 'D53', 'DM2');
INSERT INTO dis_relationship_diagnosis_to_diagnosis_modifier VALUES ('D53', 'DM2');
INSERT INTO dis_relationship_master VALUES ('1099SS123', 'C6', 'S24', 'SS123', 'D53', 'DM2');
INSERT INTO dis_relationship_master VALUES ('1743', 'C0', 'S0', 'SS0', 'D53', 'DM2');
INSERT INTO diagnoses VALUES ('D54', 'PAPILLARY');
INSERT INTO diagnosis_modifiers VALUES ('DM85', 'PAPILLARY ADENOCARCINOMA');
INSERT INTO dis_relationship_master VALUES ('1223SS172', 'C6', 'S97', 'SS172', 'D54', 'DM85');
INSERT INTO dis_relationship_diagnosis_to_diagnosis_modifier VALUES ('D54', 'DM85');
INSERT INTO dis_relationship_master VALUES ('1223SS171', 'C6', 'S97', 'SS171', 'D54', 'DM85');
INSERT INTO dis_relationship_master VALUES ('1223SS170', 'C6', 'S97', 'SS170', 'D54', 'DM85');
INSERT INTO dis_relationship_master VALUES ('1223SS127', 'C6', 'S97', 'SS127', 'D54', 'DM85');
INSERT INTO dis_relationship_master VALUES ('1223SS110', 'C6', 'S97', 'SS110', 'D54', 'DM85');
INSERT INTO anatomic_sites VALUES ('S42', 'TESTIS');
INSERT INTO diagnoses VALUES ('D55', 'PAPILLARY CYSTADENOMA');
INSERT INTO diagnosis_modifiers VALUES ('DM86', 'LYMPHOMATOSUM');
INSERT INTO dis_relationship_master VALUES ('1462SS1', 'C7', 'S42', 'SS1', 'D55', 'DM86');
INSERT INTO dis_relationship_site_to_subsite VALUES ('S42', 'SS1');
INSERT INTO dis_relationship_diagnosis_to_diagnosis_modifier VALUES ('D55', 'DM86');
INSERT INTO diagnoses VALUES ('D56', 'PAPILLARY CYSTIC NEOPLASM');
INSERT INTO dis_relationship_master VALUES ('1100SS175', 'C6', 'S24', 'SS175', 'D56', 'DM2');
INSERT INTO dis_relationship_diagnosis_to_diagnosis_modifier VALUES ('D56', 'DM2');
INSERT INTO dis_relationship_master VALUES ('1100SS123', 'C6', 'S24', 'SS123', 'D56', 'DM2');
INSERT INTO dis_relationship_master VALUES ('1808', 'C0', 'S0', 'SS0', 'D56', 'DM2');
INSERT INTO anatomic_sites VALUES ('S68', 'URETHRA');
INSERT INTO diagnoses VALUES ('D57', 'PAPILLOMA');
INSERT INTO dis_relationship_master VALUES ('1530SS1', 'C7', 'S68', 'SS1', 'D57', 'DM2');
INSERT INTO dis_relationship_site_to_subsite VALUES ('S68', 'SS1');
INSERT INTO dis_relationship_diagnosis_to_diagnosis_modifier VALUES ('D57', 'DM2');
INSERT INTO dis_relationship_master VALUES ('1519', 'C7', 'S46', 'SS0', 'D57', 'DM2');
INSERT INTO dis_relationship_master VALUES ('806SS197', 'C7', 'S84', 'SS197', 'D57', 'DM2');
INSERT INTO dis_relationship_master VALUES ('806SS113', 'C7', 'S84', 'SS113', 'D57', 'DM2');
INSERT INTO dis_relationship_master VALUES ('2360SS166', 'C7', 'S26', 'SS166', 'D57', 'DM2');
INSERT INTO dis_relationship_master VALUES ('2360SS158', 'C7', 'S26', 'SS158', 'D57', 'DM2');
INSERT INTO dis_relationship_master VALUES ('2360SS112', 'C7', 'S26', 'SS112', 'D57', 'DM2');
INSERT INTO dis_relationship_master VALUES ('2318SS181', 'C7', 'S51', 'SS181', 'D57', 'DM2');
INSERT INTO dis_relationship_master VALUES ('2318SS167', 'C7', 'S51', 'SS167', 'D57', 'DM2');
INSERT INTO dis_relationship_master VALUES ('2318SS139', 'C7', 'S51', 'SS139', 'D57', 'DM2');
INSERT INTO dis_relationship_master VALUES ('2318SS121', 'C7', 'S51', 'SS121', 'D57', 'DM2');
INSERT INTO dis_relationship_master VALUES ('2318SS100', 'C7', 'S51', 'SS100', 'D57', 'DM2');
INSERT INTO dis_relationship_master VALUES ('2318SS75', 'C7', 'S51', 'SS75', 'D57', 'DM2');
INSERT INTO dis_relationship_master VALUES ('2318SS72', 'C7', 'S51', 'SS72', 'D57', 'DM2');
INSERT INTO dis_relationship_master VALUES ('2318SS55', 'C7', 'S51', 'SS55', 'D57', 'DM2');
INSERT INTO anatomic_sites VALUES ('S66', 'SINUS');
INSERT INTO subsites VALUES ('SS116', 'NASAL');
INSERT INTO dis_relationship_master VALUES ('2301SS116', 'C7', 'S66', 'SS116', 'D57', 'DM2');
INSERT INTO dis_relationship_site_to_subsite VALUES ('S66', 'SS116');
INSERT INTO dis_relationship_master VALUES ('2300SS172', 'C7', 'S97', 'SS172', 'D57', 'DM2');
INSERT INTO dis_relationship_master VALUES ('2300SS171', 'C7', 'S97', 'SS171', 'D57', 'DM2');
INSERT INTO dis_relationship_master VALUES ('2300SS170', 'C7', 'S97', 'SS170', 'D57', 'DM2');
INSERT INTO dis_relationship_master VALUES ('2300SS127', 'C7', 'S97', 'SS127', 'D57', 'DM2');
INSERT INTO dis_relationship_master VALUES ('2300SS110', 'C7', 'S97', 'SS110', 'D57', 'DM2');
INSERT INTO dis_relationship_master VALUES ('1971', 'C0', 'S0', 'SS0', 'D57', 'DM2');
INSERT INTO anatomic_sites VALUES ('S63', 'BRONCHUS');
INSERT INTO subsites VALUES ('SS89', 'INTRAPULMONARY');
INSERT INTO dis_relationship_master VALUES ('619SS89', 'C7', 'S63', 'SS89', 'D57', 'DM2');
INSERT INTO dis_relationship_site_to_subsite VALUES ('S63', 'SS89');
INSERT INTO dis_relationship_master VALUES ('608SS164', 'C7', 'S20', 'SS164', 'D57', 'DM2');
INSERT INTO dis_relationship_master VALUES ('608SS118', 'C7', 'S20', 'SS118', 'D57', 'DM2');
INSERT INTO dis_relationship_master VALUES ('608SS114', 'C7', 'S20', 'SS114', 'D57', 'DM2');
INSERT INTO diagnosis_modifiers VALUES ('DM87', 'INTRADUCTAL');
INSERT INTO dis_relationship_master VALUES ('1224SS172', 'C7', 'S97', 'SS172', 'D57', 'DM87');
INSERT INTO dis_relationship_diagnosis_to_diagnosis_modifier VALUES ('D57', 'DM87');
INSERT INTO dis_relationship_master VALUES ('1224SS171', 'C7', 'S97', 'SS171', 'D57', 'DM87');
INSERT INTO dis_relationship_master VALUES ('1224SS170', 'C7', 'S97', 'SS170', 'D57', 'DM87');
INSERT INTO dis_relationship_master VALUES ('1224SS127', 'C7', 'S97', 'SS127', 'D57', 'DM87');
INSERT INTO dis_relationship_master VALUES ('1224SS110', 'C7', 'S97', 'SS110', 'D57', 'DM87');
INSERT INTO diagnosis_modifiers VALUES ('DM88', 'INVERTED');
INSERT INTO dis_relationship_master VALUES ('355SS166', 'C7', 'S26', 'SS166', 'D57', 'DM88');
INSERT INTO dis_relationship_diagnosis_to_diagnosis_modifier VALUES ('D57', 'DM88');
INSERT INTO dis_relationship_master VALUES ('355SS158', 'C7', 'S26', 'SS158', 'D57', 'DM88');
INSERT INTO dis_relationship_master VALUES ('355SS112', 'C7', 'S26', 'SS112', 'D57', 'DM88');
INSERT INTO diagnosis_modifiers VALUES ('DM89', 'INVERTED DUCTAL');
INSERT INTO dis_relationship_master VALUES ('1225SS172', 'C7', 'S97', 'SS172', 'D57', 'DM89');
INSERT INTO dis_relationship_diagnosis_to_diagnosis_modifier VALUES ('D57', 'DM89');
INSERT INTO dis_relationship_master VALUES ('1225SS171', 'C7', 'S97', 'SS171', 'D57', 'DM89');
INSERT INTO dis_relationship_master VALUES ('1225SS170', 'C7', 'S97', 'SS170', 'D57', 'DM89');
INSERT INTO dis_relationship_master VALUES ('1225SS127', 'C7', 'S97', 'SS127', 'D57', 'DM89');
INSERT INTO dis_relationship_master VALUES ('1225SS110', 'C7', 'S97', 'SS110', 'D57', 'DM89');
INSERT INTO diagnosis_modifiers VALUES ('DM90', 'INVERTED PAPILLOMA');
INSERT INTO dis_relationship_master VALUES ('1235SS116', 'C7', 'S66', 'SS116', 'D57', 'DM90');
INSERT INTO dis_relationship_diagnosis_to_diagnosis_modifier VALUES ('D57', 'DM90');
INSERT INTO diagnosis_modifiers VALUES ('DM91', 'SIALADENOMA PAPILLIFERIUM');
INSERT INTO dis_relationship_master VALUES ('1226SS172', 'C7', 'S97', 'SS172', 'D57', 'DM91');
INSERT INTO dis_relationship_diagnosis_to_diagnosis_modifier VALUES ('D57', 'DM91');
INSERT INTO dis_relationship_master VALUES ('1226SS171', 'C7', 'S97', 'SS171', 'D57', 'DM91');
INSERT INTO dis_relationship_master VALUES ('1226SS170', 'C7', 'S97', 'SS170', 'D57', 'DM91');
INSERT INTO dis_relationship_master VALUES ('1226SS127', 'C7', 'S97', 'SS127', 'D57', 'DM91');
INSERT INTO dis_relationship_master VALUES ('1226SS110', 'C7', 'S97', 'SS110', 'D57', 'DM91');
INSERT INTO dis_relationship_master VALUES ('995SS181', 'C7', 'S51', 'SS181', 'D57', 'DM34');
INSERT INTO dis_relationship_diagnosis_to_diagnosis_modifier VALUES ('D57', 'DM34');
INSERT INTO dis_relationship_master VALUES ('995SS167', 'C7', 'S51', 'SS167', 'D57', 'DM34');
INSERT INTO dis_relationship_master VALUES ('995SS139', 'C7', 'S51', 'SS139', 'D57', 'DM34');
INSERT INTO dis_relationship_master VALUES ('995SS121', 'C7', 'S51', 'SS121', 'D57', 'DM34');
INSERT INTO dis_relationship_master VALUES ('995SS100', 'C7', 'S51', 'SS100', 'D57', 'DM34');
INSERT INTO dis_relationship_master VALUES ('995SS75', 'C7', 'S51', 'SS75', 'D57', 'DM34');
INSERT INTO dis_relationship_master VALUES ('995SS72', 'C7', 'S51', 'SS72', 'D57', 'DM34');
INSERT INTO dis_relationship_master VALUES ('995SS55', 'C7', 'S51', 'SS55', 'D57', 'DM34');
INSERT INTO dis_relationship_master VALUES ('356SS166', 'C7', 'S26', 'SS166', 'D57', 'DM34');
INSERT INTO dis_relationship_master VALUES ('356SS158', 'C7', 'S26', 'SS158', 'D57', 'DM34');
INSERT INTO dis_relationship_master VALUES ('356SS112', 'C7', 'S26', 'SS112', 'D57', 'DM34');
INSERT INTO diagnoses VALUES ('D58', 'PARAGANGLIOMA');
INSERT INTO diagnosis_modifiers VALUES ('DM92', 'UNCERTAIN MALIGNANT POTENTIAL');
INSERT INTO dis_relationship_master VALUES ('247', 'C1', 'S0', 'SS0', 'D58', 'DM92');
INSERT INTO dis_relationship_diagnosis_to_diagnosis_modifier VALUES ('D58', 'DM92');
INSERT INTO diagnoses VALUES ('D59', 'PASSIVE CONGESTION');
INSERT INTO dis_relationship_master VALUES ('1830', 'C0', 'S0', 'SS0', 'D59', 'DM2');
INSERT INTO dis_relationship_diagnosis_to_diagnosis_modifier VALUES ('D59', 'DM2');
INSERT INTO dis_relationship_master VALUES ('248', 'C2', 'S0', 'SS0', 'D59', 'DM2');
INSERT INTO diagnoses VALUES ('D60', 'PERITONITIS');
INSERT INTO dis_relationship_master VALUES ('1122SS1', 'C2', 'S45', 'SS1', 'D60', 'DM2');
INSERT INTO dis_relationship_diagnosis_to_diagnosis_modifier VALUES ('D60', 'DM2');
INSERT INTO anatomic_sites VALUES ('S19', 'OMENTUM');
INSERT INTO dis_relationship_master VALUES ('978SS1', 'C2', 'S19', 'SS1', 'D60', 'DM2');
INSERT INTO dis_relationship_site_to_subsite VALUES ('S19', 'SS1');
INSERT INTO dis_relationship_master VALUES ('2036', 'C0', 'S0', 'SS0', 'D60', 'DM2');
INSERT INTO diagnoses VALUES ('D61', 'PHEOCHROMOCYTOMA');
INSERT INTO diagnosis_modifiers VALUES ('DM93', 'ASSOCIATED GENETIC DISORDER');
INSERT INTO dis_relationship_master VALUES ('20SS105', 'C1', 'S80', 'SS105', 'D61', 'DM93');
INSERT INTO dis_relationship_diagnosis_to_diagnosis_modifier VALUES ('D61', 'DM93');
INSERT INTO dis_relationship_master VALUES ('20SS42', 'C1', 'S80', 'SS42', 'D61', 'DM93');
INSERT INTO dis_relationship_master VALUES ('21SS105', 'C1', 'S80', 'SS105', 'D61', 'DM73');
INSERT INTO dis_relationship_diagnosis_to_diagnosis_modifier VALUES ('D61', 'DM73');
INSERT INTO dis_relationship_master VALUES ('21SS42', 'C1', 'S80', 'SS42', 'D61', 'DM73');
INSERT INTO dis_relationship_master VALUES ('22SS105', 'C1', 'S80', 'SS105', 'D61', 'DM74');
INSERT INTO dis_relationship_diagnosis_to_diagnosis_modifier VALUES ('D61', 'DM74');
INSERT INTO dis_relationship_master VALUES ('22SS42', 'C1', 'S80', 'SS42', 'D61', 'DM74');
INSERT INTO diagnoses VALUES ('D62', 'PHYLLODES TUMOR');
INSERT INTO dis_relationship_master VALUES ('609SS164', 'C1', 'S20', 'SS164', 'D62', 'DM45');
INSERT INTO dis_relationship_diagnosis_to_diagnosis_modifier VALUES ('D62', 'DM45');
INSERT INTO dis_relationship_master VALUES ('609SS118', 'C1', 'S20', 'SS118', 'D62', 'DM45');
INSERT INTO dis_relationship_master VALUES ('609SS114', 'C1', 'S20', 'SS114', 'D62', 'DM45');
INSERT INTO diagnoses VALUES ('D63', 'PHYLLODES TUMOR MALIGNANT');
INSERT INTO dis_relationship_master VALUES ('1906', 'C0', 'S0', 'SS0', 'D63', 'DM2');
INSERT INTO dis_relationship_diagnosis_to_diagnosis_modifier VALUES ('D63', 'DM2');
INSERT INTO dis_relationship_master VALUES ('610SS164', 'C6', 'S20', 'SS164', 'D63', 'DM2');
INSERT INTO dis_relationship_master VALUES ('610SS118', 'C6', 'S20', 'SS118', 'D63', 'DM2');
INSERT INTO dis_relationship_master VALUES ('610SS114', 'C6', 'S20', 'SS114', 'D63', 'DM2');
INSERT INTO anatomic_sites VALUES ('S14', 'PROSTATE');
INSERT INTO subsites VALUES ('SS183', 'TRANSITIONAL ZONE');
INSERT INTO diagnoses VALUES ('D64', 'PIA (PROLIFERATIVE INFLAMMATORY ATROPHY)');
INSERT INTO dis_relationship_master VALUES ('1161SS183', 'C5', 'S14', 'SS183', 'D64', 'DM2');
INSERT INTO dis_relationship_site_to_subsite VALUES ('S14', 'SS183');
INSERT INTO dis_relationship_diagnosis_to_diagnosis_modifier VALUES ('D64', 'DM2');
INSERT INTO subsites VALUES ('SS138', 'PERIURETHRAL AREA');
INSERT INTO dis_relationship_master VALUES ('1161SS138', 'C5', 'S14', 'SS138', 'D64', 'DM2');
INSERT INTO dis_relationship_site_to_subsite VALUES ('S14', 'SS138');
INSERT INTO subsites VALUES ('SS134', 'PERIPHERAL ZONE');
INSERT INTO dis_relationship_master VALUES ('1161SS134', 'C5', 'S14', 'SS134', 'D64', 'DM2');
INSERT INTO dis_relationship_site_to_subsite VALUES ('S14', 'SS134');
INSERT INTO dis_relationship_master VALUES ('2116', 'C0', 'S0', 'SS0', 'D64', 'DM2');
INSERT INTO diagnoses VALUES ('D65', 'PIN (PROSTATIC INTRAEPITHELIAL NEOPLASIA) ANY GRADE');
INSERT INTO dis_relationship_master VALUES ('1162SS183', 'C5', 'S14', 'SS183', 'D65', 'DM2');
INSERT INTO dis_relationship_diagnosis_to_diagnosis_modifier VALUES ('D65', 'DM2');
INSERT INTO dis_relationship_master VALUES ('1162SS138', 'C5', 'S14', 'SS138', 'D65', 'DM2');
INSERT INTO dis_relationship_master VALUES ('1162SS134', 'C5', 'S14', 'SS134', 'D65', 'DM2');
INSERT INTO dis_relationship_master VALUES ('1751', 'C0', 'S0', 'SS0', 'D65', 'DM2');
INSERT INTO anatomic_sites VALUES ('S17', 'PINEAL GLAND');
INSERT INTO diagnoses VALUES ('D66', 'PINEAL BLASTOMA');
INSERT INTO dis_relationship_master VALUES ('1125SS1', 'C1', 'S17', 'SS1', 'D66', 'DM2');
INSERT INTO dis_relationship_site_to_subsite VALUES ('S17', 'SS1');
INSERT INTO dis_relationship_diagnosis_to_diagnosis_modifier VALUES ('D66', 'DM2');
INSERT INTO dis_relationship_master VALUES ('2035', 'C0', 'S0', 'SS0', 'D66', 'DM2');
INSERT INTO diagnoses VALUES ('D67', 'PINEALOMA');
INSERT INTO dis_relationship_master VALUES ('1126SS1', 'C7', 'S17', 'SS1', 'D67', 'DM2');
INSERT INTO dis_relationship_diagnosis_to_diagnosis_modifier VALUES ('D67', 'DM2');
INSERT INTO dis_relationship_master VALUES ('2137', 'C0', 'S0', 'SS0', 'D67', 'DM2');
INSERT INTO diagnoses VALUES ('D68', 'PINEOBLASTOMA');
INSERT INTO dis_relationship_master VALUES ('1127SS1', 'C6', 'S17', 'SS1', 'D68', 'DM2');
INSERT INTO dis_relationship_diagnosis_to_diagnosis_modifier VALUES ('D68', 'DM2');
INSERT INTO dis_relationship_master VALUES ('1756', 'C0', 'S0', 'SS0', 'D68', 'DM2');
INSERT INTO anatomic_sites VALUES ('S27', 'PLACENTA');
INSERT INTO diagnoses VALUES ('D69', 'PLACENTAL SITE TROPHOBLASTIC TUMOR');
INSERT INTO dis_relationship_master VALUES ('1142SS1', 'C1', 'S27', 'SS1', 'D69', 'DM2');
INSERT INTO dis_relationship_site_to_subsite VALUES ('S27', 'SS1');
INSERT INTO dis_relationship_diagnosis_to_diagnosis_modifier VALUES ('D69', 'DM2');
INSERT INTO dis_relationship_master VALUES ('2050', 'C0', 'S0', 'SS0', 'D69', 'DM2');
INSERT INTO diagnoses VALUES ('D70', 'PLEURITIS');
INSERT INTO dis_relationship_master VALUES ('1146', 'C2', 'S47', 'SS0', 'D70', 'DM2');
INSERT INTO dis_relationship_diagnosis_to_diagnosis_modifier VALUES ('D70', 'DM2');
INSERT INTO dis_relationship_master VALUES ('2135', 'C0', 'S0', 'SS0', 'D70', 'DM2');
INSERT INTO diagnoses VALUES ('D71', 'POLYCYSTIC');
INSERT INTO dis_relationship_master VALUES ('1877', 'C0', 'S0', 'SS0', 'D71', 'DM2');
INSERT INTO dis_relationship_diagnosis_to_diagnosis_modifier VALUES ('D71', 'DM2');
INSERT INTO dis_relationship_master VALUES ('843SS1', 'C7', 'S39', 'SS1', 'D71', 'DM2');
INSERT INTO dis_relationship_master VALUES ('784SS151', 'C7', 'S82', 'SS151', 'D71', 'DM2');
INSERT INTO dis_relationship_master VALUES ('784SS105', 'C7', 'S82', 'SS105', 'D71', 'DM2');
INSERT INTO dis_relationship_master VALUES ('784SS42', 'C7', 'S82', 'SS42', 'D71', 'DM2');
INSERT INTO diagnoses VALUES ('D72', 'POLYEMBRYOMA');
INSERT INTO dis_relationship_master VALUES ('1463SS1', 'C6', 'S42', 'SS1', 'D72', 'DM2');
INSERT INTO dis_relationship_diagnosis_to_diagnosis_modifier VALUES ('D72', 'DM2');
INSERT INTO dis_relationship_master VALUES ('1050SS137', 'C6', 'S35', 'SS137', 'D72', 'DM2');
INSERT INTO dis_relationship_master VALUES ('1050SS52', 'C6', 'S35', 'SS52', 'D72', 'DM2');
INSERT INTO dis_relationship_master VALUES ('1050SS80', 'C6', 'S35', 'SS80', 'D72', 'DM2');
INSERT INTO dis_relationship_master VALUES ('1050SS42', 'C6', 'S35', 'SS42', 'D72', 'DM2');
INSERT INTO dis_relationship_master VALUES ('1050SS41', 'C6', 'S35', 'SS41', 'D72', 'DM2');
INSERT INTO dis_relationship_master VALUES ('1963', 'C0', 'S0', 'SS0', 'D72', 'DM2');
INSERT INTO diagnoses VALUES ('D73', 'POLYP');
INSERT INTO dis_relationship_master VALUES ('1551SS166', 'C7', 'S70', 'SS166', 'D73', 'DM2');
INSERT INTO dis_relationship_diagnosis_to_diagnosis_modifier VALUES ('D73', 'DM2');
INSERT INTO dis_relationship_master VALUES ('1551SS136', 'C7', 'S70', 'SS136', 'D73', 'DM2');
INSERT INTO dis_relationship_master VALUES ('1551SS132', 'C7', 'S70', 'SS132', 'D73', 'DM2');
INSERT INTO dis_relationship_master VALUES ('1551SS115', 'C7', 'S70', 'SS115', 'D73', 'DM2');
INSERT INTO dis_relationship_master VALUES ('1551SS54', 'C7', 'S70', 'SS54', 'D73', 'DM2');
INSERT INTO dis_relationship_master VALUES ('2328SS166', 'C7', 'S64', 'SS166', 'D73', 'DM2');
INSERT INTO dis_relationship_master VALUES ('2319SS166', 'C7', 'S76', 'SS166', 'D73', 'DM2');
INSERT INTO dis_relationship_master VALUES ('2319SS91', 'C7', 'S76', 'SS91', 'D73', 'DM2');
INSERT INTO dis_relationship_master VALUES ('2319SS85', 'C7', 'S76', 'SS85', 'D73', 'DM2');
INSERT INTO dis_relationship_master VALUES ('2319SS84', 'C7', 'S76', 'SS84', 'D73', 'DM2');
INSERT INTO dis_relationship_master VALUES ('2319SS83', 'C7', 'S76', 'SS83', 'D73', 'DM2');
INSERT INTO dis_relationship_master VALUES ('2319SS48', 'C7', 'S76', 'SS48', 'D73', 'DM2');
INSERT INTO dis_relationship_master VALUES ('2299SS186', 'C7', 'S67', 'SS186', 'D73', 'DM2');
INSERT INTO dis_relationship_master VALUES ('2299SS185', 'C7', 'S67', 'SS185', 'D73', 'DM2');
INSERT INTO dis_relationship_master VALUES ('2299SS184', 'C7', 'S67', 'SS184', 'D73', 'DM2');
INSERT INTO dis_relationship_master VALUES ('2299SS166', 'C7', 'S67', 'SS166', 'D73', 'DM2');
INSERT INTO dis_relationship_master VALUES ('2299SS161', 'C7', 'S67', 'SS161', 'D73', 'DM2');
INSERT INTO dis_relationship_master VALUES ('2299SS45', 'C7', 'S67', 'SS45', 'D73', 'DM2');
INSERT INTO dis_relationship_master VALUES ('2299SS36', 'C7', 'S67', 'SS36', 'D73', 'DM2');
INSERT INTO dis_relationship_master VALUES ('2299SS27', 'C7', 'S67', 'SS27', 'D73', 'DM2');
INSERT INTO dis_relationship_master VALUES ('2299SS10', 'C7', 'S67', 'SS10', 'D73', 'DM2');
INSERT INTO anatomic_sites VALUES ('S100', 'STOMACH');
INSERT INTO dis_relationship_master VALUES ('2293SS166', 'C7', 'S100', 'SS166', 'D73', 'DM2');
INSERT INTO dis_relationship_site_to_subsite VALUES ('S100', 'SS166');
INSERT INTO subsites VALUES ('SS147', 'PYLORUS');
INSERT INTO dis_relationship_master VALUES ('2293SS147', 'C7', 'S100', 'SS147', 'D73', 'DM2');
INSERT INTO dis_relationship_site_to_subsite VALUES ('S100', 'SS147');
INSERT INTO subsites VALUES ('SS145', 'PYLORIC SPHINCTER');
INSERT INTO dis_relationship_master VALUES ('2293SS145', 'C7', 'S100', 'SS145', 'D73', 'DM2');
INSERT INTO dis_relationship_site_to_subsite VALUES ('S100', 'SS145');
INSERT INTO subsites VALUES ('SS68', 'FUNDUS');
INSERT INTO dis_relationship_master VALUES ('2293SS68', 'C7', 'S100', 'SS68', 'D73', 'DM2');
INSERT INTO dis_relationship_site_to_subsite VALUES ('S100', 'SS68');
INSERT INTO subsites VALUES ('SS5', 'ANTRUM');
INSERT INTO dis_relationship_master VALUES ('2293SS5', 'C7', 'S100', 'SS5', 'D73', 'DM2');
INSERT INTO dis_relationship_site_to_subsite VALUES ('S100', 'SS5');
INSERT INTO subsites VALUES ('SS24', 'CARDIA');
INSERT INTO dis_relationship_master VALUES ('2293SS24', 'C7', 'S100', 'SS24', 'D73', 'DM2');
INSERT INTO dis_relationship_site_to_subsite VALUES ('S100', 'SS24');
INSERT INTO dis_relationship_master VALUES ('2143', 'C0', 'S0', 'SS0', 'D73', 'DM2');
INSERT INTO diagnosis_modifiers VALUES ('DM94', 'FUNDIC GLAND');
INSERT INTO dis_relationship_master VALUES ('1439SS166', 'C7', 'S100', 'SS166', 'D73', 'DM94');
INSERT INTO dis_relationship_diagnosis_to_diagnosis_modifier VALUES ('D73', 'DM94');
INSERT INTO dis_relationship_master VALUES ('1439SS147', 'C7', 'S100', 'SS147', 'D73', 'DM94');
INSERT INTO dis_relationship_master VALUES ('1439SS145', 'C7', 'S100', 'SS145', 'D73', 'DM94');
INSERT INTO dis_relationship_master VALUES ('1439SS68', 'C7', 'S100', 'SS68', 'D73', 'DM94');
INSERT INTO dis_relationship_master VALUES ('1439SS5', 'C7', 'S100', 'SS5', 'D73', 'DM94');
INSERT INTO dis_relationship_master VALUES ('1439SS24', 'C7', 'S100', 'SS24', 'D73', 'DM94');
INSERT INTO diagnosis_modifiers VALUES ('DM95', 'HAMARTOMATOUS');
INSERT INTO dis_relationship_master VALUES ('670SS186', 'C7', 'S67', 'SS186', 'D73', 'DM95');
INSERT INTO dis_relationship_diagnosis_to_diagnosis_modifier VALUES ('D73', 'DM95');
INSERT INTO dis_relationship_master VALUES ('670SS185', 'C7', 'S67', 'SS185', 'D73', 'DM95');
INSERT INTO dis_relationship_master VALUES ('670SS184', 'C7', 'S67', 'SS184', 'D73', 'DM95');
INSERT INTO dis_relationship_master VALUES ('670SS166', 'C7', 'S67', 'SS166', 'D73', 'DM95');
INSERT INTO dis_relationship_master VALUES ('670SS161', 'C7', 'S67', 'SS161', 'D73', 'DM95');
INSERT INTO dis_relationship_master VALUES ('670SS45', 'C7', 'S67', 'SS45', 'D73', 'DM95');
INSERT INTO dis_relationship_master VALUES ('670SS36', 'C7', 'S67', 'SS36', 'D73', 'DM95');
INSERT INTO dis_relationship_master VALUES ('670SS27', 'C7', 'S67', 'SS27', 'D73', 'DM95');
INSERT INTO dis_relationship_master VALUES ('670SS10', 'C7', 'S67', 'SS10', 'D73', 'DM95');
INSERT INTO diagnosis_modifiers VALUES ('DM96', 'HYPERPLASTIC');
INSERT INTO dis_relationship_master VALUES ('1440SS166', 'C7', 'S100', 'SS166', 'D73', 'DM96');
INSERT INTO dis_relationship_diagnosis_to_diagnosis_modifier VALUES ('D73', 'DM96');
INSERT INTO dis_relationship_master VALUES ('1440SS147', 'C7', 'S100', 'SS147', 'D73', 'DM96');
INSERT INTO dis_relationship_master VALUES ('1440SS145', 'C7', 'S100', 'SS145', 'D73', 'DM96');
INSERT INTO dis_relationship_master VALUES ('1440SS68', 'C7', 'S100', 'SS68', 'D73', 'DM96');
INSERT INTO dis_relationship_master VALUES ('1440SS5', 'C7', 'S100', 'SS5', 'D73', 'DM96');
INSERT INTO dis_relationship_master VALUES ('1440SS24', 'C7', 'S100', 'SS24', 'D73', 'DM96');
INSERT INTO dis_relationship_master VALUES ('1184SS166', 'C7', 'S64', 'SS166', 'D73', 'DM96');
INSERT INTO dis_relationship_master VALUES ('671SS186', 'C7', 'S67', 'SS186', 'D73', 'DM96');
INSERT INTO dis_relationship_master VALUES ('671SS185', 'C7', 'S67', 'SS185', 'D73', 'DM96');
INSERT INTO dis_relationship_master VALUES ('671SS184', 'C7', 'S67', 'SS184', 'D73', 'DM96');
INSERT INTO dis_relationship_master VALUES ('671SS166', 'C7', 'S67', 'SS166', 'D73', 'DM96');
INSERT INTO dis_relationship_master VALUES ('671SS161', 'C7', 'S67', 'SS161', 'D73', 'DM96');
INSERT INTO dis_relationship_master VALUES ('671SS45', 'C7', 'S67', 'SS45', 'D73', 'DM96');
INSERT INTO dis_relationship_master VALUES ('671SS36', 'C7', 'S67', 'SS36', 'D73', 'DM96');
INSERT INTO dis_relationship_master VALUES ('671SS27', 'C7', 'S67', 'SS27', 'D73', 'DM96');
INSERT INTO dis_relationship_master VALUES ('671SS10', 'C7', 'S67', 'SS10', 'D73', 'DM96');
INSERT INTO diagnosis_modifiers VALUES ('DM97', 'INFLAMMATORY');
INSERT INTO dis_relationship_master VALUES ('1185SS166', 'C7', 'S64', 'SS166', 'D73', 'DM97');
INSERT INTO dis_relationship_diagnosis_to_diagnosis_modifier VALUES ('D73', 'DM97');
INSERT INTO dis_relationship_master VALUES ('1330SS166', 'C7', 'S76', 'SS166', 'D73', 'DM97');
INSERT INTO dis_relationship_master VALUES ('1330SS91', 'C7', 'S76', 'SS91', 'D73', 'DM97');
INSERT INTO dis_relationship_master VALUES ('1330SS85', 'C7', 'S76', 'SS85', 'D73', 'DM97');
INSERT INTO dis_relationship_master VALUES ('1330SS84', 'C7', 'S76', 'SS84', 'D73', 'DM97');
INSERT INTO dis_relationship_master VALUES ('1330SS83', 'C7', 'S76', 'SS83', 'D73', 'DM97');
INSERT INTO dis_relationship_master VALUES ('1330SS48', 'C7', 'S76', 'SS48', 'D73', 'DM97');
INSERT INTO dis_relationship_master VALUES ('672SS186', 'C7', 'S67', 'SS186', 'D73', 'DM97');
INSERT INTO dis_relationship_master VALUES ('672SS185', 'C7', 'S67', 'SS185', 'D73', 'DM97');
INSERT INTO dis_relationship_master VALUES ('672SS184', 'C7', 'S67', 'SS184', 'D73', 'DM97');
INSERT INTO dis_relationship_master VALUES ('672SS166', 'C7', 'S67', 'SS166', 'D73', 'DM97');
INSERT INTO dis_relationship_master VALUES ('672SS161', 'C7', 'S67', 'SS161', 'D73', 'DM97');
INSERT INTO dis_relationship_master VALUES ('672SS45', 'C7', 'S67', 'SS45', 'D73', 'DM97');
INSERT INTO dis_relationship_master VALUES ('672SS36', 'C7', 'S67', 'SS36', 'D73', 'DM97');
INSERT INTO dis_relationship_master VALUES ('672SS27', 'C7', 'S67', 'SS27', 'D73', 'DM97');
INSERT INTO dis_relationship_master VALUES ('672SS10', 'C7', 'S67', 'SS10', 'D73', 'DM97');
INSERT INTO diagnosis_modifiers VALUES ('DM98', 'JUVENILE');
INSERT INTO dis_relationship_master VALUES ('1186SS166', 'C7', 'S64', 'SS166', 'D73', 'DM98');
INSERT INTO dis_relationship_diagnosis_to_diagnosis_modifier VALUES ('D73', 'DM98');
INSERT INTO dis_relationship_master VALUES ('673SS186', 'C7', 'S67', 'SS186', 'D73', 'DM98');
INSERT INTO dis_relationship_master VALUES ('673SS185', 'C7', 'S67', 'SS185', 'D73', 'DM98');
INSERT INTO dis_relationship_master VALUES ('673SS184', 'C7', 'S67', 'SS184', 'D73', 'DM98');
INSERT INTO dis_relationship_master VALUES ('673SS166', 'C7', 'S67', 'SS166', 'D73', 'DM98');
INSERT INTO dis_relationship_master VALUES ('673SS161', 'C7', 'S67', 'SS161', 'D73', 'DM98');
INSERT INTO dis_relationship_master VALUES ('673SS45', 'C7', 'S67', 'SS45', 'D73', 'DM98');
INSERT INTO dis_relationship_master VALUES ('673SS36', 'C7', 'S67', 'SS36', 'D73', 'DM98');
INSERT INTO dis_relationship_master VALUES ('673SS27', 'C7', 'S67', 'SS27', 'D73', 'DM98');
INSERT INTO dis_relationship_master VALUES ('673SS10', 'C7', 'S67', 'SS10', 'D73', 'DM98');
INSERT INTO diagnosis_modifiers VALUES ('DM99', 'PEUTZ-JEGHERS SYNDROME');
INSERT INTO dis_relationship_master VALUES ('1331SS166', 'C7', 'S76', 'SS166', 'D73', 'DM99');
INSERT INTO dis_relationship_diagnosis_to_diagnosis_modifier VALUES ('D73', 'DM99');
INSERT INTO dis_relationship_master VALUES ('1331SS91', 'C7', 'S76', 'SS91', 'D73', 'DM99');
INSERT INTO dis_relationship_master VALUES ('1331SS85', 'C7', 'S76', 'SS85', 'D73', 'DM99');
INSERT INTO dis_relationship_master VALUES ('1331SS84', 'C7', 'S76', 'SS84', 'D73', 'DM99');
INSERT INTO dis_relationship_master VALUES ('1331SS83', 'C7', 'S76', 'SS83', 'D73', 'DM99');
INSERT INTO dis_relationship_master VALUES ('1331SS48', 'C7', 'S76', 'SS48', 'D73', 'DM99');
INSERT INTO dis_relationship_master VALUES ('1187SS166', 'C7', 'S64', 'SS166', 'D73', 'DM99');
INSERT INTO dis_relationship_master VALUES ('674SS186', 'C7', 'S67', 'SS186', 'D73', 'DM99');
INSERT INTO dis_relationship_master VALUES ('674SS185', 'C7', 'S67', 'SS185', 'D73', 'DM99');
INSERT INTO dis_relationship_master VALUES ('674SS184', 'C7', 'S67', 'SS184', 'D73', 'DM99');
INSERT INTO dis_relationship_master VALUES ('674SS166', 'C7', 'S67', 'SS166', 'D73', 'DM99');
INSERT INTO dis_relationship_master VALUES ('674SS161', 'C7', 'S67', 'SS161', 'D73', 'DM99');
INSERT INTO dis_relationship_master VALUES ('674SS45', 'C7', 'S67', 'SS45', 'D73', 'DM99');
INSERT INTO dis_relationship_master VALUES ('674SS36', 'C7', 'S67', 'SS36', 'D73', 'DM99');
INSERT INTO dis_relationship_master VALUES ('674SS27', 'C7', 'S67', 'SS27', 'D73', 'DM99');
INSERT INTO dis_relationship_master VALUES ('674SS10', 'C7', 'S67', 'SS10', 'D73', 'DM99');
INSERT INTO diagnoses VALUES ('D74', 'POLYP WITHOUT DYSPLASIA');
INSERT INTO dis_relationship_master VALUES ('1188SS166', 'C7', 'S64', 'SS166', 'D74', 'DM2');
INSERT INTO dis_relationship_diagnosis_to_diagnosis_modifier VALUES ('D74', 'DM2');
INSERT INTO dis_relationship_master VALUES ('1831', 'C0', 'S0', 'SS0', 'D74', 'DM2');
INSERT INTO diagnoses VALUES ('D75', 'POLYP ALLERGIC');
INSERT INTO dis_relationship_master VALUES ('968SS1', 'C5', 'S72', 'SS1', 'D75', 'DM2');
INSERT INTO dis_relationship_diagnosis_to_diagnosis_modifier VALUES ('D75', 'DM2');
INSERT INTO dis_relationship_master VALUES ('2153', 'C0', 'S0', 'SS0', 'D75', 'DM2');
INSERT INTO diagnoses VALUES ('D76', 'POLYP/ADENOMA');
INSERT INTO dis_relationship_master VALUES ('2288SS197', 'C7', 'S84', 'SS197', 'D76', 'DM2');
INSERT INTO dis_relationship_diagnosis_to_diagnosis_modifier VALUES ('D76', 'DM2');
INSERT INTO dis_relationship_master VALUES ('2288SS113', 'C7', 'S84', 'SS113', 'D76', 'DM2');
INSERT INTO dis_relationship_master VALUES ('1817', 'C0', 'S0', 'SS0', 'D76', 'DM2');
INSERT INTO dis_relationship_master VALUES ('42SS1', 'C5', 'S6', 'SS1', 'D76', 'DM2');
INSERT INTO dis_relationship_master VALUES ('807SS197', 'C7', 'S84', 'SS197', 'D76', 'DM98');
INSERT INTO dis_relationship_diagnosis_to_diagnosis_modifier VALUES ('D76', 'DM98');
INSERT INTO dis_relationship_master VALUES ('807SS113', 'C7', 'S84', 'SS113', 'D76', 'DM98');
INSERT INTO diagnosis_modifiers VALUES ('DM100', 'SINGERS NODULE');
INSERT INTO dis_relationship_master VALUES ('808SS197', 'C7', 'S84', 'SS197', 'D76', 'DM100');
INSERT INTO dis_relationship_diagnosis_to_diagnosis_modifier VALUES ('D76', 'DM100');
INSERT INTO dis_relationship_master VALUES ('808SS113', 'C7', 'S84', 'SS113', 'D76', 'DM100');
INSERT INTO diagnoses VALUES ('D77', 'POROMA');
INSERT INTO dis_relationship_master VALUES ('1272SS157', 'C7', 'S1', 'SS157', 'D77', 'DM2');
INSERT INTO dis_relationship_diagnosis_to_diagnosis_modifier VALUES ('D77', 'DM2');
INSERT INTO dis_relationship_master VALUES ('1272SS156', 'C7', 'S1', 'SS156', 'D77', 'DM2');
INSERT INTO dis_relationship_master VALUES ('1272SS98', 'C7', 'S1', 'SS98', 'D77', 'DM2');
INSERT INTO dis_relationship_master VALUES ('1272SS73', 'C7', 'S1', 'SS73', 'D77', 'DM2');
INSERT INTO dis_relationship_master VALUES ('1272SS66', 'C7', 'S1', 'SS66', 'D77', 'DM2');
INSERT INTO dis_relationship_master VALUES ('1272SS65', 'C7', 'S1', 'SS65', 'D77', 'DM2');
INSERT INTO dis_relationship_master VALUES ('1272SS57', 'C7', 'S1', 'SS57', 'D77', 'DM2');
INSERT INTO dis_relationship_master VALUES ('1272SS19', 'C7', 'S1', 'SS19', 'D77', 'DM2');
INSERT INTO dis_relationship_master VALUES ('1272SS8', 'C7', 'S1', 'SS8', 'D77', 'DM2');
INSERT INTO dis_relationship_master VALUES ('1272SS2', 'C7', 'S1', 'SS2', 'D77', 'DM2');
INSERT INTO dis_relationship_master VALUES ('1847', 'C0', 'S0', 'SS0', 'D77', 'DM2');
INSERT INTO diagnoses VALUES ('D78', 'PORPHRYIAS');
INSERT INTO dis_relationship_master VALUES ('2017', 'C0', 'S0', 'SS0', 'D78', 'DM2');
INSERT INTO dis_relationship_diagnosis_to_diagnosis_modifier VALUES ('D78', 'DM2');
INSERT INTO dis_relationship_master VALUES ('249', 'C2', 'S0', 'SS0', 'D78', 'DM2');
INSERT INTO diagnoses VALUES ('D79', 'POST-TRANSPLANT LYMPHOPROLIFERATIVE DISORDER');
INSERT INTO dis_relationship_master VALUES ('996SS181', 'C6', 'S51', 'SS181', 'D79', 'DM2');
INSERT INTO dis_relationship_diagnosis_to_diagnosis_modifier VALUES ('D79', 'DM2');
INSERT INTO dis_relationship_master VALUES ('996SS167', 'C6', 'S51', 'SS167', 'D79', 'DM2');
INSERT INTO dis_relationship_master VALUES ('996SS139', 'C6', 'S51', 'SS139', 'D79', 'DM2');
INSERT INTO dis_relationship_master VALUES ('996SS121', 'C6', 'S51', 'SS121', 'D79', 'DM2');
INSERT INTO dis_relationship_master VALUES ('996SS100', 'C6', 'S51', 'SS100', 'D79', 'DM2');
INSERT INTO dis_relationship_master VALUES ('996SS75', 'C6', 'S51', 'SS75', 'D79', 'DM2');
INSERT INTO dis_relationship_master VALUES ('996SS72', 'C6', 'S51', 'SS72', 'D79', 'DM2');
INSERT INTO dis_relationship_master VALUES ('996SS55', 'C6', 'S51', 'SS55', 'D79', 'DM2');
INSERT INTO dis_relationship_master VALUES ('2113', 'C0', 'S0', 'SS0', 'D79', 'DM2');
INSERT INTO anatomic_sites VALUES ('S2', 'SOFT TISSUE');
INSERT INTO diagnoses VALUES ('D80', 'PSEUDO-TUMOR');
INSERT INTO dis_relationship_master VALUES ('2335SS1', 'C7', 'S2', 'SS1', 'D80', 'DM2');
INSERT INTO dis_relationship_site_to_subsite VALUES ('S2', 'SS1');
INSERT INTO dis_relationship_diagnosis_to_diagnosis_modifier VALUES ('D80', 'DM2');
INSERT INTO dis_relationship_master VALUES ('1750', 'C0', 'S0', 'SS0', 'D80', 'DM2');
INSERT INTO dis_relationship_master VALUES ('675SS186', 'C2', 'S67', 'SS186', 'D80', 'DM2');
INSERT INTO dis_relationship_master VALUES ('675SS185', 'C2', 'S67', 'SS185', 'D80', 'DM2');
INSERT INTO dis_relationship_master VALUES ('675SS184', 'C2', 'S67', 'SS184', 'D80', 'DM2');
INSERT INTO dis_relationship_master VALUES ('675SS166', 'C2', 'S67', 'SS166', 'D80', 'DM2');
INSERT INTO dis_relationship_master VALUES ('675SS161', 'C2', 'S67', 'SS161', 'D80', 'DM2');
INSERT INTO dis_relationship_master VALUES ('675SS45', 'C2', 'S67', 'SS45', 'D80', 'DM2');
INSERT INTO dis_relationship_master VALUES ('675SS36', 'C2', 'S67', 'SS36', 'D80', 'DM2');
INSERT INTO dis_relationship_master VALUES ('675SS27', 'C2', 'S67', 'SS27', 'D80', 'DM2');
INSERT INTO dis_relationship_master VALUES ('675SS10', 'C2', 'S67', 'SS10', 'D80', 'DM2');
INSERT INTO anatomic_sites VALUES ('S60', 'APPENDIX');
INSERT INTO dis_relationship_master VALUES ('305SS166', 'C2', 'S60', 'SS166', 'D80', 'DM2');
INSERT INTO dis_relationship_site_to_subsite VALUES ('S60', 'SS166');
INSERT INTO dis_relationship_master VALUES ('1342SS1', 'C7', 'S2', 'SS1', 'D80', 'DM97');
INSERT INTO dis_relationship_diagnosis_to_diagnosis_modifier VALUES ('D80', 'DM97');
INSERT INTO diagnoses VALUES ('D81', 'PSEUDOCARCINOMATOUS/ PSEUDOEPITHELIOMATOUS');
INSERT INTO dis_relationship_master VALUES ('1273SS157', 'C7', 'S1', 'SS157', 'D81', 'DM2');
INSERT INTO dis_relationship_diagnosis_to_diagnosis_modifier VALUES ('D81', 'DM2');
INSERT INTO dis_relationship_master VALUES ('1273SS156', 'C7', 'S1', 'SS156', 'D81', 'DM2');
INSERT INTO dis_relationship_master VALUES ('1273SS98', 'C7', 'S1', 'SS98', 'D81', 'DM2');
INSERT INTO dis_relationship_master VALUES ('1273SS73', 'C7', 'S1', 'SS73', 'D81', 'DM2');
INSERT INTO dis_relationship_master VALUES ('1273SS66', 'C7', 'S1', 'SS66', 'D81', 'DM2');
INSERT INTO dis_relationship_master VALUES ('1273SS65', 'C7', 'S1', 'SS65', 'D81', 'DM2');
INSERT INTO dis_relationship_master VALUES ('1273SS57', 'C7', 'S1', 'SS57', 'D81', 'DM2');
INSERT INTO dis_relationship_master VALUES ('1273SS19', 'C7', 'S1', 'SS19', 'D81', 'DM2');
INSERT INTO dis_relationship_master VALUES ('1273SS8', 'C7', 'S1', 'SS8', 'D81', 'DM2');
INSERT INTO dis_relationship_master VALUES ('1273SS2', 'C7', 'S1', 'SS2', 'D81', 'DM2');
INSERT INTO dis_relationship_master VALUES ('2133', 'C0', 'S0', 'SS0', 'D81', 'DM2');
INSERT INTO diagnoses VALUES ('D82', 'PSEUDOCYST');
INSERT INTO dis_relationship_master VALUES ('1101SS175', 'C2', 'S24', 'SS175', 'D82', 'DM2');
INSERT INTO dis_relationship_diagnosis_to_diagnosis_modifier VALUES ('D82', 'DM2');
INSERT INTO dis_relationship_master VALUES ('1101SS123', 'C2', 'S24', 'SS123', 'D82', 'DM2');
INSERT INTO dis_relationship_master VALUES ('1881', 'C0', 'S0', 'SS0', 'D82', 'DM2');
INSERT INTO anatomic_sites VALUES ('S88', 'VEIN');
INSERT INTO subsites VALUES ('SS173', 'SUPERIOR VENA CAVA');
INSERT INTO diagnoses VALUES ('D83', 'PSEUDOMONAS RELATED VASCULITIS');
INSERT INTO dis_relationship_master VALUES ('1589SS173', 'C2', 'S88', 'SS173', 'D83', 'DM2');
INSERT INTO dis_relationship_site_to_subsite VALUES ('S88', 'SS173');
INSERT INTO dis_relationship_diagnosis_to_diagnosis_modifier VALUES ('D83', 'DM2');
INSERT INTO dis_relationship_master VALUES ('1589SS150', 'C2', 'S88', 'SS150', 'D83', 'DM2');
INSERT INTO dis_relationship_site_to_subsite VALUES ('S88', 'SS150');
INSERT INTO subsites VALUES ('SS93', 'JUGULAR');
INSERT INTO dis_relationship_master VALUES ('1589SS93', 'C2', 'S88', 'SS93', 'D83', 'DM2');
INSERT INTO dis_relationship_site_to_subsite VALUES ('S88', 'SS93');
INSERT INTO subsites VALUES ('SS87', 'INFERIOR VENA CAVA');
INSERT INTO dis_relationship_master VALUES ('1589SS87', 'C2', 'S88', 'SS87', 'D83', 'DM2');
INSERT INTO dis_relationship_site_to_subsite VALUES ('S88', 'SS87');
INSERT INTO subsites VALUES ('SS58', 'FEMORAL');
INSERT INTO dis_relationship_master VALUES ('1589SS58', 'C2', 'S88', 'SS58', 'D83', 'DM2');
INSERT INTO dis_relationship_site_to_subsite VALUES ('S88', 'SS58');
INSERT INTO dis_relationship_master VALUES ('1978', 'C0', 'S0', 'SS0', 'D83', 'DM2');
INSERT INTO anatomic_sites VALUES ('S9', 'ARTERY');
INSERT INTO subsites VALUES ('SS194', 'VERTEBRAL');
INSERT INTO dis_relationship_master VALUES ('330SS194', 'C2', 'S9', 'SS194', 'D83', 'DM2');
INSERT INTO dis_relationship_site_to_subsite VALUES ('S9', 'SS194');
INSERT INTO dis_relationship_master VALUES ('330SS166', 'C2', 'S9', 'SS166', 'D83', 'DM2');
INSERT INTO dis_relationship_site_to_subsite VALUES ('S9', 'SS166');
INSERT INTO dis_relationship_master VALUES ('330SS150', 'C2', 'S9', 'SS150', 'D83', 'DM2');
INSERT INTO dis_relationship_site_to_subsite VALUES ('S9', 'SS150');
INSERT INTO subsites VALUES ('SS143', 'PULMONARY');
INSERT INTO dis_relationship_master VALUES ('330SS143', 'C2', 'S9', 'SS143', 'D83', 'DM2');
INSERT INTO dis_relationship_site_to_subsite VALUES ('S9', 'SS143');
INSERT INTO subsites VALUES ('SS30', 'CEREBRAL');
INSERT INTO dis_relationship_master VALUES ('330SS30', 'C2', 'S9', 'SS30', 'D83', 'DM2');
INSERT INTO dis_relationship_site_to_subsite VALUES ('S9', 'SS30');
INSERT INTO subsites VALUES ('SS28', 'CEREBELLAR');
INSERT INTO dis_relationship_master VALUES ('330SS28', 'C2', 'S9', 'SS28', 'D83', 'DM2');
INSERT INTO dis_relationship_site_to_subsite VALUES ('S9', 'SS28');
INSERT INTO subsites VALUES ('SS26', 'CAROTID');
INSERT INTO dis_relationship_master VALUES ('330SS26', 'C2', 'S9', 'SS26', 'D83', 'DM2');
INSERT INTO dis_relationship_site_to_subsite VALUES ('S9', 'SS26');
INSERT INTO subsites VALUES ('SS6', 'AORTA');
INSERT INTO dis_relationship_master VALUES ('330SS6', 'C2', 'S9', 'SS6', 'D83', 'DM2');
INSERT INTO dis_relationship_site_to_subsite VALUES ('S9', 'SS6');
INSERT INTO diagnoses VALUES ('D84', 'PULMONARY BLASTOMA');
INSERT INTO dis_relationship_master VALUES ('883SS125', 'C6', 'S94', 'SS125', 'D84', 'DM2');
INSERT INTO dis_relationship_diagnosis_to_diagnosis_modifier VALUES ('D84', 'DM2');
INSERT INTO dis_relationship_master VALUES ('1937', 'C0', 'S0', 'SS0', 'D84', 'DM2');
INSERT INTO diagnoses VALUES ('D85', 'PULMONARY DISORDERS');
INSERT INTO diagnosis_modifiers VALUES ('DM101', 'ALVEOLAR PROTEINOSIS');
INSERT INTO dis_relationship_master VALUES ('1590SS173', 'C2', 'S88', 'SS173', 'D85', 'DM101');
INSERT INTO dis_relationship_diagnosis_to_diagnosis_modifier VALUES ('D85', 'DM101');
INSERT INTO dis_relationship_master VALUES ('1590SS150', 'C2', 'S88', 'SS150', 'D85', 'DM101');
INSERT INTO dis_relationship_master VALUES ('1590SS93', 'C2', 'S88', 'SS93', 'D85', 'DM101');
INSERT INTO dis_relationship_master VALUES ('1590SS87', 'C2', 'S88', 'SS87', 'D85', 'DM101');
INSERT INTO dis_relationship_master VALUES ('1590SS58', 'C2', 'S88', 'SS58', 'D85', 'DM101');
INSERT INTO dis_relationship_master VALUES ('884SS125', 'C2', 'S94', 'SS125', 'D85', 'DM101');
INSERT INTO dis_relationship_master VALUES ('331SS194', 'C2', 'S9', 'SS194', 'D85', 'DM101');
INSERT INTO dis_relationship_master VALUES ('331SS166', 'C2', 'S9', 'SS166', 'D85', 'DM101');
INSERT INTO dis_relationship_master VALUES ('331SS150', 'C2', 'S9', 'SS150', 'D85', 'DM101');
INSERT INTO dis_relationship_master VALUES ('331SS143', 'C2', 'S9', 'SS143', 'D85', 'DM101');
INSERT INTO dis_relationship_master VALUES ('331SS30', 'C2', 'S9', 'SS30', 'D85', 'DM101');
INSERT INTO dis_relationship_master VALUES ('331SS28', 'C2', 'S9', 'SS28', 'D85', 'DM101');
INSERT INTO dis_relationship_master VALUES ('331SS26', 'C2', 'S9', 'SS26', 'D85', 'DM101');
INSERT INTO dis_relationship_master VALUES ('331SS6', 'C2', 'S9', 'SS6', 'D85', 'DM101');
INSERT INTO diagnosis_modifiers VALUES ('DM102', 'ASBESTOSIS');
INSERT INTO dis_relationship_master VALUES ('1591SS173', 'C2', 'S88', 'SS173', 'D85', 'DM102');
INSERT INTO dis_relationship_diagnosis_to_diagnosis_modifier VALUES ('D85', 'DM102');
INSERT INTO dis_relationship_master VALUES ('1591SS150', 'C2', 'S88', 'SS150', 'D85', 'DM102');
INSERT INTO dis_relationship_master VALUES ('1591SS93', 'C2', 'S88', 'SS93', 'D85', 'DM102');
INSERT INTO dis_relationship_master VALUES ('1591SS87', 'C2', 'S88', 'SS87', 'D85', 'DM102');
INSERT INTO dis_relationship_master VALUES ('1591SS58', 'C2', 'S88', 'SS58', 'D85', 'DM102');
INSERT INTO dis_relationship_master VALUES ('885SS125', 'C2', 'S94', 'SS125', 'D85', 'DM102');
INSERT INTO dis_relationship_master VALUES ('332SS194', 'C2', 'S9', 'SS194', 'D85', 'DM102');
INSERT INTO dis_relationship_master VALUES ('332SS166', 'C2', 'S9', 'SS166', 'D85', 'DM102');
INSERT INTO dis_relationship_master VALUES ('332SS150', 'C2', 'S9', 'SS150', 'D85', 'DM102');
INSERT INTO dis_relationship_master VALUES ('332SS143', 'C2', 'S9', 'SS143', 'D85', 'DM102');
INSERT INTO dis_relationship_master VALUES ('332SS30', 'C2', 'S9', 'SS30', 'D85', 'DM102');
INSERT INTO dis_relationship_master VALUES ('332SS28', 'C2', 'S9', 'SS28', 'D85', 'DM102');
INSERT INTO dis_relationship_master VALUES ('332SS26', 'C2', 'S9', 'SS26', 'D85', 'DM102');
INSERT INTO dis_relationship_master VALUES ('332SS6', 'C2', 'S9', 'SS6', 'D85', 'DM102');
INSERT INTO diagnosis_modifiers VALUES ('DM103', 'ASTHMA');
INSERT INTO dis_relationship_master VALUES ('1592SS173', 'C2', 'S88', 'SS173', 'D85', 'DM103');
INSERT INTO dis_relationship_diagnosis_to_diagnosis_modifier VALUES ('D85', 'DM103');
INSERT INTO dis_relationship_master VALUES ('1592SS150', 'C2', 'S88', 'SS150', 'D85', 'DM103');
INSERT INTO dis_relationship_master VALUES ('1592SS93', 'C2', 'S88', 'SS93', 'D85', 'DM103');
INSERT INTO dis_relationship_master VALUES ('1592SS87', 'C2', 'S88', 'SS87', 'D85', 'DM103');
INSERT INTO dis_relationship_master VALUES ('1592SS58', 'C2', 'S88', 'SS58', 'D85', 'DM103');
INSERT INTO dis_relationship_master VALUES ('886SS125', 'C2', 'S94', 'SS125', 'D85', 'DM103');
INSERT INTO dis_relationship_master VALUES ('333SS194', 'C2', 'S9', 'SS194', 'D85', 'DM103');
INSERT INTO dis_relationship_master VALUES ('333SS166', 'C2', 'S9', 'SS166', 'D85', 'DM103');
INSERT INTO dis_relationship_master VALUES ('333SS150', 'C2', 'S9', 'SS150', 'D85', 'DM103');
INSERT INTO dis_relationship_master VALUES ('333SS143', 'C2', 'S9', 'SS143', 'D85', 'DM103');
INSERT INTO dis_relationship_master VALUES ('333SS30', 'C2', 'S9', 'SS30', 'D85', 'DM103');
INSERT INTO dis_relationship_master VALUES ('333SS28', 'C2', 'S9', 'SS28', 'D85', 'DM103');
INSERT INTO dis_relationship_master VALUES ('333SS26', 'C2', 'S9', 'SS26', 'D85', 'DM103');
INSERT INTO dis_relationship_master VALUES ('333SS6', 'C2', 'S9', 'SS6', 'D85', 'DM103');
INSERT INTO diagnosis_modifiers VALUES ('DM104', 'BRONCHIECTASIS');
INSERT INTO dis_relationship_master VALUES ('1593SS173', 'C2', 'S88', 'SS173', 'D85', 'DM104');
INSERT INTO dis_relationship_diagnosis_to_diagnosis_modifier VALUES ('D85', 'DM104');
INSERT INTO dis_relationship_master VALUES ('1593SS150', 'C2', 'S88', 'SS150', 'D85', 'DM104');
INSERT INTO dis_relationship_master VALUES ('1593SS93', 'C2', 'S88', 'SS93', 'D85', 'DM104');
INSERT INTO dis_relationship_master VALUES ('1593SS87', 'C2', 'S88', 'SS87', 'D85', 'DM104');
INSERT INTO dis_relationship_master VALUES ('1593SS58', 'C2', 'S88', 'SS58', 'D85', 'DM104');
INSERT INTO dis_relationship_master VALUES ('887SS125', 'C2', 'S94', 'SS125', 'D85', 'DM104');
INSERT INTO dis_relationship_master VALUES ('334SS194', 'C2', 'S9', 'SS194', 'D85', 'DM104');
INSERT INTO dis_relationship_master VALUES ('334SS166', 'C2', 'S9', 'SS166', 'D85', 'DM104');
INSERT INTO dis_relationship_master VALUES ('334SS150', 'C2', 'S9', 'SS150', 'D85', 'DM104');
INSERT INTO dis_relationship_master VALUES ('334SS143', 'C2', 'S9', 'SS143', 'D85', 'DM104');
INSERT INTO dis_relationship_master VALUES ('334SS30', 'C2', 'S9', 'SS30', 'D85', 'DM104');
INSERT INTO dis_relationship_master VALUES ('334SS28', 'C2', 'S9', 'SS28', 'D85', 'DM104');
INSERT INTO dis_relationship_master VALUES ('334SS26', 'C2', 'S9', 'SS26', 'D85', 'DM104');
INSERT INTO dis_relationship_master VALUES ('334SS6', 'C2', 'S9', 'SS6', 'D85', 'DM104');
INSERT INTO diagnosis_modifiers VALUES ('DM105', 'BRONCHIECTASIS - KARTAGENERS SYNDROME');
INSERT INTO dis_relationship_master VALUES ('1594SS173', 'C2', 'S88', 'SS173', 'D85', 'DM105');
INSERT INTO dis_relationship_diagnosis_to_diagnosis_modifier VALUES ('D85', 'DM105');
INSERT INTO dis_relationship_master VALUES ('1594SS150', 'C2', 'S88', 'SS150', 'D85', 'DM105');
INSERT INTO dis_relationship_master VALUES ('1594SS93', 'C2', 'S88', 'SS93', 'D85', 'DM105');
INSERT INTO dis_relationship_master VALUES ('1594SS87', 'C2', 'S88', 'SS87', 'D85', 'DM105');
INSERT INTO dis_relationship_master VALUES ('1594SS58', 'C2', 'S88', 'SS58', 'D85', 'DM105');
INSERT INTO dis_relationship_master VALUES ('888SS125', 'C2', 'S94', 'SS125', 'D85', 'DM105');
INSERT INTO dis_relationship_master VALUES ('335SS194', 'C2', 'S9', 'SS194', 'D85', 'DM105');
INSERT INTO dis_relationship_master VALUES ('335SS166', 'C2', 'S9', 'SS166', 'D85', 'DM105');
INSERT INTO dis_relationship_master VALUES ('335SS150', 'C2', 'S9', 'SS150', 'D85', 'DM105');
INSERT INTO dis_relationship_master VALUES ('335SS143', 'C2', 'S9', 'SS143', 'D85', 'DM105');
INSERT INTO dis_relationship_master VALUES ('335SS30', 'C2', 'S9', 'SS30', 'D85', 'DM105');
INSERT INTO dis_relationship_master VALUES ('335SS28', 'C2', 'S9', 'SS28', 'D85', 'DM105');
INSERT INTO dis_relationship_master VALUES ('335SS26', 'C2', 'S9', 'SS26', 'D85', 'DM105');
INSERT INTO dis_relationship_master VALUES ('335SS6', 'C2', 'S9', 'SS6', 'D85', 'DM105');
INSERT INTO diagnosis_modifiers VALUES ('DM106', 'BRONCHITIS');
INSERT INTO dis_relationship_master VALUES ('889SS125', 'C2', 'S94', 'SS125', 'D85', 'DM106');
INSERT INTO dis_relationship_diagnosis_to_diagnosis_modifier VALUES ('D85', 'DM106');
INSERT INTO diagnosis_modifiers VALUES ('DM107', 'BRONCHOPULMONARY SEQUESTRATION');
INSERT INTO dis_relationship_master VALUES ('890SS125', 'C2', 'S94', 'SS125', 'D85', 'DM107');
INSERT INTO dis_relationship_diagnosis_to_diagnosis_modifier VALUES ('D85', 'DM107');
INSERT INTO diagnosis_modifiers VALUES ('DM108', 'CHRONIC OBSTRUCTIVE PULMONARY DISEASE');
INSERT INTO dis_relationship_master VALUES ('891SS125', 'C2', 'S94', 'SS125', 'D85', 'DM108');
INSERT INTO dis_relationship_diagnosis_to_diagnosis_modifier VALUES ('D85', 'DM108');
INSERT INTO diagnosis_modifiers VALUES ('DM109', 'EMPHYSEMA');
INSERT INTO dis_relationship_master VALUES ('1595SS173', 'C2', 'S88', 'SS173', 'D85', 'DM109');
INSERT INTO dis_relationship_diagnosis_to_diagnosis_modifier VALUES ('D85', 'DM109');
INSERT INTO dis_relationship_master VALUES ('1595SS150', 'C2', 'S88', 'SS150', 'D85', 'DM109');
INSERT INTO dis_relationship_master VALUES ('1595SS93', 'C2', 'S88', 'SS93', 'D85', 'DM109');
INSERT INTO dis_relationship_master VALUES ('1595SS87', 'C2', 'S88', 'SS87', 'D85', 'DM109');
INSERT INTO dis_relationship_master VALUES ('1595SS58', 'C2', 'S88', 'SS58', 'D85', 'DM109');
INSERT INTO dis_relationship_master VALUES ('892SS125', 'C2', 'S94', 'SS125', 'D85', 'DM109');
INSERT INTO dis_relationship_master VALUES ('336SS194', 'C2', 'S9', 'SS194', 'D85', 'DM109');
INSERT INTO dis_relationship_master VALUES ('336SS166', 'C2', 'S9', 'SS166', 'D85', 'DM109');
INSERT INTO dis_relationship_master VALUES ('336SS150', 'C2', 'S9', 'SS150', 'D85', 'DM109');
INSERT INTO dis_relationship_master VALUES ('336SS143', 'C2', 'S9', 'SS143', 'D85', 'DM109');
INSERT INTO dis_relationship_master VALUES ('336SS30', 'C2', 'S9', 'SS30', 'D85', 'DM109');
INSERT INTO dis_relationship_master VALUES ('336SS28', 'C2', 'S9', 'SS28', 'D85', 'DM109');
INSERT INTO dis_relationship_master VALUES ('336SS26', 'C2', 'S9', 'SS26', 'D85', 'DM109');
INSERT INTO dis_relationship_master VALUES ('336SS6', 'C2', 'S9', 'SS6', 'D85', 'DM109');
INSERT INTO diagnosis_modifiers VALUES ('DM110', 'IDIOPATHIC PULMONARY FIBROSIS');
INSERT INTO dis_relationship_master VALUES ('893SS125', 'C2', 'S94', 'SS125', 'D85', 'DM110');
INSERT INTO dis_relationship_diagnosis_to_diagnosis_modifier VALUES ('D85', 'DM110');
INSERT INTO diagnosis_modifiers VALUES ('DM111', 'PNEUMONIA');
INSERT INTO dis_relationship_master VALUES ('894SS125', 'C2', 'S94', 'SS125', 'D85', 'DM111');
INSERT INTO dis_relationship_diagnosis_to_diagnosis_modifier VALUES ('D85', 'DM111');
INSERT INTO dis_relationship_master VALUES ('1596SS173', 'C2', 'S88', 'SS173', 'D85', 'DM111');
INSERT INTO dis_relationship_master VALUES ('1596SS150', 'C2', 'S88', 'SS150', 'D85', 'DM111');
INSERT INTO dis_relationship_master VALUES ('1596SS93', 'C2', 'S88', 'SS93', 'D85', 'DM111');
INSERT INTO dis_relationship_master VALUES ('1596SS87', 'C2', 'S88', 'SS87', 'D85', 'DM111');
INSERT INTO dis_relationship_master VALUES ('1596SS58', 'C2', 'S88', 'SS58', 'D85', 'DM111');
INSERT INTO dis_relationship_master VALUES ('337SS194', 'C2', 'S9', 'SS194', 'D85', 'DM111');
INSERT INTO dis_relationship_master VALUES ('337SS166', 'C2', 'S9', 'SS166', 'D85', 'DM111');
INSERT INTO dis_relationship_master VALUES ('337SS150', 'C2', 'S9', 'SS150', 'D85', 'DM111');
INSERT INTO dis_relationship_master VALUES ('337SS143', 'C2', 'S9', 'SS143', 'D85', 'DM111');
INSERT INTO dis_relationship_master VALUES ('337SS30', 'C2', 'S9', 'SS30', 'D85', 'DM111');
INSERT INTO dis_relationship_master VALUES ('337SS28', 'C2', 'S9', 'SS28', 'D85', 'DM111');
INSERT INTO dis_relationship_master VALUES ('337SS26', 'C2', 'S9', 'SS26', 'D85', 'DM111');
INSERT INTO dis_relationship_master VALUES ('337SS6', 'C2', 'S9', 'SS6', 'D85', 'DM111');
INSERT INTO diagnosis_modifiers VALUES ('DM112', 'TRACHEITIS');
INSERT INTO dis_relationship_master VALUES ('1520', 'C2', 'S46', 'SS0', 'D85', 'DM112');
INSERT INTO dis_relationship_diagnosis_to_diagnosis_modifier VALUES ('D85', 'DM112');
INSERT INTO diagnoses VALUES ('D86', 'RADIATION CHANGES');
INSERT INTO dis_relationship_master VALUES ('2072', 'C0', 'S0', 'SS0', 'D86', 'DM2');
INSERT INTO dis_relationship_diagnosis_to_diagnosis_modifier VALUES ('D86', 'DM2');
INSERT INTO dis_relationship_master VALUES ('785SS151', 'C2', 'S82', 'SS151', 'D86', 'DM2');
INSERT INTO dis_relationship_master VALUES ('785SS105', 'C2', 'S82', 'SS105', 'D86', 'DM2');
INSERT INTO dis_relationship_master VALUES ('785SS42', 'C2', 'S82', 'SS42', 'D86', 'DM2');
INSERT INTO anatomic_sites VALUES ('S49', 'PITUITARY GLAND');
INSERT INTO diagnoses VALUES ('D87', 'RATHKES POUCH CYST');
INSERT INTO dis_relationship_master VALUES ('1136SS1', 'C7', 'S49', 'SS1', 'D87', 'DM2');
INSERT INTO dis_relationship_site_to_subsite VALUES ('S49', 'SS1');
INSERT INTO dis_relationship_diagnosis_to_diagnosis_modifier VALUES ('D87', 'DM2');
INSERT INTO dis_relationship_master VALUES ('1801', 'C0', 'S0', 'SS0', 'D87', 'DM2');
INSERT INTO diagnoses VALUES ('D88', 'REJECTION');
INSERT INTO diagnosis_modifiers VALUES ('DM113', 'ACUTE');
INSERT INTO dis_relationship_master VALUES ('250', 'C2', 'S0', 'SS0', 'D88', 'DM113');
INSERT INTO dis_relationship_diagnosis_to_diagnosis_modifier VALUES ('D88', 'DM113');
INSERT INTO diagnoses VALUES ('D89', 'RETINOBLASTOMA');
INSERT INTO dis_relationship_master VALUES ('2075', 'C0', 'S0', 'SS0', 'D89', 'DM2');
INSERT INTO dis_relationship_diagnosis_to_diagnosis_modifier VALUES ('D89', 'DM2');
INSERT INTO dis_relationship_master VALUES ('707SS199', 'C6', 'S58', 'SS199', 'D89', 'DM2');
INSERT INTO dis_relationship_master VALUES ('707SS152', 'C6', 'S58', 'SS152', 'D89', 'DM2');
INSERT INTO dis_relationship_master VALUES ('707SS99', 'C6', 'S58', 'SS99', 'D89', 'DM2');
INSERT INTO dis_relationship_master VALUES ('707SS97', 'C6', 'S58', 'SS97', 'D89', 'DM2');
INSERT INTO dis_relationship_master VALUES ('707SS39', 'C6', 'S58', 'SS39', 'D89', 'DM2');
INSERT INTO dis_relationship_master VALUES ('707SS37', 'C6', 'S58', 'SS37', 'D89', 'DM2');
INSERT INTO dis_relationship_master VALUES ('706SS199', 'C6', 'S58', 'SS199', 'D89', 'DM2');
INSERT INTO dis_relationship_master VALUES ('706SS152', 'C6', 'S58', 'SS152', 'D89', 'DM2');
INSERT INTO dis_relationship_master VALUES ('706SS99', 'C6', 'S58', 'SS99', 'D89', 'DM2');
INSERT INTO dis_relationship_master VALUES ('706SS97', 'C6', 'S58', 'SS97', 'D89', 'DM2');
INSERT INTO dis_relationship_master VALUES ('706SS39', 'C6', 'S58', 'SS39', 'D89', 'DM2');
INSERT INTO dis_relationship_master VALUES ('706SS37', 'C6', 'S58', 'SS37', 'D89', 'DM2');
INSERT INTO diagnoses VALUES ('D90', 'RHABDOID TUMOR');
INSERT INTO dis_relationship_master VALUES ('1766', 'C0', 'S0', 'SS0', 'D90', 'DM2');
INSERT INTO dis_relationship_diagnosis_to_diagnosis_modifier VALUES ('D90', 'DM2');
INSERT INTO dis_relationship_master VALUES ('786SS151', 'C6', 'S82', 'SS151', 'D90', 'DM2');
INSERT INTO dis_relationship_master VALUES ('786SS105', 'C6', 'S82', 'SS105', 'D90', 'DM2');
INSERT INTO dis_relationship_master VALUES ('786SS42', 'C6', 'S82', 'SS42', 'D90', 'DM2');
INSERT INTO diagnoses VALUES ('D91', 'RHABDOMYOMA');
INSERT INTO dis_relationship_master VALUES ('1239', 'C7', 'S38', 'SS0', 'D91', 'DM2');
INSERT INTO dis_relationship_diagnosis_to_diagnosis_modifier VALUES ('D91', 'DM2');
INSERT INTO dis_relationship_master VALUES ('2014', 'C0', 'S0', 'SS0', 'D91', 'DM2');
INSERT INTO dis_relationship_master VALUES ('759SS193', 'C7', 'S3', 'SS193', 'D91', 'DM2');
INSERT INTO dis_relationship_master VALUES ('759SS192', 'C7', 'S3', 'SS192', 'D91', 'DM2');
INSERT INTO dis_relationship_master VALUES ('759SS191', 'C7', 'S3', 'SS191', 'D91', 'DM2');
INSERT INTO dis_relationship_master VALUES ('759SS187', 'C7', 'S3', 'SS187', 'D91', 'DM2');
INSERT INTO dis_relationship_master VALUES ('759SS162', 'C7', 'S3', 'SS162', 'D91', 'DM2');
INSERT INTO dis_relationship_master VALUES ('759SS144', 'C7', 'S3', 'SS144', 'D91', 'DM2');
INSERT INTO dis_relationship_master VALUES ('759SS111', 'C7', 'S3', 'SS111', 'D91', 'DM2');
INSERT INTO dis_relationship_master VALUES ('759SS34', 'C7', 'S3', 'SS34', 'D91', 'DM2');
INSERT INTO dis_relationship_master VALUES ('759SS25', 'C7', 'S3', 'SS25', 'D91', 'DM2');
INSERT INTO dis_relationship_master VALUES ('759SS15', 'C7', 'S3', 'SS15', 'D91', 'DM2');
INSERT INTO dis_relationship_master VALUES ('759SS12', 'C7', 'S3', 'SS12', 'D91', 'DM2');
INSERT INTO dis_relationship_master VALUES ('759SS11', 'C7', 'S3', 'SS11', 'D91', 'DM2');
INSERT INTO dis_relationship_master VALUES ('759SS7', 'C7', 'S3', 'SS7', 'D91', 'DM2');
INSERT INTO diagnoses VALUES ('D92', 'RHEUMATIC FEVER');
INSERT INTO dis_relationship_master VALUES ('2165', 'C0', 'S0', 'SS0', 'D92', 'DM2');
INSERT INTO dis_relationship_diagnosis_to_diagnosis_modifier VALUES ('D92', 'DM2');
INSERT INTO dis_relationship_master VALUES ('251', 'C2', 'S0', 'SS0', 'D92', 'DM2');
INSERT INTO diagnoses VALUES ('D93', 'SARCOIDOSIS');
INSERT INTO dis_relationship_master VALUES ('1866', 'C0', 'S0', 'SS0', 'D93', 'DM2');
INSERT INTO dis_relationship_diagnosis_to_diagnosis_modifier VALUES ('D93', 'DM2');
INSERT INTO dis_relationship_master VALUES ('252', 'C2', 'S0', 'SS0', 'D93', 'DM2');
INSERT INTO diagnoses VALUES ('D94', 'SARCOMA');
INSERT INTO dis_relationship_master VALUES ('1163SS183', 'C6', 'S14', 'SS183', 'D94', 'DM2');
INSERT INTO dis_relationship_diagnosis_to_diagnosis_modifier VALUES ('D94', 'DM2');
INSERT INTO dis_relationship_master VALUES ('1163SS138', 'C6', 'S14', 'SS138', 'D94', 'DM2');
INSERT INTO dis_relationship_master VALUES ('1163SS134', 'C6', 'S14', 'SS134', 'D94', 'DM2');
INSERT INTO dis_relationship_master VALUES ('1116SS74', 'C6', 'S28', 'SS74', 'D94', 'DM2');
INSERT INTO dis_relationship_master VALUES ('1051SS137', 'C6', 'S35', 'SS137', 'D94', 'DM2');
INSERT INTO dis_relationship_master VALUES ('1051SS52', 'C6', 'S35', 'SS52', 'D94', 'DM2');
INSERT INTO dis_relationship_master VALUES ('1051SS80', 'C6', 'S35', 'SS80', 'D94', 'DM2');
INSERT INTO dis_relationship_master VALUES ('1051SS42', 'C6', 'S35', 'SS42', 'D94', 'DM2');
INSERT INTO dis_relationship_master VALUES ('1051SS41', 'C6', 'S35', 'SS41', 'D94', 'DM2');
INSERT INTO dis_relationship_master VALUES ('997SS181', 'C6', 'S51', 'SS181', 'D94', 'DM2');
INSERT INTO dis_relationship_master VALUES ('997SS167', 'C6', 'S51', 'SS167', 'D94', 'DM2');
INSERT INTO dis_relationship_master VALUES ('997SS139', 'C6', 'S51', 'SS139', 'D94', 'DM2');
INSERT INTO dis_relationship_master VALUES ('997SS121', 'C6', 'S51', 'SS121', 'D94', 'DM2');
INSERT INTO dis_relationship_master VALUES ('997SS100', 'C6', 'S51', 'SS100', 'D94', 'DM2');
INSERT INTO dis_relationship_master VALUES ('997SS75', 'C6', 'S51', 'SS75', 'D94', 'DM2');
INSERT INTO dis_relationship_master VALUES ('997SS72', 'C6', 'S51', 'SS72', 'D94', 'DM2');
INSERT INTO dis_relationship_master VALUES ('997SS55', 'C6', 'S51', 'SS55', 'D94', 'DM2');
INSERT INTO dis_relationship_master VALUES ('2273SS166', 'C6', 'S100', 'SS166', 'D94', 'DM2');
INSERT INTO dis_relationship_master VALUES ('2273SS147', 'C6', 'S100', 'SS147', 'D94', 'DM2');
INSERT INTO dis_relationship_master VALUES ('2273SS145', 'C6', 'S100', 'SS145', 'D94', 'DM2');
INSERT INTO dis_relationship_master VALUES ('2273SS68', 'C6', 'S100', 'SS68', 'D94', 'DM2');
INSERT INTO dis_relationship_master VALUES ('2273SS5', 'C6', 'S100', 'SS5', 'D94', 'DM2');
INSERT INTO dis_relationship_master VALUES ('2273SS24', 'C6', 'S100', 'SS24', 'D94', 'DM2');
INSERT INTO dis_relationship_master VALUES ('2266SS190', 'C6', 'S74', 'SS190', 'D94', 'DM2');
INSERT INTO dis_relationship_master VALUES ('2266SS133', 'C6', 'S74', 'SS133', 'D94', 'DM2');
INSERT INTO dis_relationship_master VALUES ('2266SS70', 'C6', 'S74', 'SS70', 'D94', 'DM2');
INSERT INTO dis_relationship_master VALUES ('2266SS43', 'C6', 'S74', 'SS43', 'D94', 'DM2');
INSERT INTO dis_relationship_master VALUES ('2266SS13', 'C6', 'S74', 'SS13', 'D94', 'DM2');
INSERT INTO dis_relationship_master VALUES ('2261SS188', 'C6', 'S92', 'SS188', 'D94', 'DM2');
INSERT INTO dis_relationship_master VALUES ('2261SS179', 'C6', 'S92', 'SS179', 'D94', 'DM2');
INSERT INTO dis_relationship_master VALUES ('2261SS168', 'C6', 'S92', 'SS168', 'D94', 'DM2');
INSERT INTO dis_relationship_master VALUES ('2261SS165', 'C6', 'S92', 'SS165', 'D94', 'DM2');
INSERT INTO dis_relationship_master VALUES ('2261SS153', 'C6', 'S92', 'SS153', 'D94', 'DM2');
INSERT INTO dis_relationship_master VALUES ('2261SS149', 'C6', 'S92', 'SS149', 'D94', 'DM2');
INSERT INTO dis_relationship_master VALUES ('2261SS128', 'C6', 'S92', 'SS128', 'D94', 'DM2');
INSERT INTO dis_relationship_master VALUES ('2261SS109', 'C6', 'S92', 'SS109', 'D94', 'DM2');
INSERT INTO dis_relationship_master VALUES ('2261SS108', 'C6', 'S92', 'SS108', 'D94', 'DM2');
INSERT INTO dis_relationship_master VALUES ('2261SS104', 'C6', 'S92', 'SS104', 'D94', 'DM2');
INSERT INTO dis_relationship_master VALUES ('2261SS79', 'C6', 'S92', 'SS79', 'D94', 'DM2');
INSERT INTO dis_relationship_master VALUES ('2261SS62', 'C6', 'S92', 'SS62', 'D94', 'DM2');
INSERT INTO dis_relationship_master VALUES ('2261SS60', 'C6', 'S92', 'SS60', 'D94', 'DM2');
INSERT INTO dis_relationship_master VALUES ('2255SS1', 'C6', 'S2', 'SS1', 'D94', 'DM2');
INSERT INTO dis_relationship_master VALUES ('2238SS166', 'C6', 'S70', 'SS166', 'D94', 'DM2');
INSERT INTO dis_relationship_master VALUES ('2238SS136', 'C6', 'S70', 'SS136', 'D94', 'DM2');
INSERT INTO dis_relationship_master VALUES ('2238SS132', 'C6', 'S70', 'SS132', 'D94', 'DM2');
INSERT INTO dis_relationship_master VALUES ('2238SS115', 'C6', 'S70', 'SS115', 'D94', 'DM2');
INSERT INTO dis_relationship_master VALUES ('2238SS54', 'C6', 'S70', 'SS54', 'D94', 'DM2');
INSERT INTO dis_relationship_master VALUES ('2229SS151', 'C6', 'S82', 'SS151', 'D94', 'DM2');
INSERT INTO dis_relationship_master VALUES ('2229SS105', 'C6', 'S82', 'SS105', 'D94', 'DM2');
INSERT INTO dis_relationship_master VALUES ('2229SS42', 'C6', 'S82', 'SS42', 'D94', 'DM2');
INSERT INTO dis_relationship_master VALUES ('2223', 'C6', 'S0', 'SS0', 'D94', 'DM2');
INSERT INTO dis_relationship_master VALUES ('2208SS157', 'C6', 'S1', 'SS157', 'D94', 'DM2');
INSERT INTO dis_relationship_master VALUES ('2208SS156', 'C6', 'S1', 'SS156', 'D94', 'DM2');
INSERT INTO dis_relationship_master VALUES ('2208SS98', 'C6', 'S1', 'SS98', 'D94', 'DM2');
INSERT INTO dis_relationship_master VALUES ('2208SS73', 'C6', 'S1', 'SS73', 'D94', 'DM2');
INSERT INTO dis_relationship_master VALUES ('2208SS66', 'C6', 'S1', 'SS66', 'D94', 'DM2');
INSERT INTO dis_relationship_master VALUES ('2208SS65', 'C6', 'S1', 'SS65', 'D94', 'DM2');
INSERT INTO dis_relationship_master VALUES ('2208SS57', 'C6', 'S1', 'SS57', 'D94', 'DM2');
INSERT INTO dis_relationship_master VALUES ('2208SS19', 'C6', 'S1', 'SS19', 'D94', 'DM2');
INSERT INTO dis_relationship_master VALUES ('2208SS8', 'C6', 'S1', 'SS8', 'D94', 'DM2');
INSERT INTO dis_relationship_master VALUES ('2208SS2', 'C6', 'S1', 'SS2', 'D94', 'DM2');
INSERT INTO dis_relationship_master VALUES ('2203SS1', 'C6', 'S39', 'SS1', 'D94', 'DM2');
INSERT INTO dis_relationship_master VALUES ('1996', 'C0', 'S0', 'SS0', 'D94', 'DM2');
INSERT INTO dis_relationship_master VALUES ('1552SS166', 'C1', 'S70', 'SS166', 'D94', 'DM46');
INSERT INTO dis_relationship_diagnosis_to_diagnosis_modifier VALUES ('D94', 'DM46');
INSERT INTO dis_relationship_master VALUES ('1552SS136', 'C1', 'S70', 'SS136', 'D94', 'DM46');
INSERT INTO dis_relationship_master VALUES ('1552SS132', 'C1', 'S70', 'SS132', 'D94', 'DM46');
INSERT INTO dis_relationship_master VALUES ('1552SS115', 'C1', 'S70', 'SS115', 'D94', 'DM46');
INSERT INTO dis_relationship_master VALUES ('1552SS54', 'C1', 'S70', 'SS54', 'D94', 'DM46');
INSERT INTO dis_relationship_master VALUES ('253', 'C6', 'S0', 'SS0', 'D94', 'DM46');
INSERT INTO diagnosis_modifiers VALUES ('DM114', 'ALVEOLAR SOFT PART SARCOMA');
INSERT INTO dis_relationship_master VALUES ('1343SS1', 'C6', 'S2', 'SS1', 'D94', 'DM114');
INSERT INTO dis_relationship_diagnosis_to_diagnosis_modifier VALUES ('D94', 'DM114');
INSERT INTO dis_relationship_master VALUES ('254', 'C6', 'S0', 'SS0', 'D94', 'DM114');
INSERT INTO diagnosis_modifiers VALUES ('DM115', 'ANGIOSARCOMA');
INSERT INTO dis_relationship_master VALUES ('1344SS1', 'C6', 'S2', 'SS1', 'D94', 'DM115');
INSERT INTO dis_relationship_diagnosis_to_diagnosis_modifier VALUES ('D94', 'DM115');
INSERT INTO dis_relationship_master VALUES ('255', 'C6', 'S0', 'SS0', 'D94', 'DM115');
INSERT INTO diagnosis_modifiers VALUES ('DM116', 'CHONDROSARCOMA');
INSERT INTO dis_relationship_master VALUES ('1345SS1', 'C6', 'S2', 'SS1', 'D94', 'DM116');
INSERT INTO dis_relationship_diagnosis_to_diagnosis_modifier VALUES ('D94', 'DM116');
INSERT INTO dis_relationship_master VALUES ('437SS188', 'C6', 'S92', 'SS188', 'D94', 'DM116');
INSERT INTO dis_relationship_master VALUES ('437SS179', 'C6', 'S92', 'SS179', 'D94', 'DM116');
INSERT INTO dis_relationship_master VALUES ('437SS168', 'C6', 'S92', 'SS168', 'D94', 'DM116');
INSERT INTO dis_relationship_master VALUES ('437SS165', 'C6', 'S92', 'SS165', 'D94', 'DM116');
INSERT INTO dis_relationship_master VALUES ('437SS153', 'C6', 'S92', 'SS153', 'D94', 'DM116');
INSERT INTO dis_relationship_master VALUES ('437SS149', 'C6', 'S92', 'SS149', 'D94', 'DM116');
INSERT INTO dis_relationship_master VALUES ('437SS128', 'C6', 'S92', 'SS128', 'D94', 'DM116');
INSERT INTO dis_relationship_master VALUES ('437SS109', 'C6', 'S92', 'SS109', 'D94', 'DM116');
INSERT INTO dis_relationship_master VALUES ('437SS108', 'C6', 'S92', 'SS108', 'D94', 'DM116');
INSERT INTO dis_relationship_master VALUES ('437SS104', 'C6', 'S92', 'SS104', 'D94', 'DM116');
INSERT INTO dis_relationship_master VALUES ('437SS79', 'C6', 'S92', 'SS79', 'D94', 'DM116');
INSERT INTO dis_relationship_master VALUES ('437SS62', 'C6', 'S92', 'SS62', 'D94', 'DM116');
INSERT INTO dis_relationship_master VALUES ('437SS60', 'C6', 'S92', 'SS60', 'D94', 'DM116');
INSERT INTO dis_relationship_master VALUES ('256', 'C6', 'S0', 'SS0', 'D94', 'DM116');
INSERT INTO dis_relationship_master VALUES ('787SS151', 'C6', 'S82', 'SS151', 'D94', 'DM9');
INSERT INTO dis_relationship_diagnosis_to_diagnosis_modifier VALUES ('D94', 'DM9');
INSERT INTO dis_relationship_master VALUES ('787SS105', 'C6', 'S82', 'SS105', 'D94', 'DM9');
INSERT INTO dis_relationship_master VALUES ('787SS42', 'C6', 'S82', 'SS42', 'D94', 'DM9');
INSERT INTO diagnosis_modifiers VALUES ('DM117', 'CLEAR CELL (OF TENDONS & APONEUROSES)');
INSERT INTO dis_relationship_master VALUES ('1346SS1', 'C6', 'S2', 'SS1', 'D94', 'DM117');
INSERT INTO dis_relationship_diagnosis_to_diagnosis_modifier VALUES ('D94', 'DM117');
INSERT INTO dis_relationship_master VALUES ('257', 'C6', 'S0', 'SS0', 'D94', 'DM117');
INSERT INTO diagnosis_modifiers VALUES ('DM118', 'DERMATOFIBROSARCOMA');
INSERT INTO dis_relationship_master VALUES ('258', 'C6', 'S0', 'SS0', 'D94', 'DM118');
INSERT INTO dis_relationship_diagnosis_to_diagnosis_modifier VALUES ('D94', 'DM118');
INSERT INTO diagnosis_modifiers VALUES ('DM119', 'DESMOPLASTIC (SCLEROSING) SMALL ROUND CELL TUMOR');
INSERT INTO dis_relationship_master VALUES ('1347SS1', 'C1', 'S2', 'SS1', 'D94', 'DM119');
INSERT INTO dis_relationship_diagnosis_to_diagnosis_modifier VALUES ('D94', 'DM119');
INSERT INTO dis_relationship_master VALUES ('259', 'C1', 'S0', 'SS0', 'D94', 'DM119');
INSERT INTO diagnosis_modifiers VALUES ('DM120', 'ECTOMESENCHYMOMA');
INSERT INTO dis_relationship_master VALUES ('260', 'C6', 'S0', 'SS0', 'D94', 'DM120');
INSERT INTO dis_relationship_diagnosis_to_diagnosis_modifier VALUES ('D94', 'DM120');
INSERT INTO diagnosis_modifiers VALUES ('DM121', 'EMBRYONAL');
INSERT INTO dis_relationship_master VALUES ('261', 'C6', 'S0', 'SS0', 'D94', 'DM121');
INSERT INTO dis_relationship_diagnosis_to_diagnosis_modifier VALUES ('D94', 'DM121');
INSERT INTO dis_relationship_master VALUES ('844SS1', 'C6', 'S39', 'SS1', 'D94', 'DM121');
INSERT INTO dis_relationship_master VALUES ('1348SS1', 'C6', 'S2', 'SS1', 'D94', 'DM10');
INSERT INTO dis_relationship_diagnosis_to_diagnosis_modifier VALUES ('D94', 'DM10');
INSERT INTO dis_relationship_master VALUES ('262', 'C6', 'S0', 'SS0', 'D94', 'DM10');
INSERT INTO diagnosis_modifiers VALUES ('DM122', 'EWINGS');
INSERT INTO dis_relationship_master VALUES ('1349SS1', 'C6', 'S2', 'SS1', 'D94', 'DM122');
INSERT INTO dis_relationship_diagnosis_to_diagnosis_modifier VALUES ('D94', 'DM122');
INSERT INTO dis_relationship_master VALUES ('438SS188', 'C6', 'S92', 'SS188', 'D94', 'DM122');
INSERT INTO dis_relationship_master VALUES ('438SS179', 'C6', 'S92', 'SS179', 'D94', 'DM122');
INSERT INTO dis_relationship_master VALUES ('438SS168', 'C6', 'S92', 'SS168', 'D94', 'DM122');
INSERT INTO dis_relationship_master VALUES ('438SS165', 'C6', 'S92', 'SS165', 'D94', 'DM122');
INSERT INTO dis_relationship_master VALUES ('438SS153', 'C6', 'S92', 'SS153', 'D94', 'DM122');
INSERT INTO dis_relationship_master VALUES ('438SS149', 'C6', 'S92', 'SS149', 'D94', 'DM122');
INSERT INTO dis_relationship_master VALUES ('438SS128', 'C6', 'S92', 'SS128', 'D94', 'DM122');
INSERT INTO dis_relationship_master VALUES ('438SS109', 'C6', 'S92', 'SS109', 'D94', 'DM122');
INSERT INTO dis_relationship_master VALUES ('438SS108', 'C6', 'S92', 'SS108', 'D94', 'DM122');
INSERT INTO dis_relationship_master VALUES ('438SS104', 'C6', 'S92', 'SS104', 'D94', 'DM122');
INSERT INTO dis_relationship_master VALUES ('438SS79', 'C6', 'S92', 'SS79', 'D94', 'DM122');
INSERT INTO dis_relationship_master VALUES ('438SS62', 'C6', 'S92', 'SS62', 'D94', 'DM122');
INSERT INTO dis_relationship_master VALUES ('438SS60', 'C6', 'S92', 'SS60', 'D94', 'DM122');
INSERT INTO dis_relationship_master VALUES ('263', 'C6', 'S0', 'SS0', 'D94', 'DM122');
INSERT INTO diagnosis_modifiers VALUES ('DM123', 'FIBROSARCOMA');
INSERT INTO dis_relationship_master VALUES ('1350SS1', 'C6', 'S2', 'SS1', 'D94', 'DM123');
INSERT INTO dis_relationship_diagnosis_to_diagnosis_modifier VALUES ('D94', 'DM123');
INSERT INTO dis_relationship_master VALUES ('264', 'C6', 'S0', 'SS0', 'D94', 'DM123');
INSERT INTO diagnosis_modifiers VALUES ('DM124', 'HEMANGIOENDOTHELIOMA');
INSERT INTO dis_relationship_master VALUES ('265', 'C6', 'S0', 'SS0', 'D94', 'DM124');
INSERT INTO dis_relationship_diagnosis_to_diagnosis_modifier VALUES ('D94', 'DM124');
INSERT INTO diagnosis_modifiers VALUES ('DM125', 'HEMANGIOPERICYTOMA');
INSERT INTO dis_relationship_master VALUES ('266', 'C6', 'S0', 'SS0', 'D94', 'DM125');
INSERT INTO dis_relationship_diagnosis_to_diagnosis_modifier VALUES ('D94', 'DM125');
INSERT INTO diagnosis_modifiers VALUES ('DM126', 'HEMANGIOSARCOMA');
INSERT INTO dis_relationship_master VALUES ('267', 'C6', 'S0', 'SS0', 'D94', 'DM126');
INSERT INTO dis_relationship_diagnosis_to_diagnosis_modifier VALUES ('D94', 'DM126');
INSERT INTO diagnosis_modifiers VALUES ('DM127', 'KAPOSI SARCOMA');
INSERT INTO dis_relationship_master VALUES ('1351SS1', 'C6', 'S2', 'SS1', 'D94', 'DM127');
INSERT INTO dis_relationship_diagnosis_to_diagnosis_modifier VALUES ('D94', 'DM127');
INSERT INTO dis_relationship_master VALUES ('1274SS157', 'C6', 'S1', 'SS157', 'D94', 'DM127');
INSERT INTO dis_relationship_master VALUES ('1274SS156', 'C6', 'S1', 'SS156', 'D94', 'DM127');
INSERT INTO dis_relationship_master VALUES ('1274SS98', 'C6', 'S1', 'SS98', 'D94', 'DM127');
INSERT INTO dis_relationship_master VALUES ('1274SS73', 'C6', 'S1', 'SS73', 'D94', 'DM127');
INSERT INTO dis_relationship_master VALUES ('1274SS66', 'C6', 'S1', 'SS66', 'D94', 'DM127');
INSERT INTO dis_relationship_master VALUES ('1274SS65', 'C6', 'S1', 'SS65', 'D94', 'DM127');
INSERT INTO dis_relationship_master VALUES ('1274SS57', 'C6', 'S1', 'SS57', 'D94', 'DM127');
INSERT INTO dis_relationship_master VALUES ('1274SS19', 'C6', 'S1', 'SS19', 'D94', 'DM127');
INSERT INTO dis_relationship_master VALUES ('1274SS8', 'C6', 'S1', 'SS8', 'D94', 'DM127');
INSERT INTO dis_relationship_master VALUES ('1274SS2', 'C6', 'S1', 'SS2', 'D94', 'DM127');
INSERT INTO dis_relationship_master VALUES ('268', 'C6', 'S0', 'SS0', 'D94', 'DM127');
INSERT INTO diagnosis_modifiers VALUES ('DM128', 'LEIOMYOSARCOMA');
INSERT INTO dis_relationship_master VALUES ('1553SS166', 'C6', 'S70', 'SS166', 'D94', 'DM128');
INSERT INTO dis_relationship_diagnosis_to_diagnosis_modifier VALUES ('D94', 'DM128');
INSERT INTO dis_relationship_master VALUES ('1553SS136', 'C6', 'S70', 'SS136', 'D94', 'DM128');
INSERT INTO dis_relationship_master VALUES ('1553SS132', 'C6', 'S70', 'SS132', 'D94', 'DM128');
INSERT INTO dis_relationship_master VALUES ('1553SS115', 'C6', 'S70', 'SS115', 'D94', 'DM128');
INSERT INTO dis_relationship_master VALUES ('1553SS54', 'C6', 'S70', 'SS54', 'D94', 'DM128');
INSERT INTO dis_relationship_master VALUES ('1441SS166', 'C6', 'S100', 'SS166', 'D94', 'DM128');
INSERT INTO dis_relationship_master VALUES ('1441SS147', 'C6', 'S100', 'SS147', 'D94', 'DM128');
INSERT INTO dis_relationship_master VALUES ('1441SS145', 'C6', 'S100', 'SS145', 'D94', 'DM128');
INSERT INTO dis_relationship_master VALUES ('1441SS68', 'C6', 'S100', 'SS68', 'D94', 'DM128');
INSERT INTO dis_relationship_master VALUES ('1441SS5', 'C6', 'S100', 'SS5', 'D94', 'DM128');
INSERT INTO dis_relationship_master VALUES ('1441SS24', 'C6', 'S100', 'SS24', 'D94', 'DM128');
INSERT INTO dis_relationship_master VALUES ('1352SS1', 'C6', 'S2', 'SS1', 'D94', 'DM128');
INSERT INTO dis_relationship_master VALUES ('269', 'C6', 'S0', 'SS0', 'D94', 'DM128');
INSERT INTO diagnosis_modifiers VALUES ('DM129', 'LIPOSARCOMA');
INSERT INTO dis_relationship_master VALUES ('1353SS1', 'C6', 'S2', 'SS1', 'D94', 'DM129');
INSERT INTO dis_relationship_diagnosis_to_diagnosis_modifier VALUES ('D94', 'DM129');
INSERT INTO dis_relationship_master VALUES ('270', 'C6', 'S0', 'SS0', 'D94', 'DM129');
INSERT INTO diagnosis_modifiers VALUES ('DM130', 'LYMPHANGIOSARCOMA');
INSERT INTO dis_relationship_master VALUES ('1354SS1', 'C6', 'S2', 'SS1', 'D94', 'DM130');
INSERT INTO dis_relationship_diagnosis_to_diagnosis_modifier VALUES ('D94', 'DM130');
INSERT INTO dis_relationship_master VALUES ('271', 'C6', 'S0', 'SS0', 'D94', 'DM130');
INSERT INTO diagnosis_modifiers VALUES ('DM131', 'MALIGNANT FIBROUS HISTIOCYTOMA');
INSERT INTO dis_relationship_master VALUES ('1355SS1', 'C6', 'S2', 'SS1', 'D94', 'DM131');
INSERT INTO dis_relationship_diagnosis_to_diagnosis_modifier VALUES ('D94', 'DM131');
INSERT INTO dis_relationship_master VALUES ('272', 'C6', 'S0', 'SS0', 'D94', 'DM131');
INSERT INTO diagnosis_modifiers VALUES ('DM132', 'MALIGNANT PERIPHERAL NERVE SHEATH TUMOR');
INSERT INTO dis_relationship_master VALUES ('1356SS1', 'C6', 'S2', 'SS1', 'D94', 'DM132');
INSERT INTO dis_relationship_diagnosis_to_diagnosis_modifier VALUES ('D94', 'DM132');
INSERT INTO dis_relationship_master VALUES ('976SS190', 'C6', 'S74', 'SS190', 'D94', 'DM132');
INSERT INTO dis_relationship_master VALUES ('976SS133', 'C6', 'S74', 'SS133', 'D94', 'DM132');
INSERT INTO dis_relationship_master VALUES ('976SS70', 'C6', 'S74', 'SS70', 'D94', 'DM132');
INSERT INTO dis_relationship_master VALUES ('976SS43', 'C6', 'S74', 'SS43', 'D94', 'DM132');
INSERT INTO dis_relationship_master VALUES ('976SS13', 'C6', 'S74', 'SS13', 'D94', 'DM132');
INSERT INTO dis_relationship_master VALUES ('273', 'C6', 'S0', 'SS0', 'D94', 'DM132');
INSERT INTO diagnosis_modifiers VALUES ('DM133', 'MESENCHYMOMA');
INSERT INTO dis_relationship_master VALUES ('274', 'C6', 'S0', 'SS0', 'D94', 'DM133');
INSERT INTO dis_relationship_diagnosis_to_diagnosis_modifier VALUES ('D94', 'DM133');
INSERT INTO diagnosis_modifiers VALUES ('DM134', 'NEUROFIBROSARCOMA');
INSERT INTO dis_relationship_master VALUES ('275', 'C6', 'S0', 'SS0', 'D94', 'DM134');
INSERT INTO dis_relationship_diagnosis_to_diagnosis_modifier VALUES ('D94', 'DM134');
INSERT INTO diagnosis_modifiers VALUES ('DM135', 'NEUROGENIC/SCHWANNOSARCOMA');
INSERT INTO dis_relationship_master VALUES ('276', 'C6', 'S0', 'SS0', 'D94', 'DM135');
INSERT INTO dis_relationship_diagnosis_to_diagnosis_modifier VALUES ('D94', 'DM135');
INSERT INTO diagnosis_modifiers VALUES ('DM136', 'OSTEOSARCOMA');
INSERT INTO dis_relationship_master VALUES ('1357SS1', 'C6', 'S2', 'SS1', 'D94', 'DM136');
INSERT INTO dis_relationship_diagnosis_to_diagnosis_modifier VALUES ('D94', 'DM136');
INSERT INTO dis_relationship_master VALUES ('277', 'C6', 'S0', 'SS0', 'D94', 'DM136');
INSERT INTO dis_relationship_master VALUES ('439SS188', 'C6', 'S92', 'SS188', 'D94', 'DM136');
INSERT INTO dis_relationship_master VALUES ('439SS179', 'C6', 'S92', 'SS179', 'D94', 'DM136');
INSERT INTO dis_relationship_master VALUES ('439SS168', 'C6', 'S92', 'SS168', 'D94', 'DM136');
INSERT INTO dis_relationship_master VALUES ('439SS165', 'C6', 'S92', 'SS165', 'D94', 'DM136');
INSERT INTO dis_relationship_master VALUES ('439SS153', 'C6', 'S92', 'SS153', 'D94', 'DM136');
INSERT INTO dis_relationship_master VALUES ('439SS149', 'C6', 'S92', 'SS149', 'D94', 'DM136');
INSERT INTO dis_relationship_master VALUES ('439SS128', 'C6', 'S92', 'SS128', 'D94', 'DM136');
INSERT INTO dis_relationship_master VALUES ('439SS109', 'C6', 'S92', 'SS109', 'D94', 'DM136');
INSERT INTO dis_relationship_master VALUES ('439SS108', 'C6', 'S92', 'SS108', 'D94', 'DM136');
INSERT INTO dis_relationship_master VALUES ('439SS104', 'C6', 'S92', 'SS104', 'D94', 'DM136');
INSERT INTO dis_relationship_master VALUES ('439SS79', 'C6', 'S92', 'SS79', 'D94', 'DM136');
INSERT INTO dis_relationship_master VALUES ('439SS62', 'C6', 'S92', 'SS62', 'D94', 'DM136');
INSERT INTO dis_relationship_master VALUES ('439SS60', 'C6', 'S92', 'SS60', 'D94', 'DM136');
INSERT INTO diagnosis_modifiers VALUES ('DM137', 'PLEOMORPHIC');
INSERT INTO dis_relationship_master VALUES ('278', 'C6', 'S0', 'SS0', 'D94', 'DM137');
INSERT INTO dis_relationship_diagnosis_to_diagnosis_modifier VALUES ('D94', 'DM137');
INSERT INTO diagnosis_modifiers VALUES ('DM138', 'PSEUDOSARCOMA');
INSERT INTO dis_relationship_master VALUES ('279', 'C6', 'S0', 'SS0', 'D94', 'DM138');
INSERT INTO dis_relationship_diagnosis_to_diagnosis_modifier VALUES ('D94', 'DM138');
INSERT INTO diagnosis_modifiers VALUES ('DM139', 'RHABDOID');
INSERT INTO dis_relationship_master VALUES ('280', 'C6', 'S0', 'SS0', 'D94', 'DM139');
INSERT INTO dis_relationship_diagnosis_to_diagnosis_modifier VALUES ('D94', 'DM139');
INSERT INTO diagnosis_modifiers VALUES ('DM140', 'RHABDOMYOSARCOMA');
INSERT INTO dis_relationship_master VALUES ('281', 'C6', 'S0', 'SS0', 'D94', 'DM140');
INSERT INTO dis_relationship_diagnosis_to_diagnosis_modifier VALUES ('D94', 'DM140');
INSERT INTO diagnosis_modifiers VALUES ('DM141', 'SCHWANNOMA (MALIGNANT)');
INSERT INTO dis_relationship_master VALUES ('282', 'C6', 'S0', 'SS0', 'D94', 'DM141');
INSERT INTO dis_relationship_diagnosis_to_diagnosis_modifier VALUES ('D94', 'DM141');
INSERT INTO diagnosis_modifiers VALUES ('DM142', 'STROMAL');
INSERT INTO dis_relationship_master VALUES ('1555SS166', 'C6', 'S70', 'SS166', 'D94', 'DM142');
INSERT INTO dis_relationship_diagnosis_to_diagnosis_modifier VALUES ('D94', 'DM142');
INSERT INTO dis_relationship_master VALUES ('1555SS136', 'C6', 'S70', 'SS136', 'D94', 'DM142');
INSERT INTO dis_relationship_master VALUES ('1555SS132', 'C6', 'S70', 'SS132', 'D94', 'DM142');
INSERT INTO dis_relationship_master VALUES ('1555SS115', 'C6', 'S70', 'SS115', 'D94', 'DM142');
INSERT INTO dis_relationship_master VALUES ('1555SS54', 'C6', 'S70', 'SS54', 'D94', 'DM142');
INSERT INTO dis_relationship_master VALUES ('1554SS166', 'C6', 'S70', 'SS166', 'D94', 'DM142');
INSERT INTO dis_relationship_master VALUES ('1554SS136', 'C6', 'S70', 'SS136', 'D94', 'DM142');
INSERT INTO dis_relationship_master VALUES ('1554SS132', 'C6', 'S70', 'SS132', 'D94', 'DM142');
INSERT INTO dis_relationship_master VALUES ('1554SS115', 'C6', 'S70', 'SS115', 'D94', 'DM142');
INSERT INTO dis_relationship_master VALUES ('1554SS54', 'C6', 'S70', 'SS54', 'D94', 'DM142');
INSERT INTO diagnosis_modifiers VALUES ('DM143', 'SYNOVIAL SARCOMA');
INSERT INTO dis_relationship_master VALUES ('1358SS1', 'C6', 'S2', 'SS1', 'D94', 'DM143');
INSERT INTO dis_relationship_diagnosis_to_diagnosis_modifier VALUES ('D94', 'DM143');
INSERT INTO dis_relationship_master VALUES ('283', 'C6', 'S0', 'SS0', 'D94', 'DM143');
INSERT INTO diagnosis_modifiers VALUES ('DM144', 'UNDIFFERENTIATED MESENCHYMAL');
INSERT INTO dis_relationship_master VALUES ('845SS1', 'C6', 'S39', 'SS1', 'D94', 'DM144');
INSERT INTO dis_relationship_diagnosis_to_diagnosis_modifier VALUES ('D94', 'DM144');
INSERT INTO diagnoses VALUES ('D95', 'SCAR');
INSERT INTO dis_relationship_master VALUES ('1275SS157', 'C7', 'S1', 'SS157', 'D95', 'DM2');
INSERT INTO dis_relationship_diagnosis_to_diagnosis_modifier VALUES ('D95', 'DM2');
INSERT INTO dis_relationship_master VALUES ('1275SS156', 'C7', 'S1', 'SS156', 'D95', 'DM2');
INSERT INTO dis_relationship_master VALUES ('1275SS98', 'C7', 'S1', 'SS98', 'D95', 'DM2');
INSERT INTO dis_relationship_master VALUES ('1275SS73', 'C7', 'S1', 'SS73', 'D95', 'DM2');
INSERT INTO dis_relationship_master VALUES ('1275SS66', 'C7', 'S1', 'SS66', 'D95', 'DM2');
INSERT INTO dis_relationship_master VALUES ('1275SS65', 'C7', 'S1', 'SS65', 'D95', 'DM2');
INSERT INTO dis_relationship_master VALUES ('1275SS57', 'C7', 'S1', 'SS57', 'D95', 'DM2');
INSERT INTO dis_relationship_master VALUES ('1275SS19', 'C7', 'S1', 'SS19', 'D95', 'DM2');
INSERT INTO dis_relationship_master VALUES ('1275SS8', 'C7', 'S1', 'SS8', 'D95', 'DM2');
INSERT INTO dis_relationship_master VALUES ('1275SS2', 'C7', 'S1', 'SS2', 'D95', 'DM2');
INSERT INTO dis_relationship_master VALUES ('2089', 'C0', 'S0', 'SS0', 'D95', 'DM2');
INSERT INTO diagnoses VALUES ('D96', 'SCARRING');
INSERT INTO dis_relationship_master VALUES ('1811', 'C0', 'S0', 'SS0', 'D96', 'DM2');
INSERT INTO dis_relationship_diagnosis_to_diagnosis_modifier VALUES ('D96', 'DM2');
INSERT INTO dis_relationship_master VALUES ('284', 'C2', 'S0', 'SS0', 'D96', 'DM2');
INSERT INTO diagnoses VALUES ('D97', 'SCHIZOPHRENIA');
INSERT INTO dis_relationship_master VALUES ('2043', 'C0', 'S0', 'SS0', 'D97', 'DM2');
INSERT INTO dis_relationship_diagnosis_to_diagnosis_modifier VALUES ('D97', 'DM2');
INSERT INTO dis_relationship_master VALUES ('548SS192', 'C2', 'S31', 'SS192', 'D97', 'DM2');
INSERT INTO dis_relationship_master VALUES ('548SS177', 'C2', 'S31', 'SS177', 'D97', 'DM2');
INSERT INTO dis_relationship_master VALUES ('548SS176', 'C2', 'S31', 'SS176', 'D97', 'DM2');
INSERT INTO dis_relationship_master VALUES ('548SS126', 'C2', 'S31', 'SS126', 'D97', 'DM2');
INSERT INTO dis_relationship_master VALUES ('548SS119', 'C2', 'S31', 'SS119', 'D97', 'DM2');
INSERT INTO dis_relationship_master VALUES ('548SS82', 'C2', 'S31', 'SS82', 'D97', 'DM2');
INSERT INTO dis_relationship_master VALUES ('548SS78', 'C2', 'S31', 'SS78', 'D97', 'DM2');
INSERT INTO dis_relationship_master VALUES ('548SS67', 'C2', 'S31', 'SS67', 'D97', 'DM2');
INSERT INTO dis_relationship_master VALUES ('548SS49', 'C2', 'S31', 'SS49', 'D97', 'DM2');
INSERT INTO dis_relationship_master VALUES ('548SS42', 'C2', 'S31', 'SS42', 'D97', 'DM2');
INSERT INTO dis_relationship_master VALUES ('548SS40', 'C2', 'S31', 'SS40', 'D97', 'DM2');
INSERT INTO dis_relationship_master VALUES ('548SS35', 'C2', 'S31', 'SS35', 'D97', 'DM2');
INSERT INTO dis_relationship_master VALUES ('548SS31', 'C2', 'S31', 'SS31', 'D97', 'DM2');
INSERT INTO dis_relationship_master VALUES ('548SS29', 'C2', 'S31', 'SS29', 'D97', 'DM2');
INSERT INTO dis_relationship_master VALUES ('548SS17', 'C2', 'S31', 'SS17', 'D97', 'DM2');
INSERT INTO diagnoses VALUES ('D98', 'SCLEROSING POLYCYSTIC ADENOSIS (KUSHNER DISEASE)');
INSERT INTO dis_relationship_master VALUES ('1227SS172', 'C7', 'S97', 'SS172', 'D98', 'DM2');
INSERT INTO dis_relationship_diagnosis_to_diagnosis_modifier VALUES ('D98', 'DM2');
INSERT INTO dis_relationship_master VALUES ('1227SS171', 'C7', 'S97', 'SS171', 'D98', 'DM2');
INSERT INTO dis_relationship_master VALUES ('1227SS170', 'C7', 'S97', 'SS170', 'D98', 'DM2');
INSERT INTO dis_relationship_master VALUES ('1227SS127', 'C7', 'S97', 'SS127', 'D98', 'DM2');
INSERT INTO dis_relationship_master VALUES ('1227SS110', 'C7', 'S97', 'SS110', 'D98', 'DM2');
INSERT INTO dis_relationship_master VALUES ('2053', 'C0', 'S0', 'SS0', 'D98', 'DM2');
INSERT INTO diagnoses VALUES ('D99', 'SEBACEOUS GLAND TUMORS');
INSERT INTO dis_relationship_master VALUES ('1276SS157', 'C7', 'S1', 'SS157', 'D99', 'DM2');
INSERT INTO dis_relationship_diagnosis_to_diagnosis_modifier VALUES ('D99', 'DM2');
INSERT INTO dis_relationship_master VALUES ('1276SS156', 'C7', 'S1', 'SS156', 'D99', 'DM2');
INSERT INTO dis_relationship_master VALUES ('1276SS98', 'C7', 'S1', 'SS98', 'D99', 'DM2');
INSERT INTO dis_relationship_master VALUES ('1276SS73', 'C7', 'S1', 'SS73', 'D99', 'DM2');
INSERT INTO dis_relationship_master VALUES ('1276SS66', 'C7', 'S1', 'SS66', 'D99', 'DM2');
INSERT INTO dis_relationship_master VALUES ('1276SS65', 'C7', 'S1', 'SS65', 'D99', 'DM2');
INSERT INTO dis_relationship_master VALUES ('1276SS57', 'C7', 'S1', 'SS57', 'D99', 'DM2');
INSERT INTO dis_relationship_master VALUES ('1276SS19', 'C7', 'S1', 'SS19', 'D99', 'DM2');
INSERT INTO dis_relationship_master VALUES ('1276SS8', 'C7', 'S1', 'SS8', 'D99', 'DM2');
INSERT INTO dis_relationship_master VALUES ('1276SS2', 'C7', 'S1', 'SS2', 'D99', 'DM2');
INSERT INTO dis_relationship_master VALUES ('1885', 'C0', 'S0', 'SS0', 'D99', 'DM2');
INSERT INTO diagnoses VALUES ('D100', 'SEBORRHEIC KERATOSIS');
INSERT INTO dis_relationship_master VALUES ('1277SS157', 'C7', 'S1', 'SS157', 'D100', 'DM88');
INSERT INTO dis_relationship_diagnosis_to_diagnosis_modifier VALUES ('D100', 'DM88');
INSERT INTO dis_relationship_master VALUES ('1277SS156', 'C7', 'S1', 'SS156', 'D100', 'DM88');
INSERT INTO dis_relationship_master VALUES ('1277SS98', 'C7', 'S1', 'SS98', 'D100', 'DM88');
INSERT INTO dis_relationship_master VALUES ('1277SS73', 'C7', 'S1', 'SS73', 'D100', 'DM88');
INSERT INTO dis_relationship_master VALUES ('1277SS66', 'C7', 'S1', 'SS66', 'D100', 'DM88');
INSERT INTO dis_relationship_master VALUES ('1277SS65', 'C7', 'S1', 'SS65', 'D100', 'DM88');
INSERT INTO dis_relationship_master VALUES ('1277SS57', 'C7', 'S1', 'SS57', 'D100', 'DM88');
INSERT INTO dis_relationship_master VALUES ('1277SS19', 'C7', 'S1', 'SS19', 'D100', 'DM88');
INSERT INTO dis_relationship_master VALUES ('1277SS8', 'C7', 'S1', 'SS8', 'D100', 'DM88');
INSERT INTO dis_relationship_master VALUES ('1277SS2', 'C7', 'S1', 'SS2', 'D100', 'DM88');
INSERT INTO diagnosis_modifiers VALUES ('DM145', 'MELANOACANTHOMA');
INSERT INTO dis_relationship_master VALUES ('1278SS157', 'C7', 'S1', 'SS157', 'D100', 'DM145');
INSERT INTO dis_relationship_diagnosis_to_diagnosis_modifier VALUES ('D100', 'DM145');
INSERT INTO dis_relationship_master VALUES ('1278SS156', 'C7', 'S1', 'SS156', 'D100', 'DM145');
INSERT INTO dis_relationship_master VALUES ('1278SS98', 'C7', 'S1', 'SS98', 'D100', 'DM145');
INSERT INTO dis_relationship_master VALUES ('1278SS73', 'C7', 'S1', 'SS73', 'D100', 'DM145');
INSERT INTO dis_relationship_master VALUES ('1278SS66', 'C7', 'S1', 'SS66', 'D100', 'DM145');
INSERT INTO dis_relationship_master VALUES ('1278SS65', 'C7', 'S1', 'SS65', 'D100', 'DM145');
INSERT INTO dis_relationship_master VALUES ('1278SS57', 'C7', 'S1', 'SS57', 'D100', 'DM145');
INSERT INTO dis_relationship_master VALUES ('1278SS19', 'C7', 'S1', 'SS19', 'D100', 'DM145');
INSERT INTO dis_relationship_master VALUES ('1278SS8', 'C7', 'S1', 'SS8', 'D100', 'DM145');
INSERT INTO dis_relationship_master VALUES ('1278SS2', 'C7', 'S1', 'SS2', 'D100', 'DM145');
INSERT INTO diagnoses VALUES ('D101', 'SECRETORY (JUVENILE)');
INSERT INTO dis_relationship_master VALUES ('1856', 'C0', 'S0', 'SS0', 'D101', 'DM2');
INSERT INTO dis_relationship_diagnosis_to_diagnosis_modifier VALUES ('D101', 'DM2');
INSERT INTO dis_relationship_master VALUES ('611SS164', 'C6', 'S20', 'SS164', 'D101', 'DM2');
INSERT INTO dis_relationship_master VALUES ('611SS118', 'C6', 'S20', 'SS118', 'D101', 'DM2');
INSERT INTO dis_relationship_master VALUES ('611SS114', 'C6', 'S20', 'SS114', 'D101', 'DM2');
INSERT INTO diagnoses VALUES ('D102', 'SEMINOMA');
INSERT INTO dis_relationship_master VALUES ('1464SS1', 'C6', 'S42', 'SS1', 'D102', 'DM2');
INSERT INTO dis_relationship_diagnosis_to_diagnosis_modifier VALUES ('D102', 'DM2');
INSERT INTO dis_relationship_master VALUES ('1997', 'C0', 'S0', 'SS0', 'D102', 'DM2');
INSERT INTO diagnoses VALUES ('D103', 'SEPARATION');
INSERT INTO dis_relationship_master VALUES ('1143SS1', 'C2', 'S27', 'SS1', 'D103', 'DM2');
INSERT INTO dis_relationship_diagnosis_to_diagnosis_modifier VALUES ('D103', 'DM2');
INSERT INTO dis_relationship_master VALUES ('1825', 'C0', 'S0', 'SS0', 'D103', 'DM2');
INSERT INTO diagnoses VALUES ('D104', 'SEROUS CYSTIC');
INSERT INTO dis_relationship_master VALUES ('1102SS175', 'C1', 'S24', 'SS175', 'D104', 'DM2');
INSERT INTO dis_relationship_diagnosis_to_diagnosis_modifier VALUES ('D104', 'DM2');
INSERT INTO dis_relationship_master VALUES ('1102SS123', 'C1', 'S24', 'SS123', 'D104', 'DM2');
INSERT INTO dis_relationship_master VALUES ('1921', 'C0', 'S0', 'SS0', 'D104', 'DM2');
INSERT INTO diagnoses VALUES ('D105', 'SEROUS CYSTIC NEOPLASM');
INSERT INTO dis_relationship_master VALUES ('1103SS175', 'C7', 'S24', 'SS175', 'D105', 'DM2');
INSERT INTO dis_relationship_diagnosis_to_diagnosis_modifier VALUES ('D105', 'DM2');
INSERT INTO dis_relationship_master VALUES ('1103SS123', 'C7', 'S24', 'SS123', 'D105', 'DM2');
INSERT INTO dis_relationship_master VALUES ('1950', 'C0', 'S0', 'SS0', 'D105', 'DM2');
INSERT INTO diagnoses VALUES ('D106', 'SERTOLI CELL TUMOR');
INSERT INTO dis_relationship_master VALUES ('1465SS1', 'C7', 'S42', 'SS1', 'D106', 'DM2');
INSERT INTO dis_relationship_diagnosis_to_diagnosis_modifier VALUES ('D106', 'DM2');
INSERT INTO dis_relationship_master VALUES ('1770', 'C0', 'S0', 'SS0', 'D106', 'DM2');
INSERT INTO diagnoses VALUES ('D107', 'SERTOLI LEYDIG CELL TUMOR');
INSERT INTO dis_relationship_master VALUES ('1466SS1', 'C6', 'S42', 'SS1', 'D107', 'DM2');
INSERT INTO dis_relationship_diagnosis_to_diagnosis_modifier VALUES ('D107', 'DM2');
INSERT INTO dis_relationship_master VALUES ('1905', 'C0', 'S0', 'SS0', 'D107', 'DM2');
INSERT INTO diagnoses VALUES ('D108', 'SEX CORD STROMAL TUMOR');
INSERT INTO diagnosis_modifiers VALUES ('DM146', 'GRANULOSA CELL TUMOR ADULT');
INSERT INTO dis_relationship_master VALUES ('1052SS137', 'C1', 'S35', 'SS137', 'D108', 'DM146');
INSERT INTO dis_relationship_diagnosis_to_diagnosis_modifier VALUES ('D108', 'DM146');
INSERT INTO dis_relationship_master VALUES ('1052SS52', 'C1', 'S35', 'SS52', 'D108', 'DM146');
INSERT INTO dis_relationship_master VALUES ('1052SS80', 'C1', 'S35', 'SS80', 'D108', 'DM146');
INSERT INTO dis_relationship_master VALUES ('1052SS42', 'C1', 'S35', 'SS42', 'D108', 'DM146');
INSERT INTO dis_relationship_master VALUES ('1052SS41', 'C1', 'S35', 'SS41', 'D108', 'DM146');
INSERT INTO diagnoses VALUES ('D109', 'SEX CORD-STROMAL TUMOR');
INSERT INTO diagnosis_modifiers VALUES ('DM147', 'GRANULOSA CELL TUMOR JUVENILE');
INSERT INTO dis_relationship_master VALUES ('1053SS137', 'C7', 'S35', 'SS137', 'D109', 'DM147');
INSERT INTO dis_relationship_diagnosis_to_diagnosis_modifier VALUES ('D109', 'DM147');
INSERT INTO dis_relationship_master VALUES ('1053SS52', 'C7', 'S35', 'SS52', 'D109', 'DM147');
INSERT INTO dis_relationship_master VALUES ('1053SS80', 'C7', 'S35', 'SS80', 'D109', 'DM147');
INSERT INTO dis_relationship_master VALUES ('1053SS42', 'C7', 'S35', 'SS42', 'D109', 'DM147');
INSERT INTO dis_relationship_master VALUES ('1053SS41', 'C7', 'S35', 'SS41', 'D109', 'DM147');
INSERT INTO diagnosis_modifiers VALUES ('DM148', 'LIPOID CELL TUMOR (HILUS)');
INSERT INTO dis_relationship_master VALUES ('1054SS137', 'C1', 'S35', 'SS137', 'D109', 'DM148');
INSERT INTO dis_relationship_diagnosis_to_diagnosis_modifier VALUES ('D109', 'DM148');
INSERT INTO dis_relationship_master VALUES ('1054SS52', 'C1', 'S35', 'SS52', 'D109', 'DM148');
INSERT INTO dis_relationship_master VALUES ('1054SS80', 'C1', 'S35', 'SS80', 'D109', 'DM148');
INSERT INTO dis_relationship_master VALUES ('1054SS42', 'C1', 'S35', 'SS42', 'D109', 'DM148');
INSERT INTO dis_relationship_master VALUES ('1054SS41', 'C1', 'S35', 'SS41', 'D109', 'DM148');
INSERT INTO diagnosis_modifiers VALUES ('DM149', 'PICKS CELL ADENOMA');
INSERT INTO dis_relationship_master VALUES ('1467SS1', 'C7', 'S42', 'SS1', 'D109', 'DM149');
INSERT INTO dis_relationship_diagnosis_to_diagnosis_modifier VALUES ('D109', 'DM149');
INSERT INTO diagnosis_modifiers VALUES ('DM150', 'SERTOLI-LEYDIG CELL TUMOR');
INSERT INTO dis_relationship_master VALUES ('1468SS1', 'C1', 'S42', 'SS1', 'D109', 'DM150');
INSERT INTO dis_relationship_diagnosis_to_diagnosis_modifier VALUES ('D109', 'DM150');
INSERT INTO dis_relationship_master VALUES ('1055SS137', 'C1', 'S35', 'SS137', 'D109', 'DM150');
INSERT INTO dis_relationship_master VALUES ('1055SS52', 'C1', 'S35', 'SS52', 'D109', 'DM150');
INSERT INTO dis_relationship_master VALUES ('1055SS80', 'C1', 'S35', 'SS80', 'D109', 'DM150');
INSERT INTO dis_relationship_master VALUES ('1055SS42', 'C1', 'S35', 'SS42', 'D109', 'DM150');
INSERT INTO dis_relationship_master VALUES ('1055SS41', 'C1', 'S35', 'SS41', 'D109', 'DM150');
INSERT INTO diagnoses VALUES ('D110', 'SIALADENITIS');
INSERT INTO diagnosis_modifiers VALUES ('DM151', 'CHRONIC');
INSERT INTO dis_relationship_master VALUES ('1228SS172', 'C2', 'S97', 'SS172', 'D110', 'DM151');
INSERT INTO dis_relationship_diagnosis_to_diagnosis_modifier VALUES ('D110', 'DM151');
INSERT INTO dis_relationship_master VALUES ('1228SS171', 'C2', 'S97', 'SS171', 'D110', 'DM151');
INSERT INTO dis_relationship_master VALUES ('1228SS170', 'C2', 'S97', 'SS170', 'D110', 'DM151');
INSERT INTO dis_relationship_master VALUES ('1228SS127', 'C2', 'S97', 'SS127', 'D110', 'DM151');
INSERT INTO dis_relationship_master VALUES ('1228SS110', 'C2', 'S97', 'SS110', 'D110', 'DM151');
INSERT INTO diagnoses VALUES ('D111', 'SINUSITIS');
INSERT INTO dis_relationship_master VALUES ('1236SS116', 'C2', 'S66', 'SS116', 'D111', 'DM151');
INSERT INTO dis_relationship_diagnosis_to_diagnosis_modifier VALUES ('D111', 'DM151');
INSERT INTO diagnoses VALUES ('D112', 'SKIN DISORDERS');
INSERT INTO diagnosis_modifiers VALUES ('DM152', 'ATOPIC (ALLERGIC) DERMATITIS');
INSERT INTO dis_relationship_master VALUES ('1279SS157', 'C2', 'S1', 'SS157', 'D112', 'DM152');
INSERT INTO dis_relationship_diagnosis_to_diagnosis_modifier VALUES ('D112', 'DM152');
INSERT INTO dis_relationship_master VALUES ('1279SS156', 'C2', 'S1', 'SS156', 'D112', 'DM152');
INSERT INTO dis_relationship_master VALUES ('1279SS98', 'C2', 'S1', 'SS98', 'D112', 'DM152');
INSERT INTO dis_relationship_master VALUES ('1279SS73', 'C2', 'S1', 'SS73', 'D112', 'DM152');
INSERT INTO dis_relationship_master VALUES ('1279SS66', 'C2', 'S1', 'SS66', 'D112', 'DM152');
INSERT INTO dis_relationship_master VALUES ('1279SS65', 'C2', 'S1', 'SS65', 'D112', 'DM152');
INSERT INTO dis_relationship_master VALUES ('1279SS57', 'C2', 'S1', 'SS57', 'D112', 'DM152');
INSERT INTO dis_relationship_master VALUES ('1279SS19', 'C2', 'S1', 'SS19', 'D112', 'DM152');
INSERT INTO dis_relationship_master VALUES ('1279SS8', 'C2', 'S1', 'SS8', 'D112', 'DM152');
INSERT INTO dis_relationship_master VALUES ('1279SS2', 'C2', 'S1', 'SS2', 'D112', 'DM152');
INSERT INTO diagnosis_modifiers VALUES ('DM153', 'BULLOUS PEMPHIGOID');
INSERT INTO dis_relationship_master VALUES ('1280SS157', 'C2', 'S1', 'SS157', 'D112', 'DM153');
INSERT INTO dis_relationship_diagnosis_to_diagnosis_modifier VALUES ('D112', 'DM153');
INSERT INTO dis_relationship_master VALUES ('1280SS156', 'C2', 'S1', 'SS156', 'D112', 'DM153');
INSERT INTO dis_relationship_master VALUES ('1280SS98', 'C2', 'S1', 'SS98', 'D112', 'DM153');
INSERT INTO dis_relationship_master VALUES ('1280SS73', 'C2', 'S1', 'SS73', 'D112', 'DM153');
INSERT INTO dis_relationship_master VALUES ('1280SS66', 'C2', 'S1', 'SS66', 'D112', 'DM153');
INSERT INTO dis_relationship_master VALUES ('1280SS65', 'C2', 'S1', 'SS65', 'D112', 'DM153');
INSERT INTO dis_relationship_master VALUES ('1280SS57', 'C2', 'S1', 'SS57', 'D112', 'DM153');
INSERT INTO dis_relationship_master VALUES ('1280SS19', 'C2', 'S1', 'SS19', 'D112', 'DM153');
INSERT INTO dis_relationship_master VALUES ('1280SS8', 'C2', 'S1', 'SS8', 'D112', 'DM153');
INSERT INTO dis_relationship_master VALUES ('1280SS2', 'C2', 'S1', 'SS2', 'D112', 'DM153');
INSERT INTO diagnosis_modifiers VALUES ('DM154', 'DERMATITIS');
INSERT INTO dis_relationship_master VALUES ('1281SS157', 'C2', 'S1', 'SS157', 'D112', 'DM154');
INSERT INTO dis_relationship_diagnosis_to_diagnosis_modifier VALUES ('D112', 'DM154');
INSERT INTO dis_relationship_master VALUES ('1281SS156', 'C2', 'S1', 'SS156', 'D112', 'DM154');
INSERT INTO dis_relationship_master VALUES ('1281SS98', 'C2', 'S1', 'SS98', 'D112', 'DM154');
INSERT INTO dis_relationship_master VALUES ('1281SS73', 'C2', 'S1', 'SS73', 'D112', 'DM154');
INSERT INTO dis_relationship_master VALUES ('1281SS66', 'C2', 'S1', 'SS66', 'D112', 'DM154');
INSERT INTO dis_relationship_master VALUES ('1281SS65', 'C2', 'S1', 'SS65', 'D112', 'DM154');
INSERT INTO dis_relationship_master VALUES ('1281SS57', 'C2', 'S1', 'SS57', 'D112', 'DM154');
INSERT INTO dis_relationship_master VALUES ('1281SS19', 'C2', 'S1', 'SS19', 'D112', 'DM154');
INSERT INTO dis_relationship_master VALUES ('1281SS8', 'C2', 'S1', 'SS8', 'D112', 'DM154');
INSERT INTO dis_relationship_master VALUES ('1281SS2', 'C2', 'S1', 'SS2', 'D112', 'DM154');
INSERT INTO diagnosis_modifiers VALUES ('DM155', 'DERMATOMYOSITIS');
INSERT INTO dis_relationship_master VALUES ('1282SS157', 'C2', 'S1', 'SS157', 'D112', 'DM155');
INSERT INTO dis_relationship_diagnosis_to_diagnosis_modifier VALUES ('D112', 'DM155');
INSERT INTO dis_relationship_master VALUES ('1282SS156', 'C2', 'S1', 'SS156', 'D112', 'DM155');
INSERT INTO dis_relationship_master VALUES ('1282SS98', 'C2', 'S1', 'SS98', 'D112', 'DM155');
INSERT INTO dis_relationship_master VALUES ('1282SS73', 'C2', 'S1', 'SS73', 'D112', 'DM155');
INSERT INTO dis_relationship_master VALUES ('1282SS66', 'C2', 'S1', 'SS66', 'D112', 'DM155');
INSERT INTO dis_relationship_master VALUES ('1282SS65', 'C2', 'S1', 'SS65', 'D112', 'DM155');
INSERT INTO dis_relationship_master VALUES ('1282SS57', 'C2', 'S1', 'SS57', 'D112', 'DM155');
INSERT INTO dis_relationship_master VALUES ('1282SS19', 'C2', 'S1', 'SS19', 'D112', 'DM155');
INSERT INTO dis_relationship_master VALUES ('1282SS8', 'C2', 'S1', 'SS8', 'D112', 'DM155');
INSERT INTO dis_relationship_master VALUES ('1282SS2', 'C2', 'S1', 'SS2', 'D112', 'DM155');
INSERT INTO diagnosis_modifiers VALUES ('DM156', 'ECZEMA');
INSERT INTO dis_relationship_master VALUES ('1283SS157', 'C2', 'S1', 'SS157', 'D112', 'DM156');
INSERT INTO dis_relationship_diagnosis_to_diagnosis_modifier VALUES ('D112', 'DM156');
INSERT INTO dis_relationship_master VALUES ('1283SS156', 'C2', 'S1', 'SS156', 'D112', 'DM156');
INSERT INTO dis_relationship_master VALUES ('1283SS98', 'C2', 'S1', 'SS98', 'D112', 'DM156');
INSERT INTO dis_relationship_master VALUES ('1283SS73', 'C2', 'S1', 'SS73', 'D112', 'DM156');
INSERT INTO dis_relationship_master VALUES ('1283SS66', 'C2', 'S1', 'SS66', 'D112', 'DM156');
INSERT INTO dis_relationship_master VALUES ('1283SS65', 'C2', 'S1', 'SS65', 'D112', 'DM156');
INSERT INTO dis_relationship_master VALUES ('1283SS57', 'C2', 'S1', 'SS57', 'D112', 'DM156');
INSERT INTO dis_relationship_master VALUES ('1283SS19', 'C2', 'S1', 'SS19', 'D112', 'DM156');
INSERT INTO dis_relationship_master VALUES ('1283SS8', 'C2', 'S1', 'SS8', 'D112', 'DM156');
INSERT INTO dis_relationship_master VALUES ('1283SS2', 'C2', 'S1', 'SS2', 'D112', 'DM156');
INSERT INTO diagnosis_modifiers VALUES ('DM157', 'HIVES/URTICARIA');
INSERT INTO dis_relationship_master VALUES ('1284SS157', 'C2', 'S1', 'SS157', 'D112', 'DM157');
INSERT INTO dis_relationship_diagnosis_to_diagnosis_modifier VALUES ('D112', 'DM157');
INSERT INTO dis_relationship_master VALUES ('1284SS156', 'C2', 'S1', 'SS156', 'D112', 'DM157');
INSERT INTO dis_relationship_master VALUES ('1284SS98', 'C2', 'S1', 'SS98', 'D112', 'DM157');
INSERT INTO dis_relationship_master VALUES ('1284SS73', 'C2', 'S1', 'SS73', 'D112', 'DM157');
INSERT INTO dis_relationship_master VALUES ('1284SS66', 'C2', 'S1', 'SS66', 'D112', 'DM157');
INSERT INTO dis_relationship_master VALUES ('1284SS65', 'C2', 'S1', 'SS65', 'D112', 'DM157');
INSERT INTO dis_relationship_master VALUES ('1284SS57', 'C2', 'S1', 'SS57', 'D112', 'DM157');
INSERT INTO dis_relationship_master VALUES ('1284SS19', 'C2', 'S1', 'SS19', 'D112', 'DM157');
INSERT INTO dis_relationship_master VALUES ('1284SS8', 'C2', 'S1', 'SS8', 'D112', 'DM157');
INSERT INTO dis_relationship_master VALUES ('1284SS2', 'C2', 'S1', 'SS2', 'D112', 'DM157');
INSERT INTO diagnosis_modifiers VALUES ('DM158', 'KELOID');
INSERT INTO dis_relationship_master VALUES ('1285SS157', 'C2', 'S1', 'SS157', 'D112', 'DM158');
INSERT INTO dis_relationship_diagnosis_to_diagnosis_modifier VALUES ('D112', 'DM158');
INSERT INTO dis_relationship_master VALUES ('1285SS156', 'C2', 'S1', 'SS156', 'D112', 'DM158');
INSERT INTO dis_relationship_master VALUES ('1285SS98', 'C2', 'S1', 'SS98', 'D112', 'DM158');
INSERT INTO dis_relationship_master VALUES ('1285SS73', 'C2', 'S1', 'SS73', 'D112', 'DM158');
INSERT INTO dis_relationship_master VALUES ('1285SS66', 'C2', 'S1', 'SS66', 'D112', 'DM158');
INSERT INTO dis_relationship_master VALUES ('1285SS65', 'C2', 'S1', 'SS65', 'D112', 'DM158');
INSERT INTO dis_relationship_master VALUES ('1285SS57', 'C2', 'S1', 'SS57', 'D112', 'DM158');
INSERT INTO dis_relationship_master VALUES ('1285SS19', 'C2', 'S1', 'SS19', 'D112', 'DM158');
INSERT INTO dis_relationship_master VALUES ('1285SS8', 'C2', 'S1', 'SS8', 'D112', 'DM158');
INSERT INTO dis_relationship_master VALUES ('1285SS2', 'C2', 'S1', 'SS2', 'D112', 'DM158');
INSERT INTO diagnosis_modifiers VALUES ('DM159', 'KERATOSIS');
INSERT INTO dis_relationship_master VALUES ('1286SS157', 'C2', 'S1', 'SS157', 'D112', 'DM159');
INSERT INTO dis_relationship_diagnosis_to_diagnosis_modifier VALUES ('D112', 'DM159');
INSERT INTO dis_relationship_master VALUES ('1286SS156', 'C2', 'S1', 'SS156', 'D112', 'DM159');
INSERT INTO dis_relationship_master VALUES ('1286SS98', 'C2', 'S1', 'SS98', 'D112', 'DM159');
INSERT INTO dis_relationship_master VALUES ('1286SS73', 'C2', 'S1', 'SS73', 'D112', 'DM159');
INSERT INTO dis_relationship_master VALUES ('1286SS66', 'C2', 'S1', 'SS66', 'D112', 'DM159');
INSERT INTO dis_relationship_master VALUES ('1286SS65', 'C2', 'S1', 'SS65', 'D112', 'DM159');
INSERT INTO dis_relationship_master VALUES ('1286SS57', 'C2', 'S1', 'SS57', 'D112', 'DM159');
INSERT INTO dis_relationship_master VALUES ('1286SS19', 'C2', 'S1', 'SS19', 'D112', 'DM159');
INSERT INTO dis_relationship_master VALUES ('1286SS8', 'C2', 'S1', 'SS8', 'D112', 'DM159');
INSERT INTO dis_relationship_master VALUES ('1286SS2', 'C2', 'S1', 'SS2', 'D112', 'DM159');
INSERT INTO diagnosis_modifiers VALUES ('DM160', 'LICHEN PLANUS');
INSERT INTO dis_relationship_master VALUES ('1287SS157', 'C2', 'S1', 'SS157', 'D112', 'DM160');
INSERT INTO dis_relationship_diagnosis_to_diagnosis_modifier VALUES ('D112', 'DM160');
INSERT INTO dis_relationship_master VALUES ('1287SS156', 'C2', 'S1', 'SS156', 'D112', 'DM160');
INSERT INTO dis_relationship_master VALUES ('1287SS98', 'C2', 'S1', 'SS98', 'D112', 'DM160');
INSERT INTO dis_relationship_master VALUES ('1287SS73', 'C2', 'S1', 'SS73', 'D112', 'DM160');
INSERT INTO dis_relationship_master VALUES ('1287SS66', 'C2', 'S1', 'SS66', 'D112', 'DM160');
INSERT INTO dis_relationship_master VALUES ('1287SS65', 'C2', 'S1', 'SS65', 'D112', 'DM160');
INSERT INTO dis_relationship_master VALUES ('1287SS57', 'C2', 'S1', 'SS57', 'D112', 'DM160');
INSERT INTO dis_relationship_master VALUES ('1287SS19', 'C2', 'S1', 'SS19', 'D112', 'DM160');
INSERT INTO dis_relationship_master VALUES ('1287SS8', 'C2', 'S1', 'SS8', 'D112', 'DM160');
INSERT INTO dis_relationship_master VALUES ('1287SS2', 'C2', 'S1', 'SS2', 'D112', 'DM160');
INSERT INTO diagnosis_modifiers VALUES ('DM161', 'PEMPHIGUS VULGARIS');
INSERT INTO dis_relationship_master VALUES ('1288SS157', 'C2', 'S1', 'SS157', 'D112', 'DM161');
INSERT INTO dis_relationship_diagnosis_to_diagnosis_modifier VALUES ('D112', 'DM161');
INSERT INTO dis_relationship_master VALUES ('1288SS156', 'C2', 'S1', 'SS156', 'D112', 'DM161');
INSERT INTO dis_relationship_master VALUES ('1288SS98', 'C2', 'S1', 'SS98', 'D112', 'DM161');
INSERT INTO dis_relationship_master VALUES ('1288SS73', 'C2', 'S1', 'SS73', 'D112', 'DM161');
INSERT INTO dis_relationship_master VALUES ('1288SS66', 'C2', 'S1', 'SS66', 'D112', 'DM161');
INSERT INTO dis_relationship_master VALUES ('1288SS65', 'C2', 'S1', 'SS65', 'D112', 'DM161');
INSERT INTO dis_relationship_master VALUES ('1288SS57', 'C2', 'S1', 'SS57', 'D112', 'DM161');
INSERT INTO dis_relationship_master VALUES ('1288SS19', 'C2', 'S1', 'SS19', 'D112', 'DM161');
INSERT INTO dis_relationship_master VALUES ('1288SS8', 'C2', 'S1', 'SS8', 'D112', 'DM161');
INSERT INTO dis_relationship_master VALUES ('1288SS2', 'C2', 'S1', 'SS2', 'D112', 'DM161');
INSERT INTO diagnosis_modifiers VALUES ('DM162', 'PRURITUS');
INSERT INTO dis_relationship_master VALUES ('1289SS157', 'C2', 'S1', 'SS157', 'D112', 'DM162');
INSERT INTO dis_relationship_diagnosis_to_diagnosis_modifier VALUES ('D112', 'DM162');
INSERT INTO dis_relationship_master VALUES ('1289SS156', 'C2', 'S1', 'SS156', 'D112', 'DM162');
INSERT INTO dis_relationship_master VALUES ('1289SS98', 'C2', 'S1', 'SS98', 'D112', 'DM162');
INSERT INTO dis_relationship_master VALUES ('1289SS73', 'C2', 'S1', 'SS73', 'D112', 'DM162');
INSERT INTO dis_relationship_master VALUES ('1289SS66', 'C2', 'S1', 'SS66', 'D112', 'DM162');
INSERT INTO dis_relationship_master VALUES ('1289SS65', 'C2', 'S1', 'SS65', 'D112', 'DM162');
INSERT INTO dis_relationship_master VALUES ('1289SS57', 'C2', 'S1', 'SS57', 'D112', 'DM162');
INSERT INTO dis_relationship_master VALUES ('1289SS19', 'C2', 'S1', 'SS19', 'D112', 'DM162');
INSERT INTO dis_relationship_master VALUES ('1289SS8', 'C2', 'S1', 'SS8', 'D112', 'DM162');
INSERT INTO dis_relationship_master VALUES ('1289SS2', 'C2', 'S1', 'SS2', 'D112', 'DM162');
INSERT INTO diagnosis_modifiers VALUES ('DM163', 'PSORIASIS');
INSERT INTO dis_relationship_master VALUES ('1290SS157', 'C2', 'S1', 'SS157', 'D112', 'DM163');
INSERT INTO dis_relationship_diagnosis_to_diagnosis_modifier VALUES ('D112', 'DM163');
INSERT INTO dis_relationship_master VALUES ('1290SS156', 'C2', 'S1', 'SS156', 'D112', 'DM163');
INSERT INTO dis_relationship_master VALUES ('1290SS98', 'C2', 'S1', 'SS98', 'D112', 'DM163');
INSERT INTO dis_relationship_master VALUES ('1290SS73', 'C2', 'S1', 'SS73', 'D112', 'DM163');
INSERT INTO dis_relationship_master VALUES ('1290SS66', 'C2', 'S1', 'SS66', 'D112', 'DM163');
INSERT INTO dis_relationship_master VALUES ('1290SS65', 'C2', 'S1', 'SS65', 'D112', 'DM163');
INSERT INTO dis_relationship_master VALUES ('1290SS57', 'C2', 'S1', 'SS57', 'D112', 'DM163');
INSERT INTO dis_relationship_master VALUES ('1290SS19', 'C2', 'S1', 'SS19', 'D112', 'DM163');
INSERT INTO dis_relationship_master VALUES ('1290SS8', 'C2', 'S1', 'SS8', 'D112', 'DM163');
INSERT INTO dis_relationship_master VALUES ('1290SS2', 'C2', 'S1', 'SS2', 'D112', 'DM163');
INSERT INTO diagnosis_modifiers VALUES ('DM164', 'ROSACEA');
INSERT INTO dis_relationship_master VALUES ('1291SS157', 'C2', 'S1', 'SS157', 'D112', 'DM164');
INSERT INTO dis_relationship_diagnosis_to_diagnosis_modifier VALUES ('D112', 'DM164');
INSERT INTO dis_relationship_master VALUES ('1291SS156', 'C2', 'S1', 'SS156', 'D112', 'DM164');
INSERT INTO dis_relationship_master VALUES ('1291SS98', 'C2', 'S1', 'SS98', 'D112', 'DM164');
INSERT INTO dis_relationship_master VALUES ('1291SS73', 'C2', 'S1', 'SS73', 'D112', 'DM164');
INSERT INTO dis_relationship_master VALUES ('1291SS66', 'C2', 'S1', 'SS66', 'D112', 'DM164');
INSERT INTO dis_relationship_master VALUES ('1291SS65', 'C2', 'S1', 'SS65', 'D112', 'DM164');
INSERT INTO dis_relationship_master VALUES ('1291SS57', 'C2', 'S1', 'SS57', 'D112', 'DM164');
INSERT INTO dis_relationship_master VALUES ('1291SS19', 'C2', 'S1', 'SS19', 'D112', 'DM164');
INSERT INTO dis_relationship_master VALUES ('1291SS8', 'C2', 'S1', 'SS8', 'D112', 'DM164');
INSERT INTO dis_relationship_master VALUES ('1291SS2', 'C2', 'S1', 'SS2', 'D112', 'DM164');
INSERT INTO diagnosis_modifiers VALUES ('DM165', 'SCLERODERMA');
INSERT INTO dis_relationship_master VALUES ('1292SS157', 'C2', 'S1', 'SS157', 'D112', 'DM165');
INSERT INTO dis_relationship_diagnosis_to_diagnosis_modifier VALUES ('D112', 'DM165');
INSERT INTO dis_relationship_master VALUES ('1292SS156', 'C2', 'S1', 'SS156', 'D112', 'DM165');
INSERT INTO dis_relationship_master VALUES ('1292SS98', 'C2', 'S1', 'SS98', 'D112', 'DM165');
INSERT INTO dis_relationship_master VALUES ('1292SS73', 'C2', 'S1', 'SS73', 'D112', 'DM165');
INSERT INTO dis_relationship_master VALUES ('1292SS66', 'C2', 'S1', 'SS66', 'D112', 'DM165');
INSERT INTO dis_relationship_master VALUES ('1292SS65', 'C2', 'S1', 'SS65', 'D112', 'DM165');
INSERT INTO dis_relationship_master VALUES ('1292SS57', 'C2', 'S1', 'SS57', 'D112', 'DM165');
INSERT INTO dis_relationship_master VALUES ('1292SS19', 'C2', 'S1', 'SS19', 'D112', 'DM165');
INSERT INTO dis_relationship_master VALUES ('1292SS8', 'C2', 'S1', 'SS8', 'D112', 'DM165');
INSERT INTO dis_relationship_master VALUES ('1292SS2', 'C2', 'S1', 'SS2', 'D112', 'DM165');
INSERT INTO diagnosis_modifiers VALUES ('DM166', 'STEVENS-JOHNSON SYNDROME');
INSERT INTO dis_relationship_master VALUES ('1293SS157', 'C2', 'S1', 'SS157', 'D112', 'DM166');
INSERT INTO dis_relationship_diagnosis_to_diagnosis_modifier VALUES ('D112', 'DM166');
INSERT INTO dis_relationship_master VALUES ('1293SS156', 'C2', 'S1', 'SS156', 'D112', 'DM166');
INSERT INTO dis_relationship_master VALUES ('1293SS98', 'C2', 'S1', 'SS98', 'D112', 'DM166');
INSERT INTO dis_relationship_master VALUES ('1293SS73', 'C2', 'S1', 'SS73', 'D112', 'DM166');
INSERT INTO dis_relationship_master VALUES ('1293SS66', 'C2', 'S1', 'SS66', 'D112', 'DM166');
INSERT INTO dis_relationship_master VALUES ('1293SS65', 'C2', 'S1', 'SS65', 'D112', 'DM166');
INSERT INTO dis_relationship_master VALUES ('1293SS57', 'C2', 'S1', 'SS57', 'D112', 'DM166');
INSERT INTO dis_relationship_master VALUES ('1293SS19', 'C2', 'S1', 'SS19', 'D112', 'DM166');
INSERT INTO dis_relationship_master VALUES ('1293SS8', 'C2', 'S1', 'SS8', 'D112', 'DM166');
INSERT INTO dis_relationship_master VALUES ('1293SS2', 'C2', 'S1', 'SS2', 'D112', 'DM166');
INSERT INTO diagnosis_modifiers VALUES ('DM167', 'VITILIGO');
INSERT INTO dis_relationship_master VALUES ('1294SS157', 'C2', 'S1', 'SS157', 'D112', 'DM167');
INSERT INTO dis_relationship_diagnosis_to_diagnosis_modifier VALUES ('D112', 'DM167');
INSERT INTO dis_relationship_master VALUES ('1294SS156', 'C2', 'S1', 'SS156', 'D112', 'DM167');
INSERT INTO dis_relationship_master VALUES ('1294SS98', 'C2', 'S1', 'SS98', 'D112', 'DM167');
INSERT INTO dis_relationship_master VALUES ('1294SS73', 'C2', 'S1', 'SS73', 'D112', 'DM167');
INSERT INTO dis_relationship_master VALUES ('1294SS66', 'C2', 'S1', 'SS66', 'D112', 'DM167');
INSERT INTO dis_relationship_master VALUES ('1294SS65', 'C2', 'S1', 'SS65', 'D112', 'DM167');
INSERT INTO dis_relationship_master VALUES ('1294SS57', 'C2', 'S1', 'SS57', 'D112', 'DM167');
INSERT INTO dis_relationship_master VALUES ('1294SS19', 'C2', 'S1', 'SS19', 'D112', 'DM167');
INSERT INTO dis_relationship_master VALUES ('1294SS8', 'C2', 'S1', 'SS8', 'D112', 'DM167');
INSERT INTO dis_relationship_master VALUES ('1294SS2', 'C2', 'S1', 'SS2', 'D112', 'DM167');
INSERT INTO diagnosis_modifiers VALUES ('DM168', 'XERODERMA PIGMENTOSUM');
INSERT INTO dis_relationship_master VALUES ('1295SS157', 'C2', 'S1', 'SS157', 'D112', 'DM168');
INSERT INTO dis_relationship_diagnosis_to_diagnosis_modifier VALUES ('D112', 'DM168');
INSERT INTO dis_relationship_master VALUES ('1295SS156', 'C2', 'S1', 'SS156', 'D112', 'DM168');
INSERT INTO dis_relationship_master VALUES ('1295SS98', 'C2', 'S1', 'SS98', 'D112', 'DM168');
INSERT INTO dis_relationship_master VALUES ('1295SS73', 'C2', 'S1', 'SS73', 'D112', 'DM168');
INSERT INTO dis_relationship_master VALUES ('1295SS66', 'C2', 'S1', 'SS66', 'D112', 'DM168');
INSERT INTO dis_relationship_master VALUES ('1295SS65', 'C2', 'S1', 'SS65', 'D112', 'DM168');
INSERT INTO dis_relationship_master VALUES ('1295SS57', 'C2', 'S1', 'SS57', 'D112', 'DM168');
INSERT INTO dis_relationship_master VALUES ('1295SS19', 'C2', 'S1', 'SS19', 'D112', 'DM168');
INSERT INTO dis_relationship_master VALUES ('1295SS8', 'C2', 'S1', 'SS8', 'D112', 'DM168');
INSERT INTO dis_relationship_master VALUES ('1295SS2', 'C2', 'S1', 'SS2', 'D112', 'DM168');
INSERT INTO diagnoses VALUES ('D113', 'SOLID & CYSTIC NEOPLASM');
INSERT INTO diagnosis_modifiers VALUES ('DM169', 'SOLID PSEUDOPAPILLARY');
INSERT INTO dis_relationship_master VALUES ('1104SS175', 'C1', 'S24', 'SS175', 'D113', 'DM169');
INSERT INTO dis_relationship_diagnosis_to_diagnosis_modifier VALUES ('D113', 'DM169');
INSERT INTO dis_relationship_master VALUES ('1104SS123', 'C1', 'S24', 'SS123', 'D113', 'DM169');
INSERT INTO diagnoses VALUES ('D114', 'SOLITARY FIBROUS TUMOR');
INSERT INTO dis_relationship_master VALUES ('1147', 'C7', 'S47', 'SS0', 'D114', 'DM2');
INSERT INTO dis_relationship_diagnosis_to_diagnosis_modifier VALUES ('D114', 'DM2');
INSERT INTO dis_relationship_master VALUES ('1886', 'C0', 'S0', 'SS0', 'D114', 'DM2');
INSERT INTO anatomic_sites VALUES ('S95', 'VAGINA');
INSERT INTO subsites VALUES ('SS81', 'HYMEN');
INSERT INTO diagnoses VALUES ('D115', 'SQUAMOUS DYSPLASIA UP TO & INCLUDING CIS (VAIN)');
INSERT INTO dis_relationship_master VALUES ('1565SS81', 'C5', 'S95', 'SS81', 'D115', 'DM2');
INSERT INTO dis_relationship_site_to_subsite VALUES ('S95', 'SS81');
INSERT INTO dis_relationship_diagnosis_to_diagnosis_modifier VALUES ('D115', 'DM2');
INSERT INTO dis_relationship_master VALUES ('2121', 'C0', 'S0', 'SS0', 'D115', 'DM2');
INSERT INTO diagnoses VALUES ('D116', 'SQUAMOUS METAPLASIA');
INSERT INTO dis_relationship_master VALUES ('2347SS125', 'C7', 'S94', 'SS125', 'D116', 'DM2');
INSERT INTO dis_relationship_diagnosis_to_diagnosis_modifier VALUES ('D116', 'DM2');
INSERT INTO dis_relationship_master VALUES ('1836', 'C0', 'S0', 'SS0', 'D116', 'DM2');
INSERT INTO dis_relationship_master VALUES ('809SS197', 'C7', 'S84', 'SS197', 'D116', 'DM2');
INSERT INTO dis_relationship_master VALUES ('809SS113', 'C7', 'S84', 'SS113', 'D116', 'DM2');
INSERT INTO diagnosis_modifiers VALUES ('DM170', 'WITHOUT ATYPIA');
INSERT INTO dis_relationship_master VALUES ('895SS125', 'C7', 'S94', 'SS125', 'D116', 'DM170');
INSERT INTO dis_relationship_diagnosis_to_diagnosis_modifier VALUES ('D116', 'DM170');
INSERT INTO diagnoses VALUES ('D117', 'SQUAMOUS PAPILLOMA');
INSERT INTO dis_relationship_master VALUES ('1296SS157', 'C7', 'S1', 'SS157', 'D117', 'DM2');
INSERT INTO dis_relationship_diagnosis_to_diagnosis_modifier VALUES ('D117', 'DM2');
INSERT INTO dis_relationship_master VALUES ('1296SS156', 'C7', 'S1', 'SS156', 'D117', 'DM2');
INSERT INTO dis_relationship_master VALUES ('1296SS98', 'C7', 'S1', 'SS98', 'D117', 'DM2');
INSERT INTO dis_relationship_master VALUES ('1296SS73', 'C7', 'S1', 'SS73', 'D117', 'DM2');
INSERT INTO dis_relationship_master VALUES ('1296SS66', 'C7', 'S1', 'SS66', 'D117', 'DM2');
INSERT INTO dis_relationship_master VALUES ('1296SS65', 'C7', 'S1', 'SS65', 'D117', 'DM2');
INSERT INTO dis_relationship_master VALUES ('1296SS57', 'C7', 'S1', 'SS57', 'D117', 'DM2');
INSERT INTO dis_relationship_master VALUES ('1296SS19', 'C7', 'S1', 'SS19', 'D117', 'DM2');
INSERT INTO dis_relationship_master VALUES ('1296SS8', 'C7', 'S1', 'SS8', 'D117', 'DM2');
INSERT INTO dis_relationship_master VALUES ('1296SS2', 'C7', 'S1', 'SS2', 'D117', 'DM2');
INSERT INTO dis_relationship_master VALUES ('2097', 'C0', 'S0', 'SS0', 'D117', 'DM2');
INSERT INTO dis_relationship_master VALUES ('43SS1', 'C7', 'S6', 'SS1', 'D117', 'DM2');
INSERT INTO anatomic_sites VALUES ('S87', 'BILE DUCT');
INSERT INTO subsites VALUES ('SS44', 'CYSTIC BILE DUCT');
INSERT INTO diagnoses VALUES ('D118', 'STONE');
INSERT INTO dis_relationship_master VALUES ('345SS44', 'C2', 'S87', 'SS44', 'D118', 'DM2');
INSERT INTO dis_relationship_site_to_subsite VALUES ('S87', 'SS44');
INSERT INTO dis_relationship_diagnosis_to_diagnosis_modifier VALUES ('D118', 'DM2');
INSERT INTO dis_relationship_master VALUES ('1794', 'C0', 'S0', 'SS0', 'D118', 'DM2');
INSERT INTO diagnoses VALUES ('D119', 'STROMAL SCLEROSIS & FIBROSIS');
INSERT INTO dis_relationship_master VALUES ('285', 'C2', 'S0', 'SS0', 'D119', 'DM2');
INSERT INTO dis_relationship_diagnosis_to_diagnosis_modifier VALUES ('D119', 'DM2');
INSERT INTO dis_relationship_master VALUES ('2062', 'C0', 'S0', 'SS0', 'D119', 'DM2');
INSERT INTO diagnoses VALUES ('D120', 'STROMAL TUMOR');
INSERT INTO diagnosis_modifiers VALUES ('DM171', 'SCLEROSING');
INSERT INTO dis_relationship_master VALUES ('1056SS137', 'C7', 'S35', 'SS137', 'D120', 'DM171');
INSERT INTO dis_relationship_diagnosis_to_diagnosis_modifier VALUES ('D120', 'DM171');
INSERT INTO dis_relationship_master VALUES ('1056SS52', 'C7', 'S35', 'SS52', 'D120', 'DM171');
INSERT INTO dis_relationship_master VALUES ('1056SS80', 'C7', 'S35', 'SS80', 'D120', 'DM171');
INSERT INTO dis_relationship_master VALUES ('1056SS42', 'C7', 'S35', 'SS42', 'D120', 'DM171');
INSERT INTO dis_relationship_master VALUES ('1056SS41', 'C7', 'S35', 'SS41', 'D120', 'DM171');
INSERT INTO diagnoses VALUES ('D121', 'STRUMA OVARII');
INSERT INTO dis_relationship_master VALUES ('1057SS137', 'C7', 'S35', 'SS137', 'D121', 'DM2');
INSERT INTO dis_relationship_diagnosis_to_diagnosis_modifier VALUES ('D121', 'DM2');
INSERT INTO dis_relationship_master VALUES ('1057SS52', 'C7', 'S35', 'SS52', 'D121', 'DM2');
INSERT INTO dis_relationship_master VALUES ('1057SS80', 'C7', 'S35', 'SS80', 'D121', 'DM2');
INSERT INTO dis_relationship_master VALUES ('1057SS42', 'C7', 'S35', 'SS42', 'D121', 'DM2');
INSERT INTO dis_relationship_master VALUES ('1057SS41', 'C7', 'S35', 'SS41', 'D121', 'DM2');
INSERT INTO dis_relationship_master VALUES ('1916', 'C0', 'S0', 'SS0', 'D121', 'DM2');
INSERT INTO diagnoses VALUES ('D122', 'SUBEPENDYMOMA');
INSERT INTO dis_relationship_master VALUES ('2010', 'C0', 'S0', 'SS0', 'D122', 'DM2');
INSERT INTO dis_relationship_diagnosis_to_diagnosis_modifier VALUES ('D122', 'DM2');
INSERT INTO dis_relationship_master VALUES ('549SS192', 'C7', 'S31', 'SS192', 'D122', 'DM2');
INSERT INTO dis_relationship_master VALUES ('549SS177', 'C7', 'S31', 'SS177', 'D122', 'DM2');
INSERT INTO dis_relationship_master VALUES ('549SS176', 'C7', 'S31', 'SS176', 'D122', 'DM2');
INSERT INTO dis_relationship_master VALUES ('549SS126', 'C7', 'S31', 'SS126', 'D122', 'DM2');
INSERT INTO dis_relationship_master VALUES ('549SS119', 'C7', 'S31', 'SS119', 'D122', 'DM2');
INSERT INTO dis_relationship_master VALUES ('549SS82', 'C7', 'S31', 'SS82', 'D122', 'DM2');
INSERT INTO dis_relationship_master VALUES ('549SS78', 'C7', 'S31', 'SS78', 'D122', 'DM2');
INSERT INTO dis_relationship_master VALUES ('549SS67', 'C7', 'S31', 'SS67', 'D122', 'DM2');
INSERT INTO dis_relationship_master VALUES ('549SS49', 'C7', 'S31', 'SS49', 'D122', 'DM2');
INSERT INTO dis_relationship_master VALUES ('549SS42', 'C7', 'S31', 'SS42', 'D122', 'DM2');
INSERT INTO dis_relationship_master VALUES ('549SS40', 'C7', 'S31', 'SS40', 'D122', 'DM2');
INSERT INTO dis_relationship_master VALUES ('549SS35', 'C7', 'S31', 'SS35', 'D122', 'DM2');
INSERT INTO dis_relationship_master VALUES ('549SS31', 'C7', 'S31', 'SS31', 'D122', 'DM2');
INSERT INTO dis_relationship_master VALUES ('549SS29', 'C7', 'S31', 'SS29', 'D122', 'DM2');
INSERT INTO dis_relationship_master VALUES ('549SS17', 'C7', 'S31', 'SS17', 'D122', 'DM2');
INSERT INTO diagnoses VALUES ('D123', 'SWEAT GLAND TUMORS');
INSERT INTO dis_relationship_master VALUES ('1297SS157', 'C7', 'S1', 'SS157', 'D123', 'DM2');
INSERT INTO dis_relationship_diagnosis_to_diagnosis_modifier VALUES ('D123', 'DM2');
INSERT INTO dis_relationship_master VALUES ('1297SS156', 'C7', 'S1', 'SS156', 'D123', 'DM2');
INSERT INTO dis_relationship_master VALUES ('1297SS98', 'C7', 'S1', 'SS98', 'D123', 'DM2');
INSERT INTO dis_relationship_master VALUES ('1297SS73', 'C7', 'S1', 'SS73', 'D123', 'DM2');
INSERT INTO dis_relationship_master VALUES ('1297SS66', 'C7', 'S1', 'SS66', 'D123', 'DM2');
INSERT INTO dis_relationship_master VALUES ('1297SS65', 'C7', 'S1', 'SS65', 'D123', 'DM2');
INSERT INTO dis_relationship_master VALUES ('1297SS57', 'C7', 'S1', 'SS57', 'D123', 'DM2');
INSERT INTO dis_relationship_master VALUES ('1297SS19', 'C7', 'S1', 'SS19', 'D123', 'DM2');
INSERT INTO dis_relationship_master VALUES ('1297SS8', 'C7', 'S1', 'SS8', 'D123', 'DM2');
INSERT INTO dis_relationship_master VALUES ('1297SS2', 'C7', 'S1', 'SS2', 'D123', 'DM2');
INSERT INTO dis_relationship_master VALUES ('2055', 'C0', 'S0', 'SS0', 'D123', 'DM2');
INSERT INTO anatomic_sites VALUES ('S41', 'SYNOVIUM');
INSERT INTO subsites VALUES ('SS160', 'SHOULDER');
INSERT INTO diagnoses VALUES ('D124', 'SYNOVITIS');
INSERT INTO dis_relationship_master VALUES ('1447SS160', 'C2', 'S41', 'SS160', 'D124', 'DM113');
INSERT INTO dis_relationship_site_to_subsite VALUES ('S41', 'SS160');
INSERT INTO dis_relationship_diagnosis_to_diagnosis_modifier VALUES ('D124', 'DM113');
INSERT INTO subsites VALUES ('SS94', 'KNEE');
INSERT INTO dis_relationship_master VALUES ('1447SS94', 'C2', 'S41', 'SS94', 'D124', 'DM113');
INSERT INTO dis_relationship_site_to_subsite VALUES ('S41', 'SS94');
INSERT INTO subsites VALUES ('SS77', 'HIP');
INSERT INTO dis_relationship_master VALUES ('1447SS77', 'C2', 'S41', 'SS77', 'D124', 'DM113');
INSERT INTO dis_relationship_site_to_subsite VALUES ('S41', 'SS77');
INSERT INTO diagnoses VALUES ('D125', 'TCC (TRANSITIONAL CELL CARCINOMA)');
INSERT INTO diagnosis_modifiers VALUES ('DM172', 'TCC (TRANSITIONAL CELL CARCINOMA)');
INSERT INTO dis_relationship_master VALUES ('1058SS137', 'C6', 'S35', 'SS137', 'D125', 'DM172');
INSERT INTO dis_relationship_diagnosis_to_diagnosis_modifier VALUES ('D125', 'DM172');
INSERT INTO dis_relationship_master VALUES ('1058SS52', 'C6', 'S35', 'SS52', 'D125', 'DM172');
INSERT INTO dis_relationship_master VALUES ('1058SS80', 'C6', 'S35', 'SS80', 'D125', 'DM172');
INSERT INTO dis_relationship_master VALUES ('1058SS42', 'C6', 'S35', 'SS42', 'D125', 'DM172');
INSERT INTO dis_relationship_master VALUES ('1058SS41', 'C6', 'S35', 'SS41', 'D125', 'DM172');
INSERT INTO anatomic_sites VALUES ('S55', 'TENDON');
INSERT INTO diagnoses VALUES ('D126', 'TENDONITIS');
INSERT INTO dis_relationship_master VALUES ('1451SS1', 'C2', 'S55', 'SS1', 'D126', 'DM2');
INSERT INTO dis_relationship_site_to_subsite VALUES ('S55', 'SS1');
INSERT INTO dis_relationship_diagnosis_to_diagnosis_modifier VALUES ('D126', 'DM2');
INSERT INTO dis_relationship_master VALUES ('1741', 'C0', 'S0', 'SS0', 'D126', 'DM2');
INSERT INTO diagnoses VALUES ('D127', 'TERATOMA');
INSERT INTO dis_relationship_master VALUES ('1469SS1', 'C6', 'S42', 'SS1', 'D127', 'DM2');
INSERT INTO dis_relationship_diagnosis_to_diagnosis_modifier VALUES ('D127', 'DM2');
INSERT INTO dis_relationship_master VALUES ('1059SS137', 'C6', 'S35', 'SS137', 'D127', 'DM2');
INSERT INTO dis_relationship_master VALUES ('1059SS52', 'C6', 'S35', 'SS52', 'D127', 'DM2');
INSERT INTO dis_relationship_master VALUES ('1059SS80', 'C6', 'S35', 'SS80', 'D127', 'DM2');
INSERT INTO dis_relationship_master VALUES ('1059SS42', 'C6', 'S35', 'SS42', 'D127', 'DM2');
INSERT INTO dis_relationship_master VALUES ('1059SS41', 'C6', 'S35', 'SS41', 'D127', 'DM2');
INSERT INTO dis_relationship_master VALUES ('1961', 'C0', 'S0', 'SS0', 'D127', 'DM2');
INSERT INTO diagnosis_modifiers VALUES ('DM173', 'MATURE');
INSERT INTO dis_relationship_master VALUES ('1470SS1', 'C7', 'S42', 'SS1', 'D127', 'DM173');
INSERT INTO dis_relationship_diagnosis_to_diagnosis_modifier VALUES ('D127', 'DM173');
INSERT INTO dis_relationship_master VALUES ('1060SS137', 'C7', 'S35', 'SS137', 'D127', 'DM173');
INSERT INTO dis_relationship_master VALUES ('1060SS52', 'C7', 'S35', 'SS52', 'D127', 'DM173');
INSERT INTO dis_relationship_master VALUES ('1060SS80', 'C7', 'S35', 'SS80', 'D127', 'DM173');
INSERT INTO dis_relationship_master VALUES ('1060SS42', 'C7', 'S35', 'SS42', 'D127', 'DM173');
INSERT INTO dis_relationship_master VALUES ('1060SS41', 'C7', 'S35', 'SS41', 'D127', 'DM173');
INSERT INTO diagnoses VALUES ('D128', 'THECOMA');
INSERT INTO dis_relationship_master VALUES ('1061SS137', 'C7', 'S35', 'SS137', 'D128', 'DM2');
INSERT INTO dis_relationship_diagnosis_to_diagnosis_modifier VALUES ('D128', 'DM2');
INSERT INTO dis_relationship_master VALUES ('1061SS52', 'C7', 'S35', 'SS52', 'D128', 'DM2');
INSERT INTO dis_relationship_master VALUES ('1061SS80', 'C7', 'S35', 'SS80', 'D128', 'DM2');
INSERT INTO dis_relationship_master VALUES ('1061SS42', 'C7', 'S35', 'SS42', 'D128', 'DM2');
INSERT INTO dis_relationship_master VALUES ('1061SS41', 'C7', 'S35', 'SS41', 'D128', 'DM2');
INSERT INTO dis_relationship_master VALUES ('1772', 'C0', 'S0', 'SS0', 'D128', 'DM2');
INSERT INTO anatomic_sites VALUES ('S85', 'THYMUS');
INSERT INTO diagnoses VALUES ('D129', 'THYMOMA');
INSERT INTO diagnosis_modifiers VALUES ('DM174', 'INVASIVE');
INSERT INTO dis_relationship_master VALUES ('1482SS105', 'C1', 'S85', 'SS105', 'D129', 'DM174');
INSERT INTO dis_relationship_site_to_subsite VALUES ('S85', 'SS105');
INSERT INTO dis_relationship_diagnosis_to_diagnosis_modifier VALUES ('D129', 'DM174');
INSERT INTO dis_relationship_master VALUES ('1482SS42', 'C1', 'S85', 'SS42', 'D129', 'DM174');
INSERT INTO dis_relationship_site_to_subsite VALUES ('S85', 'SS42');
INSERT INTO diagnoses VALUES ('D130', 'TONSILLITIS');
INSERT INTO dis_relationship_master VALUES ('998SS181', 'C2', 'S51', 'SS181', 'D130', 'DM113');
INSERT INTO dis_relationship_diagnosis_to_diagnosis_modifier VALUES ('D130', 'DM113');
INSERT INTO dis_relationship_master VALUES ('998SS167', 'C2', 'S51', 'SS167', 'D130', 'DM113');
INSERT INTO dis_relationship_master VALUES ('998SS139', 'C2', 'S51', 'SS139', 'D130', 'DM113');
INSERT INTO dis_relationship_master VALUES ('998SS121', 'C2', 'S51', 'SS121', 'D130', 'DM113');
INSERT INTO dis_relationship_master VALUES ('998SS100', 'C2', 'S51', 'SS100', 'D130', 'DM113');
INSERT INTO dis_relationship_master VALUES ('998SS75', 'C2', 'S51', 'SS75', 'D130', 'DM113');
INSERT INTO dis_relationship_master VALUES ('998SS72', 'C2', 'S51', 'SS72', 'D130', 'DM113');
INSERT INTO dis_relationship_master VALUES ('998SS55', 'C2', 'S51', 'SS55', 'D130', 'DM113');
INSERT INTO dis_relationship_master VALUES ('1508', 'C2', 'S54', 'SS0', 'D130', 'DM113');
INSERT INTO diagnoses VALUES ('D131', 'ULCER');
INSERT INTO dis_relationship_master VALUES ('1442SS166', 'C7', 'S100', 'SS166', 'D131', 'DM2');
INSERT INTO dis_relationship_diagnosis_to_diagnosis_modifier VALUES ('D131', 'DM2');
INSERT INTO dis_relationship_master VALUES ('1442SS147', 'C7', 'S100', 'SS147', 'D131', 'DM2');
INSERT INTO dis_relationship_master VALUES ('1442SS145', 'C7', 'S100', 'SS145', 'D131', 'DM2');
INSERT INTO dis_relationship_master VALUES ('1442SS68', 'C7', 'S100', 'SS68', 'D131', 'DM2');
INSERT INTO dis_relationship_master VALUES ('1442SS5', 'C7', 'S100', 'SS5', 'D131', 'DM2');
INSERT INTO dis_relationship_master VALUES ('1442SS24', 'C7', 'S100', 'SS24', 'D131', 'DM2');
INSERT INTO dis_relationship_master VALUES ('1815', 'C0', 'S0', 'SS0', 'D131', 'DM2');
INSERT INTO dis_relationship_master VALUES ('286', 'C2', 'S0', 'SS0', 'D131', 'DM2');
INSERT INTO diagnoses VALUES ('D132', 'URETERITIS CYSTICA');
INSERT INTO dis_relationship_master VALUES ('1531SS1', 'C7', 'S68', 'SS1', 'D132', 'DM2');
INSERT INTO dis_relationship_diagnosis_to_diagnosis_modifier VALUES ('D132', 'DM2');
INSERT INTO dis_relationship_master VALUES ('1880', 'C0', 'S0', 'SS0', 'D132', 'DM2');
INSERT INTO diagnoses VALUES ('D133', 'URINARY TRACT DISORDERS');
INSERT INTO diagnosis_modifiers VALUES ('DM175', 'ARTERIONEPHROSCLEROSIS');
INSERT INTO dis_relationship_master VALUES ('788SS151', 'C2', 'S82', 'SS151', 'D133', 'DM175');
INSERT INTO dis_relationship_diagnosis_to_diagnosis_modifier VALUES ('D133', 'DM175');
INSERT INTO dis_relationship_master VALUES ('788SS105', 'C2', 'S82', 'SS105', 'D133', 'DM175');
INSERT INTO dis_relationship_master VALUES ('788SS42', 'C2', 'S82', 'SS42', 'D133', 'DM175');
INSERT INTO anatomic_sites VALUES ('S71', 'FORESKIN');
INSERT INTO diagnosis_modifiers VALUES ('DM176', 'BALANITIS');
INSERT INTO dis_relationship_master VALUES ('725SS1', 'C2', 'S71', 'SS1', 'D133', 'DM176');
INSERT INTO dis_relationship_site_to_subsite VALUES ('S71', 'SS1');
INSERT INTO dis_relationship_diagnosis_to_diagnosis_modifier VALUES ('D133', 'DM176');
INSERT INTO diagnosis_modifiers VALUES ('DM177', 'GLOMERULONEPHRITIS');
INSERT INTO dis_relationship_master VALUES ('789SS151', 'C2', 'S82', 'SS151', 'D133', 'DM177');
INSERT INTO dis_relationship_diagnosis_to_diagnosis_modifier VALUES ('D133', 'DM177');
INSERT INTO dis_relationship_master VALUES ('789SS105', 'C2', 'S82', 'SS105', 'D133', 'DM177');
INSERT INTO dis_relationship_master VALUES ('789SS42', 'C2', 'S82', 'SS42', 'D133', 'DM177');
INSERT INTO diagnosis_modifiers VALUES ('DM178', 'GRANULOMATOUS ORCHITIS');
INSERT INTO dis_relationship_master VALUES ('1471SS1', 'C2', 'S42', 'SS1', 'D133', 'DM178');
INSERT INTO dis_relationship_diagnosis_to_diagnosis_modifier VALUES ('D133', 'DM178');
INSERT INTO diagnosis_modifiers VALUES ('DM179', 'ORCHITIS');
INSERT INTO dis_relationship_master VALUES ('1472SS1', 'C2', 'S42', 'SS1', 'D133', 'DM179');
INSERT INTO dis_relationship_diagnosis_to_diagnosis_modifier VALUES ('D133', 'DM179');
INSERT INTO diagnosis_modifiers VALUES ('DM180', 'POLYCYSTIC KIDNEY DISEASE');
INSERT INTO dis_relationship_master VALUES ('790SS151', 'C2', 'S82', 'SS151', 'D133', 'DM180');
INSERT INTO dis_relationship_diagnosis_to_diagnosis_modifier VALUES ('D133', 'DM180');
INSERT INTO dis_relationship_master VALUES ('790SS105', 'C2', 'S82', 'SS105', 'D133', 'DM180');
INSERT INTO dis_relationship_master VALUES ('790SS42', 'C2', 'S82', 'SS42', 'D133', 'DM180');
INSERT INTO diagnosis_modifiers VALUES ('DM181', 'PROSTATITIS');
INSERT INTO dis_relationship_master VALUES ('1164SS183', 'C2', 'S14', 'SS183', 'D133', 'DM181');
INSERT INTO dis_relationship_diagnosis_to_diagnosis_modifier VALUES ('D133', 'DM181');
INSERT INTO dis_relationship_master VALUES ('1164SS138', 'C2', 'S14', 'SS138', 'D133', 'DM181');
INSERT INTO dis_relationship_master VALUES ('1164SS134', 'C2', 'S14', 'SS134', 'D133', 'DM181');
INSERT INTO diagnosis_modifiers VALUES ('DM182', 'PYELONEPHRITIS');
INSERT INTO dis_relationship_master VALUES ('791SS151', 'C2', 'S82', 'SS151', 'D133', 'DM182');
INSERT INTO dis_relationship_diagnosis_to_diagnosis_modifier VALUES ('D133', 'DM182');
INSERT INTO dis_relationship_master VALUES ('791SS105', 'C2', 'S82', 'SS105', 'D133', 'DM182');
INSERT INTO dis_relationship_master VALUES ('791SS42', 'C2', 'S82', 'SS42', 'D133', 'DM182');
INSERT INTO diagnosis_modifiers VALUES ('DM183', 'RENAL FAILURE END STAGE');
INSERT INTO dis_relationship_master VALUES ('792SS151', 'C2', 'S82', 'SS151', 'D133', 'DM183');
INSERT INTO dis_relationship_diagnosis_to_diagnosis_modifier VALUES ('D133', 'DM183');
INSERT INTO dis_relationship_master VALUES ('792SS105', 'C2', 'S82', 'SS105', 'D133', 'DM183');
INSERT INTO dis_relationship_master VALUES ('792SS42', 'C2', 'S82', 'SS42', 'D133', 'DM183');
INSERT INTO diagnosis_modifiers VALUES ('DM184', 'TUBULOINTERSTITIAL NEPHRITIS');
INSERT INTO dis_relationship_master VALUES ('793SS151', 'C2', 'S82', 'SS151', 'D133', 'DM184');
INSERT INTO dis_relationship_diagnosis_to_diagnosis_modifier VALUES ('D133', 'DM184');
INSERT INTO dis_relationship_master VALUES ('793SS105', 'C2', 'S82', 'SS105', 'D133', 'DM184');
INSERT INTO dis_relationship_master VALUES ('793SS42', 'C2', 'S82', 'SS42', 'D133', 'DM184');
INSERT INTO diagnosis_modifiers VALUES ('DM185', 'URETERITIS CYSTICA');
INSERT INTO dis_relationship_master VALUES ('1527SS1', 'C2', 'S11', 'SS1', 'D133', 'DM185');
INSERT INTO dis_relationship_diagnosis_to_diagnosis_modifier VALUES ('D133', 'DM185');
INSERT INTO dis_relationship_master VALUES ('794SS151', 'C2', 'S82', 'SS151', 'D133', 'DM185');
INSERT INTO dis_relationship_master VALUES ('794SS105', 'C2', 'S82', 'SS105', 'D133', 'DM185');
INSERT INTO dis_relationship_master VALUES ('794SS42', 'C2', 'S82', 'SS42', 'D133', 'DM185');
INSERT INTO diagnoses VALUES ('D134', 'URTICARIA PIGMENTOSA');
INSERT INTO dis_relationship_master VALUES ('1298SS157', 'C6', 'S1', 'SS157', 'D134', 'DM2');
INSERT INTO dis_relationship_diagnosis_to_diagnosis_modifier VALUES ('D134', 'DM2');
INSERT INTO dis_relationship_master VALUES ('1298SS156', 'C6', 'S1', 'SS156', 'D134', 'DM2');
INSERT INTO dis_relationship_master VALUES ('1298SS98', 'C6', 'S1', 'SS98', 'D134', 'DM2');
INSERT INTO dis_relationship_master VALUES ('1298SS73', 'C6', 'S1', 'SS73', 'D134', 'DM2');
INSERT INTO dis_relationship_master VALUES ('1298SS66', 'C6', 'S1', 'SS66', 'D134', 'DM2');
INSERT INTO dis_relationship_master VALUES ('1298SS65', 'C6', 'S1', 'SS65', 'D134', 'DM2');
INSERT INTO dis_relationship_master VALUES ('1298SS57', 'C6', 'S1', 'SS57', 'D134', 'DM2');
INSERT INTO dis_relationship_master VALUES ('1298SS19', 'C6', 'S1', 'SS19', 'D134', 'DM2');
INSERT INTO dis_relationship_master VALUES ('1298SS8', 'C6', 'S1', 'SS8', 'D134', 'DM2');
INSERT INTO dis_relationship_master VALUES ('1298SS2', 'C6', 'S1', 'SS2', 'D134', 'DM2');
INSERT INTO dis_relationship_master VALUES ('1990', 'C0', 'S0', 'SS0', 'D134', 'DM2');
INSERT INTO diagnoses VALUES ('D135', 'UVEITIS');
INSERT INTO dis_relationship_master VALUES ('1757', 'C0', 'S0', 'SS0', 'D135', 'DM2');
INSERT INTO dis_relationship_diagnosis_to_diagnosis_modifier VALUES ('D135', 'DM2');
INSERT INTO dis_relationship_master VALUES ('708SS199', 'C2', 'S58', 'SS199', 'D135', 'DM2');
INSERT INTO dis_relationship_master VALUES ('708SS152', 'C2', 'S58', 'SS152', 'D135', 'DM2');
INSERT INTO dis_relationship_master VALUES ('708SS99', 'C2', 'S58', 'SS99', 'D135', 'DM2');
INSERT INTO dis_relationship_master VALUES ('708SS97', 'C2', 'S58', 'SS97', 'D135', 'DM2');
INSERT INTO dis_relationship_master VALUES ('708SS39', 'C2', 'S58', 'SS39', 'D135', 'DM2');
INSERT INTO dis_relationship_master VALUES ('708SS37', 'C2', 'S58', 'SS37', 'D135', 'DM2');
INSERT INTO diagnoses VALUES ('D136', 'VASCULAR MALFORMATION');
INSERT INTO diagnosis_modifiers VALUES ('DM186', 'ARTERIOVENOUS');
INSERT INTO dis_relationship_master VALUES ('550SS192', 'C7', 'S31', 'SS192', 'D136', 'DM186');
INSERT INTO dis_relationship_diagnosis_to_diagnosis_modifier VALUES ('D136', 'DM186');
INSERT INTO dis_relationship_master VALUES ('550SS177', 'C7', 'S31', 'SS177', 'D136', 'DM186');
INSERT INTO dis_relationship_master VALUES ('550SS176', 'C7', 'S31', 'SS176', 'D136', 'DM186');
INSERT INTO dis_relationship_master VALUES ('550SS126', 'C7', 'S31', 'SS126', 'D136', 'DM186');
INSERT INTO dis_relationship_master VALUES ('550SS119', 'C7', 'S31', 'SS119', 'D136', 'DM186');
INSERT INTO dis_relationship_master VALUES ('550SS82', 'C7', 'S31', 'SS82', 'D136', 'DM186');
INSERT INTO dis_relationship_master VALUES ('550SS78', 'C7', 'S31', 'SS78', 'D136', 'DM186');
INSERT INTO dis_relationship_master VALUES ('550SS67', 'C7', 'S31', 'SS67', 'D136', 'DM186');
INSERT INTO dis_relationship_master VALUES ('550SS49', 'C7', 'S31', 'SS49', 'D136', 'DM186');
INSERT INTO dis_relationship_master VALUES ('550SS42', 'C7', 'S31', 'SS42', 'D136', 'DM186');
INSERT INTO dis_relationship_master VALUES ('550SS40', 'C7', 'S31', 'SS40', 'D136', 'DM186');
INSERT INTO dis_relationship_master VALUES ('550SS35', 'C7', 'S31', 'SS35', 'D136', 'DM186');
INSERT INTO dis_relationship_master VALUES ('550SS31', 'C7', 'S31', 'SS31', 'D136', 'DM186');
INSERT INTO dis_relationship_master VALUES ('550SS29', 'C7', 'S31', 'SS29', 'D136', 'DM186');
INSERT INTO dis_relationship_master VALUES ('550SS17', 'C7', 'S31', 'SS17', 'D136', 'DM186');
INSERT INTO dis_relationship_master VALUES ('287', 'C7', 'S0', 'SS0', 'D136', 'DM186');
INSERT INTO diagnosis_modifiers VALUES ('DM187', 'HEMANGIOMA');
INSERT INTO dis_relationship_master VALUES ('551SS192', 'C7', 'S31', 'SS192', 'D136', 'DM187');
INSERT INTO dis_relationship_diagnosis_to_diagnosis_modifier VALUES ('D136', 'DM187');
INSERT INTO dis_relationship_master VALUES ('551SS177', 'C7', 'S31', 'SS177', 'D136', 'DM187');
INSERT INTO dis_relationship_master VALUES ('551SS176', 'C7', 'S31', 'SS176', 'D136', 'DM187');
INSERT INTO dis_relationship_master VALUES ('551SS126', 'C7', 'S31', 'SS126', 'D136', 'DM187');
INSERT INTO dis_relationship_master VALUES ('551SS119', 'C7', 'S31', 'SS119', 'D136', 'DM187');
INSERT INTO dis_relationship_master VALUES ('551SS82', 'C7', 'S31', 'SS82', 'D136', 'DM187');
INSERT INTO dis_relationship_master VALUES ('551SS78', 'C7', 'S31', 'SS78', 'D136', 'DM187');
INSERT INTO dis_relationship_master VALUES ('551SS67', 'C7', 'S31', 'SS67', 'D136', 'DM187');
INSERT INTO dis_relationship_master VALUES ('551SS49', 'C7', 'S31', 'SS49', 'D136', 'DM187');
INSERT INTO dis_relationship_master VALUES ('551SS42', 'C7', 'S31', 'SS42', 'D136', 'DM187');
INSERT INTO dis_relationship_master VALUES ('551SS40', 'C7', 'S31', 'SS40', 'D136', 'DM187');
INSERT INTO dis_relationship_master VALUES ('551SS35', 'C7', 'S31', 'SS35', 'D136', 'DM187');
INSERT INTO dis_relationship_master VALUES ('551SS31', 'C7', 'S31', 'SS31', 'D136', 'DM187');
INSERT INTO dis_relationship_master VALUES ('551SS29', 'C7', 'S31', 'SS29', 'D136', 'DM187');
INSERT INTO dis_relationship_master VALUES ('551SS17', 'C7', 'S31', 'SS17', 'D136', 'DM187');
INSERT INTO dis_relationship_master VALUES ('288', 'C7', 'S0', 'SS0', 'D136', 'DM187');
INSERT INTO dis_relationship_master VALUES ('552SS192', 'C7', 'S31', 'SS192', 'D136', 'DM125');
INSERT INTO dis_relationship_diagnosis_to_diagnosis_modifier VALUES ('D136', 'DM125');
INSERT INTO dis_relationship_master VALUES ('552SS177', 'C7', 'S31', 'SS177', 'D136', 'DM125');
INSERT INTO dis_relationship_master VALUES ('552SS176', 'C7', 'S31', 'SS176', 'D136', 'DM125');
INSERT INTO dis_relationship_master VALUES ('552SS126', 'C7', 'S31', 'SS126', 'D136', 'DM125');
INSERT INTO dis_relationship_master VALUES ('552SS119', 'C7', 'S31', 'SS119', 'D136', 'DM125');
INSERT INTO dis_relationship_master VALUES ('552SS82', 'C7', 'S31', 'SS82', 'D136', 'DM125');
INSERT INTO dis_relationship_master VALUES ('552SS78', 'C7', 'S31', 'SS78', 'D136', 'DM125');
INSERT INTO dis_relationship_master VALUES ('552SS67', 'C7', 'S31', 'SS67', 'D136', 'DM125');
INSERT INTO dis_relationship_master VALUES ('552SS49', 'C7', 'S31', 'SS49', 'D136', 'DM125');
INSERT INTO dis_relationship_master VALUES ('552SS42', 'C7', 'S31', 'SS42', 'D136', 'DM125');
INSERT INTO dis_relationship_master VALUES ('552SS40', 'C7', 'S31', 'SS40', 'D136', 'DM125');
INSERT INTO dis_relationship_master VALUES ('552SS35', 'C7', 'S31', 'SS35', 'D136', 'DM125');
INSERT INTO dis_relationship_master VALUES ('552SS31', 'C7', 'S31', 'SS31', 'D136', 'DM125');
INSERT INTO dis_relationship_master VALUES ('552SS29', 'C7', 'S31', 'SS29', 'D136', 'DM125');
INSERT INTO dis_relationship_master VALUES ('552SS17', 'C7', 'S31', 'SS17', 'D136', 'DM125');
INSERT INTO dis_relationship_master VALUES ('289', 'C7', 'S0', 'SS0', 'D136', 'DM125');
INSERT INTO diagnosis_modifiers VALUES ('DM188', 'LYMPHANGIOMA');
INSERT INTO dis_relationship_master VALUES ('553SS192', 'C7', 'S31', 'SS192', 'D136', 'DM188');
INSERT INTO dis_relationship_diagnosis_to_diagnosis_modifier VALUES ('D136', 'DM188');
INSERT INTO dis_relationship_master VALUES ('553SS177', 'C7', 'S31', 'SS177', 'D136', 'DM188');
INSERT INTO dis_relationship_master VALUES ('553SS176', 'C7', 'S31', 'SS176', 'D136', 'DM188');
INSERT INTO dis_relationship_master VALUES ('553SS126', 'C7', 'S31', 'SS126', 'D136', 'DM188');
INSERT INTO dis_relationship_master VALUES ('553SS119', 'C7', 'S31', 'SS119', 'D136', 'DM188');
INSERT INTO dis_relationship_master VALUES ('553SS82', 'C7', 'S31', 'SS82', 'D136', 'DM188');
INSERT INTO dis_relationship_master VALUES ('553SS78', 'C7', 'S31', 'SS78', 'D136', 'DM188');
INSERT INTO dis_relationship_master VALUES ('553SS67', 'C7', 'S31', 'SS67', 'D136', 'DM188');
INSERT INTO dis_relationship_master VALUES ('553SS49', 'C7', 'S31', 'SS49', 'D136', 'DM188');
INSERT INTO dis_relationship_master VALUES ('553SS42', 'C7', 'S31', 'SS42', 'D136', 'DM188');
INSERT INTO dis_relationship_master VALUES ('553SS40', 'C7', 'S31', 'SS40', 'D136', 'DM188');
INSERT INTO dis_relationship_master VALUES ('553SS35', 'C7', 'S31', 'SS35', 'D136', 'DM188');
INSERT INTO dis_relationship_master VALUES ('553SS31', 'C7', 'S31', 'SS31', 'D136', 'DM188');
INSERT INTO dis_relationship_master VALUES ('553SS29', 'C7', 'S31', 'SS29', 'D136', 'DM188');
INSERT INTO dis_relationship_master VALUES ('553SS17', 'C7', 'S31', 'SS17', 'D136', 'DM188');
INSERT INTO dis_relationship_master VALUES ('290', 'C7', 'S0', 'SS0', 'D136', 'DM188');
INSERT INTO diagnoses VALUES ('D137', 'VERRUCA');
INSERT INTO dis_relationship_master VALUES ('291', 'C7', 'S0', 'SS0', 'D137', 'DM2');
INSERT INTO dis_relationship_diagnosis_to_diagnosis_modifier VALUES ('D137', 'DM2');
INSERT INTO diagnoses VALUES ('D138', 'VERRUCA (WART)');
INSERT INTO diagnosis_modifiers VALUES ('DM189', 'PLANTARIS');
INSERT INTO dis_relationship_master VALUES ('1299SS157', 'C7', 'S1', 'SS157', 'D138', 'DM189');
INSERT INTO dis_relationship_diagnosis_to_diagnosis_modifier VALUES ('D138', 'DM189');
INSERT INTO dis_relationship_master VALUES ('1299SS156', 'C7', 'S1', 'SS156', 'D138', 'DM189');
INSERT INTO dis_relationship_master VALUES ('1299SS98', 'C7', 'S1', 'SS98', 'D138', 'DM189');
INSERT INTO dis_relationship_master VALUES ('1299SS73', 'C7', 'S1', 'SS73', 'D138', 'DM189');
INSERT INTO dis_relationship_master VALUES ('1299SS66', 'C7', 'S1', 'SS66', 'D138', 'DM189');
INSERT INTO dis_relationship_master VALUES ('1299SS65', 'C7', 'S1', 'SS65', 'D138', 'DM189');
INSERT INTO dis_relationship_master VALUES ('1299SS57', 'C7', 'S1', 'SS57', 'D138', 'DM189');
INSERT INTO dis_relationship_master VALUES ('1299SS19', 'C7', 'S1', 'SS19', 'D138', 'DM189');
INSERT INTO dis_relationship_master VALUES ('1299SS8', 'C7', 'S1', 'SS8', 'D138', 'DM189');
INSERT INTO dis_relationship_master VALUES ('1299SS2', 'C7', 'S1', 'SS2', 'D138', 'DM189');
INSERT INTO diagnosis_modifiers VALUES ('DM190', 'VULGARIS');
INSERT INTO dis_relationship_master VALUES ('1300SS157', 'C7', 'S1', 'SS157', 'D138', 'DM190');
INSERT INTO dis_relationship_diagnosis_to_diagnosis_modifier VALUES ('D138', 'DM190');
INSERT INTO dis_relationship_master VALUES ('1300SS156', 'C7', 'S1', 'SS156', 'D138', 'DM190');
INSERT INTO dis_relationship_master VALUES ('1300SS98', 'C7', 'S1', 'SS98', 'D138', 'DM190');
INSERT INTO dis_relationship_master VALUES ('1300SS73', 'C7', 'S1', 'SS73', 'D138', 'DM190');
INSERT INTO dis_relationship_master VALUES ('1300SS66', 'C7', 'S1', 'SS66', 'D138', 'DM190');
INSERT INTO dis_relationship_master VALUES ('1300SS65', 'C7', 'S1', 'SS65', 'D138', 'DM190');
INSERT INTO dis_relationship_master VALUES ('1300SS57', 'C7', 'S1', 'SS57', 'D138', 'DM190');
INSERT INTO dis_relationship_master VALUES ('1300SS19', 'C7', 'S1', 'SS19', 'D138', 'DM190');
INSERT INTO dis_relationship_master VALUES ('1300SS8', 'C7', 'S1', 'SS8', 'D138', 'DM190');
INSERT INTO dis_relationship_master VALUES ('1300SS2', 'C7', 'S1', 'SS2', 'D138', 'DM190');
INSERT INTO diagnoses VALUES ('D139', 'WARTHINS (PAPILLARY CYSTIC LYMPHOMATOUS)');
INSERT INTO dis_relationship_master VALUES ('1229SS172', 'C7', 'S97', 'SS172', 'D139', 'DM83');
INSERT INTO dis_relationship_diagnosis_to_diagnosis_modifier VALUES ('D139', 'DM83');
INSERT INTO dis_relationship_master VALUES ('1229SS171', 'C7', 'S97', 'SS171', 'D139', 'DM83');
INSERT INTO dis_relationship_master VALUES ('1229SS170', 'C7', 'S97', 'SS170', 'D139', 'DM83');
INSERT INTO dis_relationship_master VALUES ('1229SS127', 'C7', 'S97', 'SS127', 'D139', 'DM83');
INSERT INTO dis_relationship_master VALUES ('1229SS110', 'C7', 'S97', 'SS110', 'D139', 'DM83');
INSERT INTO diagnoses VALUES ('D140', 'WILMS TUMOR');
INSERT INTO dis_relationship_master VALUES ('1802', 'C0', 'S0', 'SS0', 'D140', 'DM2');
INSERT INTO dis_relationship_diagnosis_to_diagnosis_modifier VALUES ('D140', 'DM2');
INSERT INTO dis_relationship_master VALUES ('795SS151', 'C6', 'S82', 'SS151', 'D140', 'DM2');
INSERT INTO dis_relationship_master VALUES ('795SS105', 'C6', 'S82', 'SS105', 'D140', 'DM2');
INSERT INTO dis_relationship_master VALUES ('795SS42', 'C6', 'S82', 'SS42', 'D140', 'DM2');
INSERT INTO diagnoses VALUES ('D141', 'WITH HPV RELATED CHANGES');
INSERT INTO dis_relationship_master VALUES ('1995', 'C0', 'S0', 'SS0', 'D141', 'DM2');
INSERT INTO dis_relationship_diagnosis_to_diagnosis_modifier VALUES ('D141', 'DM2');
INSERT INTO anatomic_sites VALUES ('S62', 'CERVIX');
INSERT INTO subsites VALUES ('SS53', 'ENDOCERVIX');
INSERT INTO dis_relationship_master VALUES ('639SS53', 'C5', 'S62', 'SS53', 'D141', 'DM2');
INSERT INTO dis_relationship_site_to_subsite VALUES ('S62', 'SS53');
INSERT INTO subsites VALUES ('SS51', 'ECTOCERVIX');
INSERT INTO dis_relationship_master VALUES ('639SS51', 'C5', 'S62', 'SS51', 'D141', 'DM2');
INSERT INTO dis_relationship_site_to_subsite VALUES ('S62', 'SS51');
INSERT INTO subsites VALUES ('SS50', 'ECTO/ENDOCERVICAL JUNCTION');
INSERT INTO dis_relationship_master VALUES ('639SS50', 'C5', 'S62', 'SS50', 'D141', 'DM2');
INSERT INTO dis_relationship_site_to_subsite VALUES ('S62', 'SS50');
INSERT INTO diagnoses VALUES ('D142', 'YOLK SAC TUMOR');
INSERT INTO dis_relationship_master VALUES ('1473SS1', 'C6', 'S42', 'SS1', 'D142', 'DM2');
INSERT INTO dis_relationship_diagnosis_to_diagnosis_modifier VALUES ('D142', 'DM2');
INSERT INTO dis_relationship_master VALUES ('1062SS137', 'C6', 'S35', 'SS137', 'D142', 'DM2');
INSERT INTO dis_relationship_master VALUES ('1062SS52', 'C6', 'S35', 'SS52', 'D142', 'DM2');
INSERT INTO dis_relationship_master VALUES ('1062SS80', 'C6', 'S35', 'SS80', 'D142', 'DM2');
INSERT INTO dis_relationship_master VALUES ('1062SS42', 'C6', 'S35', 'SS42', 'D142', 'DM2');
INSERT INTO dis_relationship_master VALUES ('1062SS41', 'C6', 'S35', 'SS41', 'D142', 'DM2');
INSERT INTO dis_relationship_master VALUES ('2069', 'C0', 'S0', 'SS0', 'D142', 'DM2');
INSERT INTO diagnoses VALUES ('D143', 'ACANTHOMA');
INSERT INTO dis_relationship_master VALUES ('2352', 'C7', 'S0', 'SS0', 'D143', 'DM2');
INSERT INTO dis_relationship_diagnosis_to_diagnosis_modifier VALUES ('D143', 'DM2');
INSERT INTO dis_relationship_master VALUES ('2286SS157', 'C7', 'S1', 'SS157', 'D143', 'DM2');
INSERT INTO dis_relationship_master VALUES ('2286SS156', 'C7', 'S1', 'SS156', 'D143', 'DM2');
INSERT INTO dis_relationship_master VALUES ('2286SS98', 'C7', 'S1', 'SS98', 'D143', 'DM2');
INSERT INTO dis_relationship_master VALUES ('2286SS73', 'C7', 'S1', 'SS73', 'D143', 'DM2');
INSERT INTO dis_relationship_master VALUES ('2286SS66', 'C7', 'S1', 'SS66', 'D143', 'DM2');
INSERT INTO dis_relationship_master VALUES ('2286SS65', 'C7', 'S1', 'SS65', 'D143', 'DM2');
INSERT INTO dis_relationship_master VALUES ('2286SS57', 'C7', 'S1', 'SS57', 'D143', 'DM2');
INSERT INTO dis_relationship_master VALUES ('2286SS19', 'C7', 'S1', 'SS19', 'D143', 'DM2');
INSERT INTO dis_relationship_master VALUES ('2286SS8', 'C7', 'S1', 'SS8', 'D143', 'DM2');
INSERT INTO dis_relationship_master VALUES ('2286SS2', 'C7', 'S1', 'SS2', 'D143', 'DM2');
INSERT INTO dis_relationship_master VALUES ('1845', 'C0', 'S0', 'SS0', 'D143', 'DM2');
INSERT INTO diagnoses VALUES ('D144', 'ASTROCYTOMA');
INSERT INTO dis_relationship_master VALUES ('1631SS192', 'C1', 'S31', 'SS192', 'D144', 'DM2');
INSERT INTO dis_relationship_diagnosis_to_diagnosis_modifier VALUES ('D144', 'DM2');
INSERT INTO dis_relationship_master VALUES ('1631SS177', 'C1', 'S31', 'SS177', 'D144', 'DM2');
INSERT INTO dis_relationship_master VALUES ('1631SS176', 'C1', 'S31', 'SS176', 'D144', 'DM2');
INSERT INTO dis_relationship_master VALUES ('1631SS126', 'C1', 'S31', 'SS126', 'D144', 'DM2');
INSERT INTO dis_relationship_master VALUES ('1631SS119', 'C1', 'S31', 'SS119', 'D144', 'DM2');
INSERT INTO dis_relationship_master VALUES ('1631SS82', 'C1', 'S31', 'SS82', 'D144', 'DM2');
INSERT INTO dis_relationship_master VALUES ('1631SS78', 'C1', 'S31', 'SS78', 'D144', 'DM2');
INSERT INTO dis_relationship_master VALUES ('1631SS67', 'C1', 'S31', 'SS67', 'D144', 'DM2');
INSERT INTO dis_relationship_master VALUES ('1631SS49', 'C1', 'S31', 'SS49', 'D144', 'DM2');
INSERT INTO dis_relationship_master VALUES ('1631SS42', 'C1', 'S31', 'SS42', 'D144', 'DM2');
INSERT INTO dis_relationship_master VALUES ('1631SS40', 'C1', 'S31', 'SS40', 'D144', 'DM2');
INSERT INTO dis_relationship_master VALUES ('1631SS35', 'C1', 'S31', 'SS35', 'D144', 'DM2');
INSERT INTO dis_relationship_master VALUES ('1631SS31', 'C1', 'S31', 'SS31', 'D144', 'DM2');
INSERT INTO dis_relationship_master VALUES ('1631SS29', 'C1', 'S31', 'SS29', 'D144', 'DM2');
INSERT INTO dis_relationship_master VALUES ('1631SS17', 'C1', 'S31', 'SS17', 'D144', 'DM2');
INSERT INTO dis_relationship_master VALUES ('2016', 'C0', 'S0', 'SS0', 'D144', 'DM2');
INSERT INTO diagnoses VALUES ('D145', 'ATROPHY');
INSERT INTO dis_relationship_master VALUES ('2106', 'C0', 'S0', 'SS0', 'D145', 'DM2');
INSERT INTO dis_relationship_diagnosis_to_diagnosis_modifier VALUES ('D145', 'DM2');
INSERT INTO dis_relationship_master VALUES ('1707', 'C2', 'S0', 'SS0', 'D145', 'DM2');
INSERT INTO diagnoses VALUES ('D146', 'AUTOIMMUNE DISEASE');
INSERT INTO dis_relationship_master VALUES ('1852', 'C0', 'S0', 'SS0', 'D146', 'DM2');
INSERT INTO dis_relationship_diagnosis_to_diagnosis_modifier VALUES ('D146', 'DM2');
INSERT INTO dis_relationship_master VALUES ('1734SS160', 'C2', 'S41', 'SS160', 'D146', 'DM2');
INSERT INTO dis_relationship_master VALUES ('1734SS94', 'C2', 'S41', 'SS94', 'D146', 'DM2');
INSERT INTO dis_relationship_master VALUES ('1734SS77', 'C2', 'S41', 'SS77', 'D146', 'DM2');
INSERT INTO anatomic_sites VALUES ('S34', 'CARTILAGE');
INSERT INTO dis_relationship_master VALUES ('1727SS116', 'C2', 'S34', 'SS116', 'D146', 'DM2');
INSERT INTO dis_relationship_site_to_subsite VALUES ('S34', 'SS116');
INSERT INTO subsites VALUES ('SS61', 'FIBROCARTILAGE');
INSERT INTO dis_relationship_master VALUES ('1727SS61', 'C2', 'S34', 'SS61', 'D146', 'DM2');
INSERT INTO dis_relationship_site_to_subsite VALUES ('S34', 'SS61');
INSERT INTO subsites VALUES ('SS59', 'FEMORAL HEAD');
INSERT INTO dis_relationship_master VALUES ('1727SS59', 'C2', 'S34', 'SS59', 'D146', 'DM2');
INSERT INTO dis_relationship_site_to_subsite VALUES ('S34', 'SS59');
INSERT INTO subsites VALUES ('SS9', 'ARTICULAR');
INSERT INTO dis_relationship_master VALUES ('1727SS9', 'C2', 'S34', 'SS9', 'D146', 'DM2');
INSERT INTO dis_relationship_site_to_subsite VALUES ('S34', 'SS9');
INSERT INTO anatomic_sites VALUES ('S15', 'PARATHYROID');
INSERT INTO dis_relationship_master VALUES ('1717SS1', 'C2', 'S15', 'SS1', 'D146', 'DM2');
INSERT INTO dis_relationship_site_to_subsite VALUES ('S15', 'SS1');
INSERT INTO dis_relationship_master VALUES ('1716SS1', 'C2', 'S55', 'SS1', 'D146', 'DM2');
INSERT INTO dis_relationship_master VALUES ('1713SS173', 'C2', 'S88', 'SS173', 'D146', 'DM2');
INSERT INTO dis_relationship_master VALUES ('1713SS150', 'C2', 'S88', 'SS150', 'D146', 'DM2');
INSERT INTO dis_relationship_master VALUES ('1713SS93', 'C2', 'S88', 'SS93', 'D146', 'DM2');
INSERT INTO dis_relationship_master VALUES ('1713SS87', 'C2', 'S88', 'SS87', 'D146', 'DM2');
INSERT INTO dis_relationship_master VALUES ('1713SS58', 'C2', 'S88', 'SS58', 'D146', 'DM2');
INSERT INTO dis_relationship_master VALUES ('1682SS105', 'C2', 'S85', 'SS105', 'D146', 'DM2');
INSERT INTO dis_relationship_master VALUES ('1682SS42', 'C2', 'S85', 'SS42', 'D146', 'DM2');
INSERT INTO dis_relationship_master VALUES ('1678SS101', 'C2', 'S73', 'SS101', 'D146', 'DM2');
INSERT INTO dis_relationship_master VALUES ('1678SS148', 'C2', 'S73', 'SS148', 'D146', 'DM2');
INSERT INTO dis_relationship_master VALUES ('1678SS90', 'C2', 'S73', 'SS90', 'D146', 'DM2');
INSERT INTO dis_relationship_master VALUES ('1673SS105', 'C2', 'S80', 'SS105', 'D146', 'DM2');
INSERT INTO dis_relationship_master VALUES ('1673SS42', 'C2', 'S80', 'SS42', 'D146', 'DM2');
INSERT INTO dis_relationship_master VALUES ('1669SS194', 'C2', 'S9', 'SS194', 'D146', 'DM2');
INSERT INTO dis_relationship_master VALUES ('1669SS166', 'C2', 'S9', 'SS166', 'D146', 'DM2');
INSERT INTO dis_relationship_master VALUES ('1669SS150', 'C2', 'S9', 'SS150', 'D146', 'DM2');
INSERT INTO dis_relationship_master VALUES ('1669SS143', 'C2', 'S9', 'SS143', 'D146', 'DM2');
INSERT INTO dis_relationship_master VALUES ('1669SS30', 'C2', 'S9', 'SS30', 'D146', 'DM2');
INSERT INTO dis_relationship_master VALUES ('1669SS28', 'C2', 'S9', 'SS28', 'D146', 'DM2');
INSERT INTO dis_relationship_master VALUES ('1669SS26', 'C2', 'S9', 'SS26', 'D146', 'DM2');
INSERT INTO dis_relationship_master VALUES ('1669SS6', 'C2', 'S9', 'SS6', 'D146', 'DM2');
INSERT INTO dis_relationship_master VALUES ('1668SS157', 'C2', 'S1', 'SS157', 'D146', 'DM2');
INSERT INTO dis_relationship_master VALUES ('1668SS156', 'C2', 'S1', 'SS156', 'D146', 'DM2');
INSERT INTO dis_relationship_master VALUES ('1668SS98', 'C2', 'S1', 'SS98', 'D146', 'DM2');
INSERT INTO dis_relationship_master VALUES ('1668SS73', 'C2', 'S1', 'SS73', 'D146', 'DM2');
INSERT INTO dis_relationship_master VALUES ('1668SS66', 'C2', 'S1', 'SS66', 'D146', 'DM2');
INSERT INTO dis_relationship_master VALUES ('1668SS65', 'C2', 'S1', 'SS65', 'D146', 'DM2');
INSERT INTO dis_relationship_master VALUES ('1668SS57', 'C2', 'S1', 'SS57', 'D146', 'DM2');
INSERT INTO dis_relationship_master VALUES ('1668SS19', 'C2', 'S1', 'SS19', 'D146', 'DM2');
INSERT INTO dis_relationship_master VALUES ('1668SS8', 'C2', 'S1', 'SS8', 'D146', 'DM2');
INSERT INTO dis_relationship_master VALUES ('1668SS2', 'C2', 'S1', 'SS2', 'D146', 'DM2');
INSERT INTO dis_relationship_master VALUES ('1665', 'C2', 'S0', 'SS0', 'D146', 'DM2');
INSERT INTO dis_relationship_master VALUES ('1661SS125', 'C2', 'S94', 'SS125', 'D146', 'DM2');
INSERT INTO dis_relationship_master VALUES ('1651SS151', 'C2', 'S82', 'SS151', 'D146', 'DM2');
INSERT INTO dis_relationship_master VALUES ('1651SS105', 'C2', 'S82', 'SS105', 'D146', 'DM2');
INSERT INTO dis_relationship_master VALUES ('1651SS42', 'C2', 'S82', 'SS42', 'D146', 'DM2');
INSERT INTO diagnoses VALUES ('D147', 'BONE DISORDERS');
INSERT INTO dis_relationship_master VALUES ('2056', 'C0', 'S0', 'SS0', 'D147', 'DM2');
INSERT INTO dis_relationship_diagnosis_to_diagnosis_modifier VALUES ('D147', 'DM2');
INSERT INTO dis_relationship_master VALUES ('1664SS188', 'C2', 'S92', 'SS188', 'D147', 'DM2');
INSERT INTO dis_relationship_master VALUES ('1664SS179', 'C2', 'S92', 'SS179', 'D147', 'DM2');
INSERT INTO dis_relationship_master VALUES ('1664SS168', 'C2', 'S92', 'SS168', 'D147', 'DM2');
INSERT INTO dis_relationship_master VALUES ('1664SS165', 'C2', 'S92', 'SS165', 'D147', 'DM2');
INSERT INTO dis_relationship_master VALUES ('1664SS153', 'C2', 'S92', 'SS153', 'D147', 'DM2');
INSERT INTO dis_relationship_master VALUES ('1664SS149', 'C2', 'S92', 'SS149', 'D147', 'DM2');
INSERT INTO dis_relationship_master VALUES ('1664SS128', 'C2', 'S92', 'SS128', 'D147', 'DM2');
INSERT INTO dis_relationship_master VALUES ('1664SS109', 'C2', 'S92', 'SS109', 'D147', 'DM2');
INSERT INTO dis_relationship_master VALUES ('1664SS108', 'C2', 'S92', 'SS108', 'D147', 'DM2');
INSERT INTO dis_relationship_master VALUES ('1664SS104', 'C2', 'S92', 'SS104', 'D147', 'DM2');
INSERT INTO dis_relationship_master VALUES ('1664SS79', 'C2', 'S92', 'SS79', 'D147', 'DM2');
INSERT INTO dis_relationship_master VALUES ('1664SS62', 'C2', 'S92', 'SS62', 'D147', 'DM2');
INSERT INTO dis_relationship_master VALUES ('1664SS60', 'C2', 'S92', 'SS60', 'D147', 'DM2');
INSERT INTO anatomic_sites VALUES ('S90', 'JOINT');
INSERT INTO dis_relationship_master VALUES ('1644SS160', 'C2', 'S90', 'SS160', 'D147', 'DM2');
INSERT INTO dis_relationship_site_to_subsite VALUES ('S90', 'SS160');
INSERT INTO dis_relationship_master VALUES ('1644SS94', 'C2', 'S90', 'SS94', 'D147', 'DM2');
INSERT INTO dis_relationship_site_to_subsite VALUES ('S90', 'SS94');
INSERT INTO subsites VALUES ('SS92', 'JOINT FLUID');
INSERT INTO dis_relationship_master VALUES ('1644SS92', 'C2', 'S90', 'SS92', 'D147', 'DM2');
INSERT INTO dis_relationship_site_to_subsite VALUES ('S90', 'SS92');
INSERT INTO dis_relationship_master VALUES ('1644SS77', 'C2', 'S90', 'SS77', 'D147', 'DM2');
INSERT INTO dis_relationship_site_to_subsite VALUES ('S90', 'SS77');
INSERT INTO diagnoses VALUES ('D148', 'BORDERLINE TUMORS');
INSERT INTO dis_relationship_master VALUES ('1624SS137', 'C1', 'S35', 'SS137', 'D148', 'DM2');
INSERT INTO dis_relationship_diagnosis_to_diagnosis_modifier VALUES ('D148', 'DM2');
INSERT INTO dis_relationship_master VALUES ('1624SS52', 'C1', 'S35', 'SS52', 'D148', 'DM2');
INSERT INTO dis_relationship_master VALUES ('1624SS80', 'C1', 'S35', 'SS80', 'D148', 'DM2');
INSERT INTO dis_relationship_master VALUES ('1624SS42', 'C1', 'S35', 'SS42', 'D148', 'DM2');
INSERT INTO dis_relationship_master VALUES ('1624SS41', 'C1', 'S35', 'SS41', 'D148', 'DM2');
INSERT INTO dis_relationship_master VALUES ('2122', 'C0', 'S0', 'SS0', 'D148', 'DM2');
INSERT INTO diagnoses VALUES ('D149', 'BORDERLINE TUMORS WITH MICROINVASION');
INSERT INTO dis_relationship_master VALUES ('2263SS137', 'C6', 'S35', 'SS137', 'D149', 'DM2');
INSERT INTO dis_relationship_diagnosis_to_diagnosis_modifier VALUES ('D149', 'DM2');
INSERT INTO dis_relationship_master VALUES ('2263SS52', 'C6', 'S35', 'SS52', 'D149', 'DM2');
INSERT INTO dis_relationship_master VALUES ('2263SS80', 'C6', 'S35', 'SS80', 'D149', 'DM2');
INSERT INTO dis_relationship_master VALUES ('2263SS42', 'C6', 'S35', 'SS42', 'D149', 'DM2');
INSERT INTO dis_relationship_master VALUES ('2263SS41', 'C6', 'S35', 'SS41', 'D149', 'DM2');
INSERT INTO dis_relationship_master VALUES ('1894', 'C0', 'S0', 'SS0', 'D149', 'DM2');
INSERT INTO diagnoses VALUES ('D150', 'C-CELL HYPERPLASIA');
INSERT INTO dis_relationship_master VALUES ('2185SS101', 'C5', 'S73', 'SS101', 'D150', 'DM2');
INSERT INTO dis_relationship_diagnosis_to_diagnosis_modifier VALUES ('D150', 'DM2');
INSERT INTO dis_relationship_master VALUES ('2185SS148', 'C5', 'S73', 'SS148', 'D150', 'DM2');
INSERT INTO dis_relationship_master VALUES ('2185SS90', 'C5', 'S73', 'SS90', 'D150', 'DM2');
INSERT INTO dis_relationship_master VALUES ('1976', 'C0', 'S0', 'SS0', 'D150', 'DM2');
INSERT INTO diagnoses VALUES ('D151', 'CARDIOVASCULAR DISEASE');
INSERT INTO dis_relationship_master VALUES ('1833', 'C0', 'S0', 'SS0', 'D151', 'DM2');
INSERT INTO dis_relationship_diagnosis_to_diagnosis_modifier VALUES ('D151', 'DM2');
INSERT INTO dis_relationship_master VALUES ('1725SS1', 'C2', 'S7', 'SS1', 'D151', 'DM2');
INSERT INTO dis_relationship_master VALUES ('1725SS71', 'C2', 'S7', 'SS71', 'D151', 'DM2');
INSERT INTO dis_relationship_master VALUES ('1725SS56', 'C2', 'S7', 'SS56', 'D151', 'DM2');
INSERT INTO dis_relationship_master VALUES ('1720SS173', 'C2', 'S88', 'SS173', 'D151', 'DM2');
INSERT INTO dis_relationship_master VALUES ('1720SS150', 'C2', 'S88', 'SS150', 'D151', 'DM2');
INSERT INTO dis_relationship_master VALUES ('1720SS93', 'C2', 'S88', 'SS93', 'D151', 'DM2');
INSERT INTO dis_relationship_master VALUES ('1720SS87', 'C2', 'S88', 'SS87', 'D151', 'DM2');
INSERT INTO dis_relationship_master VALUES ('1720SS58', 'C2', 'S88', 'SS58', 'D151', 'DM2');
INSERT INTO dis_relationship_master VALUES ('1709SS194', 'C2', 'S9', 'SS194', 'D151', 'DM2');
INSERT INTO dis_relationship_master VALUES ('1709SS166', 'C2', 'S9', 'SS166', 'D151', 'DM2');
INSERT INTO dis_relationship_master VALUES ('1709SS150', 'C2', 'S9', 'SS150', 'D151', 'DM2');
INSERT INTO dis_relationship_master VALUES ('1709SS143', 'C2', 'S9', 'SS143', 'D151', 'DM2');
INSERT INTO dis_relationship_master VALUES ('1709SS30', 'C2', 'S9', 'SS30', 'D151', 'DM2');
INSERT INTO dis_relationship_master VALUES ('1709SS28', 'C2', 'S9', 'SS28', 'D151', 'DM2');
INSERT INTO dis_relationship_master VALUES ('1709SS26', 'C2', 'S9', 'SS26', 'D151', 'DM2');
INSERT INTO dis_relationship_master VALUES ('1709SS6', 'C2', 'S9', 'SS6', 'D151', 'DM2');
INSERT INTO dis_relationship_master VALUES ('1671', 'C2', 'S0', 'SS0', 'D151', 'DM2');
INSERT INTO dis_relationship_master VALUES ('1666SS193', 'C2', 'S3', 'SS193', 'D151', 'DM2');
INSERT INTO dis_relationship_master VALUES ('1666SS192', 'C2', 'S3', 'SS192', 'D151', 'DM2');
INSERT INTO dis_relationship_master VALUES ('1666SS191', 'C2', 'S3', 'SS191', 'D151', 'DM2');
INSERT INTO dis_relationship_master VALUES ('1666SS187', 'C2', 'S3', 'SS187', 'D151', 'DM2');
INSERT INTO dis_relationship_master VALUES ('1666SS162', 'C2', 'S3', 'SS162', 'D151', 'DM2');
INSERT INTO dis_relationship_master VALUES ('1666SS144', 'C2', 'S3', 'SS144', 'D151', 'DM2');
INSERT INTO dis_relationship_master VALUES ('1666SS111', 'C2', 'S3', 'SS111', 'D151', 'DM2');
INSERT INTO dis_relationship_master VALUES ('1666SS34', 'C2', 'S3', 'SS34', 'D151', 'DM2');
INSERT INTO dis_relationship_master VALUES ('1666SS25', 'C2', 'S3', 'SS25', 'D151', 'DM2');
INSERT INTO dis_relationship_master VALUES ('1666SS15', 'C2', 'S3', 'SS15', 'D151', 'DM2');
INSERT INTO dis_relationship_master VALUES ('1666SS12', 'C2', 'S3', 'SS12', 'D151', 'DM2');
INSERT INTO dis_relationship_master VALUES ('1666SS11', 'C2', 'S3', 'SS11', 'D151', 'DM2');
INSERT INTO dis_relationship_master VALUES ('1666SS7', 'C2', 'S3', 'SS7', 'D151', 'DM2');
INSERT INTO diagnoses VALUES ('D152', 'CERVICAL INTRAEPITHELIAL NEOPLASIA (CIN) OR SQUAMOUS INTRAEPITHELIAL LESION (SIL)');
INSERT INTO dis_relationship_master VALUES ('2171SS53', 'C5', 'S62', 'SS53', 'D152', 'DM2');
INSERT INTO dis_relationship_diagnosis_to_diagnosis_modifier VALUES ('D152', 'DM2');
INSERT INTO dis_relationship_master VALUES ('2171SS51', 'C5', 'S62', 'SS51', 'D152', 'DM2');
INSERT INTO dis_relationship_master VALUES ('2171SS50', 'C5', 'S62', 'SS50', 'D152', 'DM2');
INSERT INTO dis_relationship_master VALUES ('1938', 'C0', 'S0', 'SS0', 'D152', 'DM2');
INSERT INTO diagnoses VALUES ('D153', 'CHOLANGIOCARCINOMA');
INSERT INTO dis_relationship_master VALUES ('2204SS1', 'C6', 'S39', 'SS1', 'D153', 'DM2');
INSERT INTO dis_relationship_diagnosis_to_diagnosis_modifier VALUES ('D153', 'DM2');
INSERT INTO dis_relationship_master VALUES ('1987', 'C0', 'S0', 'SS0', 'D153', 'DM2');
INSERT INTO diagnoses VALUES ('D154', 'CONDYLOMA');
INSERT INTO dis_relationship_master VALUES ('2172', 'C5', 'S0', 'SS0', 'D154', 'DM2');
INSERT INTO dis_relationship_diagnosis_to_diagnosis_modifier VALUES ('D154', 'DM2');
INSERT INTO dis_relationship_master VALUES ('2166SS1', 'C5', 'S6', 'SS1', 'D154', 'DM2');
INSERT INTO dis_relationship_master VALUES ('1783', 'C0', 'S0', 'SS0', 'D154', 'DM2');
INSERT INTO diagnoses VALUES ('D155', 'CONGENITAL DISEASE');
INSERT INTO dis_relationship_master VALUES ('1640', 'C2', 'S0', 'SS0', 'D155', 'DM2');
INSERT INTO dis_relationship_diagnosis_to_diagnosis_modifier VALUES ('D155', 'DM2');
INSERT INTO dis_relationship_master VALUES ('1956', 'C0', 'S0', 'SS0', 'D155', 'DM2');
INSERT INTO diagnoses VALUES ('D156', 'CONGENITAL MESOBLASTIC NEPHROMA');
INSERT INTO dis_relationship_master VALUES ('2336SS151', 'C7', 'S82', 'SS151', 'D156', 'DM2');
INSERT INTO dis_relationship_diagnosis_to_diagnosis_modifier VALUES ('D156', 'DM2');
INSERT INTO dis_relationship_master VALUES ('2336SS105', 'C7', 'S82', 'SS105', 'D156', 'DM2');
INSERT INTO dis_relationship_master VALUES ('2336SS42', 'C7', 'S82', 'SS42', 'D156', 'DM2');
INSERT INTO dis_relationship_master VALUES ('2147', 'C0', 'S0', 'SS0', 'D156', 'DM2');
INSERT INTO diagnoses VALUES ('D157', 'CYSTIC NEOPLASM');
INSERT INTO dis_relationship_master VALUES ('2176SS175', 'C5', 'S24', 'SS175', 'D157', 'DM2');
INSERT INTO dis_relationship_diagnosis_to_diagnosis_modifier VALUES ('D157', 'DM2');
INSERT INTO dis_relationship_master VALUES ('2176SS123', 'C5', 'S24', 'SS123', 'D157', 'DM2');
INSERT INTO dis_relationship_master VALUES ('1805', 'C0', 'S0', 'SS0', 'D157', 'DM2');
INSERT INTO diagnoses VALUES ('D158', 'CYSTITIS');
INSERT INTO dis_relationship_master VALUES ('1853', 'C0', 'S0', 'SS0', 'D158', 'DM2');
INSERT INTO dis_relationship_diagnosis_to_diagnosis_modifier VALUES ('D158', 'DM2');
INSERT INTO dis_relationship_master VALUES ('1686SS166', 'C2', 'S26', 'SS166', 'D158', 'DM2');
INSERT INTO dis_relationship_master VALUES ('1686SS158', 'C2', 'S26', 'SS158', 'D158', 'DM2');
INSERT INTO dis_relationship_master VALUES ('1686SS112', 'C2', 'S26', 'SS112', 'D158', 'DM2');
INSERT INTO dis_relationship_master VALUES ('1652', 'C2', 'S0', 'SS0', 'D158', 'DM2');
INSERT INTO diagnoses VALUES ('D159', 'DESMOID TUMOR');
INSERT INTO dis_relationship_master VALUES ('2314SS188', 'C7', 'S92', 'SS188', 'D159', 'DM2');
INSERT INTO dis_relationship_diagnosis_to_diagnosis_modifier VALUES ('D159', 'DM2');
INSERT INTO dis_relationship_master VALUES ('2314SS179', 'C7', 'S92', 'SS179', 'D159', 'DM2');
INSERT INTO dis_relationship_master VALUES ('2314SS168', 'C7', 'S92', 'SS168', 'D159', 'DM2');
INSERT INTO dis_relationship_master VALUES ('2314SS165', 'C7', 'S92', 'SS165', 'D159', 'DM2');
INSERT INTO dis_relationship_master VALUES ('2314SS153', 'C7', 'S92', 'SS153', 'D159', 'DM2');
INSERT INTO dis_relationship_master VALUES ('2314SS149', 'C7', 'S92', 'SS149', 'D159', 'DM2');
INSERT INTO dis_relationship_master VALUES ('2314SS128', 'C7', 'S92', 'SS128', 'D159', 'DM2');
INSERT INTO dis_relationship_master VALUES ('2314SS109', 'C7', 'S92', 'SS109', 'D159', 'DM2');
INSERT INTO dis_relationship_master VALUES ('2314SS108', 'C7', 'S92', 'SS108', 'D159', 'DM2');
INSERT INTO dis_relationship_master VALUES ('2314SS104', 'C7', 'S92', 'SS104', 'D159', 'DM2');
INSERT INTO dis_relationship_master VALUES ('2314SS79', 'C7', 'S92', 'SS79', 'D159', 'DM2');
INSERT INTO dis_relationship_master VALUES ('2314SS62', 'C7', 'S92', 'SS62', 'D159', 'DM2');
INSERT INTO dis_relationship_master VALUES ('2314SS60', 'C7', 'S92', 'SS60', 'D159', 'DM2');
INSERT INTO dis_relationship_master VALUES ('2161', 'C0', 'S0', 'SS0', 'D159', 'DM2');
INSERT INTO diagnoses VALUES ('D160', 'DUCTAL CARCINOMA IN SITU');
INSERT INTO dis_relationship_master VALUES ('2183SS164', 'C5', 'S20', 'SS164', 'D160', 'DM2');
INSERT INTO dis_relationship_diagnosis_to_diagnosis_modifier VALUES ('D160', 'DM2');
INSERT INTO dis_relationship_master VALUES ('2183SS118', 'C5', 'S20', 'SS118', 'D160', 'DM2');
INSERT INTO dis_relationship_master VALUES ('2183SS114', 'C5', 'S20', 'SS114', 'D160', 'DM2');
INSERT INTO dis_relationship_master VALUES ('1799', 'C0', 'S0', 'SS0', 'D160', 'DM2');
INSERT INTO diagnoses VALUES ('D161', 'ECCRINE TUMOR');
INSERT INTO dis_relationship_master VALUES ('1260SS157', 'C7', 'S1', 'SS157', 'D161', 'DM2');
INSERT INTO dis_relationship_diagnosis_to_diagnosis_modifier VALUES ('D161', 'DM2');
INSERT INTO dis_relationship_master VALUES ('1260SS156', 'C7', 'S1', 'SS156', 'D161', 'DM2');
INSERT INTO dis_relationship_master VALUES ('1260SS98', 'C7', 'S1', 'SS98', 'D161', 'DM2');
INSERT INTO dis_relationship_master VALUES ('1260SS73', 'C7', 'S1', 'SS73', 'D161', 'DM2');
INSERT INTO dis_relationship_master VALUES ('1260SS66', 'C7', 'S1', 'SS66', 'D161', 'DM2');
INSERT INTO dis_relationship_master VALUES ('1260SS65', 'C7', 'S1', 'SS65', 'D161', 'DM2');
INSERT INTO dis_relationship_master VALUES ('1260SS57', 'C7', 'S1', 'SS57', 'D161', 'DM2');
INSERT INTO dis_relationship_master VALUES ('1260SS19', 'C7', 'S1', 'SS19', 'D161', 'DM2');
INSERT INTO dis_relationship_master VALUES ('1260SS8', 'C7', 'S1', 'SS8', 'D161', 'DM2');
INSERT INTO dis_relationship_master VALUES ('1260SS2', 'C7', 'S1', 'SS2', 'D161', 'DM2');
INSERT INTO dis_relationship_master VALUES ('2320SS157', 'C7', 'S1', 'SS157', 'D161', 'DM2');
INSERT INTO dis_relationship_master VALUES ('2320SS156', 'C7', 'S1', 'SS156', 'D161', 'DM2');
INSERT INTO dis_relationship_master VALUES ('2320SS98', 'C7', 'S1', 'SS98', 'D161', 'DM2');
INSERT INTO dis_relationship_master VALUES ('2320SS73', 'C7', 'S1', 'SS73', 'D161', 'DM2');
INSERT INTO dis_relationship_master VALUES ('2320SS66', 'C7', 'S1', 'SS66', 'D161', 'DM2');
INSERT INTO dis_relationship_master VALUES ('2320SS65', 'C7', 'S1', 'SS65', 'D161', 'DM2');
INSERT INTO dis_relationship_master VALUES ('2320SS57', 'C7', 'S1', 'SS57', 'D161', 'DM2');
INSERT INTO dis_relationship_master VALUES ('2320SS19', 'C7', 'S1', 'SS19', 'D161', 'DM2');
INSERT INTO dis_relationship_master VALUES ('2320SS8', 'C7', 'S1', 'SS8', 'D161', 'DM2');
INSERT INTO dis_relationship_master VALUES ('2320SS2', 'C7', 'S1', 'SS2', 'D161', 'DM2');
INSERT INTO dis_relationship_master VALUES ('1999', 'C0', 'S0', 'SS0', 'D161', 'DM2');
INSERT INTO diagnoses VALUES ('D162', 'ENDOCRINE DISORDERS');
INSERT INTO dis_relationship_master VALUES ('2077', 'C0', 'S0', 'SS0', 'D162', 'DM2');
INSERT INTO dis_relationship_diagnosis_to_diagnosis_modifier VALUES ('D162', 'DM2');
INSERT INTO dis_relationship_master VALUES ('1722SS101', 'C2', 'S73', 'SS101', 'D162', 'DM2');
INSERT INTO dis_relationship_master VALUES ('1722SS148', 'C2', 'S73', 'SS148', 'D162', 'DM2');
INSERT INTO dis_relationship_master VALUES ('1722SS90', 'C2', 'S73', 'SS90', 'D162', 'DM2');
INSERT INTO dis_relationship_master VALUES ('1712', 'C2', 'S0', 'SS0', 'D162', 'DM2');
INSERT INTO dis_relationship_master VALUES ('1699SS151', 'C2', 'S82', 'SS151', 'D162', 'DM2');
INSERT INTO dis_relationship_master VALUES ('1699SS105', 'C2', 'S82', 'SS105', 'D162', 'DM2');
INSERT INTO dis_relationship_master VALUES ('1699SS42', 'C2', 'S82', 'SS42', 'D162', 'DM2');
INSERT INTO dis_relationship_master VALUES ('1647SS175', 'C2', 'S24', 'SS175', 'D162', 'DM2');
INSERT INTO dis_relationship_master VALUES ('1647SS123', 'C2', 'S24', 'SS123', 'D162', 'DM2');
INSERT INTO diagnoses VALUES ('D163', 'ENDOCRINE TUMOR FUNCTIONAL');
INSERT INTO dis_relationship_master VALUES ('1613SS175', 'C1', 'S24', 'SS175', 'D163', 'DM2');
INSERT INTO dis_relationship_diagnosis_to_diagnosis_modifier VALUES ('D163', 'DM2');
INSERT INTO dis_relationship_master VALUES ('1613SS123', 'C1', 'S24', 'SS123', 'D163', 'DM2');
INSERT INTO dis_relationship_master VALUES ('1848', 'C0', 'S0', 'SS0', 'D163', 'DM2');
INSERT INTO diagnoses VALUES ('D164', 'EPENDYMOMA');
INSERT INTO dis_relationship_master VALUES ('1634SS192', 'C1', 'S31', 'SS192', 'D164', 'DM2');
INSERT INTO dis_relationship_diagnosis_to_diagnosis_modifier VALUES ('D164', 'DM2');
INSERT INTO dis_relationship_master VALUES ('1634SS177', 'C1', 'S31', 'SS177', 'D164', 'DM2');
INSERT INTO dis_relationship_master VALUES ('1634SS176', 'C1', 'S31', 'SS176', 'D164', 'DM2');
INSERT INTO dis_relationship_master VALUES ('1634SS126', 'C1', 'S31', 'SS126', 'D164', 'DM2');
INSERT INTO dis_relationship_master VALUES ('1634SS119', 'C1', 'S31', 'SS119', 'D164', 'DM2');
INSERT INTO dis_relationship_master VALUES ('1634SS82', 'C1', 'S31', 'SS82', 'D164', 'DM2');
INSERT INTO dis_relationship_master VALUES ('1634SS78', 'C1', 'S31', 'SS78', 'D164', 'DM2');
INSERT INTO dis_relationship_master VALUES ('1634SS67', 'C1', 'S31', 'SS67', 'D164', 'DM2');
INSERT INTO dis_relationship_master VALUES ('1634SS49', 'C1', 'S31', 'SS49', 'D164', 'DM2');
INSERT INTO dis_relationship_master VALUES ('1634SS42', 'C1', 'S31', 'SS42', 'D164', 'DM2');
INSERT INTO dis_relationship_master VALUES ('1634SS40', 'C1', 'S31', 'SS40', 'D164', 'DM2');
INSERT INTO dis_relationship_master VALUES ('1634SS35', 'C1', 'S31', 'SS35', 'D164', 'DM2');
INSERT INTO dis_relationship_master VALUES ('1634SS31', 'C1', 'S31', 'SS31', 'D164', 'DM2');
INSERT INTO dis_relationship_master VALUES ('1634SS29', 'C1', 'S31', 'SS29', 'D164', 'DM2');
INSERT INTO dis_relationship_master VALUES ('1634SS17', 'C1', 'S31', 'SS17', 'D164', 'DM2');
INSERT INTO dis_relationship_master VALUES ('2021', 'C0', 'S0', 'SS0', 'D164', 'DM2');
INSERT INTO diagnoses VALUES ('D165', 'ESOPHAGITIS');
INSERT INTO dis_relationship_master VALUES ('2108', 'C0', 'S0', 'SS0', 'D165', 'DM2');
INSERT INTO dis_relationship_diagnosis_to_diagnosis_modifier VALUES ('D165', 'DM2');
INSERT INTO dis_relationship_master VALUES ('1732SS1', 'C2', 'S7', 'SS1', 'D165', 'DM2');
INSERT INTO dis_relationship_master VALUES ('1732SS71', 'C2', 'S7', 'SS71', 'D165', 'DM2');
INSERT INTO dis_relationship_master VALUES ('1732SS56', 'C2', 'S7', 'SS56', 'D165', 'DM2');
INSERT INTO diagnoses VALUES ('D166', 'EXPLANT (NOT NATIVE ORGAN)');
INSERT INTO dis_relationship_master VALUES ('1854', 'C0', 'S0', 'SS0', 'D166', 'DM2');
INSERT INTO dis_relationship_diagnosis_to_diagnosis_modifier VALUES ('D166', 'DM2');
INSERT INTO dis_relationship_master VALUES ('1663', 'C2', 'S0', 'SS0', 'D166', 'DM2');
INSERT INTO dis_relationship_master VALUES ('88', 'C2', 'S0', 'SS0', 'D166', 'DM2');
INSERT INTO diagnoses VALUES ('D167', 'FIBROBLASTOMA');
INSERT INTO dis_relationship_master VALUES ('2310', 'C7', 'S0', 'SS0', 'D167', 'DM2');
INSERT INTO dis_relationship_diagnosis_to_diagnosis_modifier VALUES ('D167', 'DM2');
INSERT INTO dis_relationship_master VALUES ('2038', 'C0', 'S0', 'SS0', 'D167', 'DM2');
INSERT INTO diagnoses VALUES ('D168', 'FIBROCYSTIC CHANGES');
INSERT INTO dis_relationship_master VALUES ('2354SS164', 'C7', 'S20', 'SS164', 'D168', 'DM2');
INSERT INTO dis_relationship_diagnosis_to_diagnosis_modifier VALUES ('D168', 'DM2');
INSERT INTO dis_relationship_master VALUES ('2354SS118', 'C7', 'S20', 'SS118', 'D168', 'DM2');
INSERT INTO dis_relationship_master VALUES ('2354SS114', 'C7', 'S20', 'SS114', 'D168', 'DM2');
INSERT INTO dis_relationship_master VALUES ('2125', 'C0', 'S0', 'SS0', 'D168', 'DM2');
INSERT INTO diagnoses VALUES ('D169', 'FIBROMATOSIS');
INSERT INTO dis_relationship_master VALUES ('1636SS1', 'C1', 'S2', 'SS1', 'D169', 'DM2');
INSERT INTO dis_relationship_diagnosis_to_diagnosis_modifier VALUES ('D169', 'DM2');
INSERT INTO dis_relationship_master VALUES ('1608', 'C1', 'S0', 'SS0', 'D169', 'DM2');
INSERT INTO dis_relationship_master VALUES ('1864', 'C0', 'S0', 'SS0', 'D169', 'DM2');
INSERT INTO diagnoses VALUES ('D170', 'FIBROUS TUMORS');
INSERT INTO dis_relationship_master VALUES ('2331SS1', 'C7', 'S72', 'SS1', 'D170', 'DM2');
INSERT INTO dis_relationship_diagnosis_to_diagnosis_modifier VALUES ('D170', 'DM2');
INSERT INTO dis_relationship_master VALUES ('2309', 'C7', 'S0', 'SS0', 'D170', 'DM2');
INSERT INTO dis_relationship_master VALUES ('2047', 'C0', 'S0', 'SS0', 'D170', 'DM2');
INSERT INTO diagnoses VALUES ('D171', 'FIBROXANTHOMA');
INSERT INTO dis_relationship_master VALUES ('2342SS157', 'C7', 'S1', 'SS157', 'D171', 'DM2');
INSERT INTO dis_relationship_diagnosis_to_diagnosis_modifier VALUES ('D171', 'DM2');
INSERT INTO dis_relationship_master VALUES ('2342SS156', 'C7', 'S1', 'SS156', 'D171', 'DM2');
INSERT INTO dis_relationship_master VALUES ('2342SS98', 'C7', 'S1', 'SS98', 'D171', 'DM2');
INSERT INTO dis_relationship_master VALUES ('2342SS73', 'C7', 'S1', 'SS73', 'D171', 'DM2');
INSERT INTO dis_relationship_master VALUES ('2342SS66', 'C7', 'S1', 'SS66', 'D171', 'DM2');
INSERT INTO dis_relationship_master VALUES ('2342SS65', 'C7', 'S1', 'SS65', 'D171', 'DM2');
INSERT INTO dis_relationship_master VALUES ('2342SS57', 'C7', 'S1', 'SS57', 'D171', 'DM2');
INSERT INTO dis_relationship_master VALUES ('2342SS19', 'C7', 'S1', 'SS19', 'D171', 'DM2');
INSERT INTO dis_relationship_master VALUES ('2342SS8', 'C7', 'S1', 'SS8', 'D171', 'DM2');
INSERT INTO dis_relationship_master VALUES ('2342SS2', 'C7', 'S1', 'SS2', 'D171', 'DM2');
INSERT INTO dis_relationship_master VALUES ('1812', 'C0', 'S0', 'SS0', 'D171', 'DM2');
INSERT INTO diagnoses VALUES ('D172', 'FUNGAL INFECTION');
INSERT INTO dis_relationship_master VALUES ('1872', 'C0', 'S0', 'SS0', 'D172', 'DM2');
INSERT INTO dis_relationship_diagnosis_to_diagnosis_modifier VALUES ('D172', 'DM2');
INSERT INTO dis_relationship_master VALUES ('1674SS116', 'C2', 'S66', 'SS116', 'D172', 'DM2');
INSERT INTO diagnoses VALUES ('D173', 'GASTROINTESTINAL STROMAL TUMOR (GIST)');
INSERT INTO dis_relationship_master VALUES ('1637SS186', 'C1', 'S67', 'SS186', 'D173', 'DM2');
INSERT INTO dis_relationship_diagnosis_to_diagnosis_modifier VALUES ('D173', 'DM2');
INSERT INTO dis_relationship_master VALUES ('1637SS185', 'C1', 'S67', 'SS185', 'D173', 'DM2');
INSERT INTO dis_relationship_master VALUES ('1637SS184', 'C1', 'S67', 'SS184', 'D173', 'DM2');
INSERT INTO dis_relationship_master VALUES ('1637SS166', 'C1', 'S67', 'SS166', 'D173', 'DM2');
INSERT INTO dis_relationship_master VALUES ('1637SS161', 'C1', 'S67', 'SS161', 'D173', 'DM2');
INSERT INTO dis_relationship_master VALUES ('1637SS45', 'C1', 'S67', 'SS45', 'D173', 'DM2');
INSERT INTO dis_relationship_master VALUES ('1637SS36', 'C1', 'S67', 'SS36', 'D173', 'DM2');
INSERT INTO dis_relationship_master VALUES ('1637SS27', 'C1', 'S67', 'SS27', 'D173', 'DM2');
INSERT INTO dis_relationship_master VALUES ('1637SS10', 'C1', 'S67', 'SS10', 'D173', 'DM2');
INSERT INTO dis_relationship_master VALUES ('1632SS166', 'C1', 'S100', 'SS166', 'D173', 'DM2');
INSERT INTO dis_relationship_master VALUES ('1632SS147', 'C1', 'S100', 'SS147', 'D173', 'DM2');
INSERT INTO dis_relationship_master VALUES ('1632SS145', 'C1', 'S100', 'SS145', 'D173', 'DM2');
INSERT INTO dis_relationship_master VALUES ('1632SS68', 'C1', 'S100', 'SS68', 'D173', 'DM2');
INSERT INTO dis_relationship_master VALUES ('1632SS5', 'C1', 'S100', 'SS5', 'D173', 'DM2');
INSERT INTO dis_relationship_master VALUES ('1632SS24', 'C1', 'S100', 'SS24', 'D173', 'DM2');
INSERT INTO dis_relationship_master VALUES ('1610SS166', 'C1', 'S76', 'SS166', 'D173', 'DM2');
INSERT INTO dis_relationship_master VALUES ('1610SS91', 'C1', 'S76', 'SS91', 'D173', 'DM2');
INSERT INTO dis_relationship_master VALUES ('1610SS85', 'C1', 'S76', 'SS85', 'D173', 'DM2');
INSERT INTO dis_relationship_master VALUES ('1610SS84', 'C1', 'S76', 'SS84', 'D173', 'DM2');
INSERT INTO dis_relationship_master VALUES ('1610SS83', 'C1', 'S76', 'SS83', 'D173', 'DM2');
INSERT INTO dis_relationship_master VALUES ('1610SS48', 'C1', 'S76', 'SS48', 'D173', 'DM2');
INSERT INTO dis_relationship_master VALUES ('1969', 'C0', 'S0', 'SS0', 'D173', 'DM2');
INSERT INTO diagnoses VALUES ('D174', 'GASTROINTESTINAL/LIVER DISORDERS');
INSERT INTO dis_relationship_master VALUES ('1790', 'C0', 'S0', 'SS0', 'D174', 'DM2');
INSERT INTO dis_relationship_diagnosis_to_diagnosis_modifier VALUES ('D174', 'DM2');
INSERT INTO dis_relationship_master VALUES ('1730SS1', 'C2', 'S7', 'SS1', 'D174', 'DM2');
INSERT INTO dis_relationship_master VALUES ('1730SS71', 'C2', 'S7', 'SS71', 'D174', 'DM2');
INSERT INTO dis_relationship_master VALUES ('1730SS56', 'C2', 'S7', 'SS56', 'D174', 'DM2');
INSERT INTO dis_relationship_master VALUES ('1726SS175', 'C2', 'S24', 'SS175', 'D174', 'DM2');
INSERT INTO dis_relationship_master VALUES ('1726SS123', 'C2', 'S24', 'SS123', 'D174', 'DM2');
INSERT INTO dis_relationship_master VALUES ('1721SS166', 'C2', 'S76', 'SS166', 'D174', 'DM2');
INSERT INTO dis_relationship_master VALUES ('1721SS91', 'C2', 'S76', 'SS91', 'D174', 'DM2');
INSERT INTO dis_relationship_master VALUES ('1721SS85', 'C2', 'S76', 'SS85', 'D174', 'DM2');
INSERT INTO dis_relationship_master VALUES ('1721SS84', 'C2', 'S76', 'SS84', 'D174', 'DM2');
INSERT INTO dis_relationship_master VALUES ('1721SS83', 'C2', 'S76', 'SS83', 'D174', 'DM2');
INSERT INTO dis_relationship_master VALUES ('1721SS48', 'C2', 'S76', 'SS48', 'D174', 'DM2');
INSERT INTO dis_relationship_master VALUES ('1687', 'C2', 'S0', 'SS0', 'D174', 'DM2');
INSERT INTO dis_relationship_master VALUES ('1685SS157', 'C2', 'S1', 'SS157', 'D174', 'DM2');
INSERT INTO dis_relationship_master VALUES ('1685SS156', 'C2', 'S1', 'SS156', 'D174', 'DM2');
INSERT INTO dis_relationship_master VALUES ('1685SS98', 'C2', 'S1', 'SS98', 'D174', 'DM2');
INSERT INTO dis_relationship_master VALUES ('1685SS73', 'C2', 'S1', 'SS73', 'D174', 'DM2');
INSERT INTO dis_relationship_master VALUES ('1685SS66', 'C2', 'S1', 'SS66', 'D174', 'DM2');
INSERT INTO dis_relationship_master VALUES ('1685SS65', 'C2', 'S1', 'SS65', 'D174', 'DM2');
INSERT INTO dis_relationship_master VALUES ('1685SS57', 'C2', 'S1', 'SS57', 'D174', 'DM2');
INSERT INTO dis_relationship_master VALUES ('1685SS19', 'C2', 'S1', 'SS19', 'D174', 'DM2');
INSERT INTO dis_relationship_master VALUES ('1685SS8', 'C2', 'S1', 'SS8', 'D174', 'DM2');
INSERT INTO dis_relationship_master VALUES ('1685SS2', 'C2', 'S1', 'SS2', 'D174', 'DM2');
INSERT INTO dis_relationship_master VALUES ('1681SS158', 'C2', 'S30', 'SS158', 'D174', 'DM2');
INSERT INTO dis_relationship_master VALUES ('1681SS112', 'C2', 'S30', 'SS112', 'D174', 'DM2');
INSERT INTO dis_relationship_master VALUES ('1681SS69', 'C2', 'S30', 'SS69', 'D174', 'DM2');
INSERT INTO dis_relationship_master VALUES ('1681SS18', 'C2', 'S30', 'SS18', 'D174', 'DM2');
INSERT INTO dis_relationship_master VALUES ('1677SS1', 'C2', 'S39', 'SS1', 'D174', 'DM2');
INSERT INTO dis_relationship_master VALUES ('1670SS1', 'C2', 'S6', 'SS1', 'D174', 'DM2');
INSERT INTO dis_relationship_master VALUES ('1654SS166', 'C2', 'S60', 'SS166', 'D174', 'DM2');
INSERT INTO dis_relationship_master VALUES ('1643SS186', 'C2', 'S67', 'SS186', 'D174', 'DM2');
INSERT INTO dis_relationship_master VALUES ('1643SS185', 'C2', 'S67', 'SS185', 'D174', 'DM2');
INSERT INTO dis_relationship_master VALUES ('1643SS184', 'C2', 'S67', 'SS184', 'D174', 'DM2');
INSERT INTO dis_relationship_master VALUES ('1643SS166', 'C2', 'S67', 'SS166', 'D174', 'DM2');
INSERT INTO dis_relationship_master VALUES ('1643SS161', 'C2', 'S67', 'SS161', 'D174', 'DM2');
INSERT INTO dis_relationship_master VALUES ('1643SS45', 'C2', 'S67', 'SS45', 'D174', 'DM2');
INSERT INTO dis_relationship_master VALUES ('1643SS36', 'C2', 'S67', 'SS36', 'D174', 'DM2');
INSERT INTO dis_relationship_master VALUES ('1643SS27', 'C2', 'S67', 'SS27', 'D174', 'DM2');
INSERT INTO dis_relationship_master VALUES ('1643SS10', 'C2', 'S67', 'SS10', 'D174', 'DM2');
INSERT INTO diagnoses VALUES ('D175', 'GENETIC DISORDERS');
INSERT INTO dis_relationship_master VALUES ('1910', 'C0', 'S0', 'SS0', 'D175', 'DM2');
INSERT INTO dis_relationship_diagnosis_to_diagnosis_modifier VALUES ('D175', 'DM2');
INSERT INTO dis_relationship_master VALUES ('1740', 'C2', 'S46', 'SS0', 'D175', 'DM2');
INSERT INTO dis_relationship_master VALUES ('1731SS1', 'C2', 'S39', 'SS1', 'D175', 'DM2');
INSERT INTO dis_relationship_master VALUES ('1718SS175', 'C2', 'S24', 'SS175', 'D175', 'DM2');
INSERT INTO dis_relationship_master VALUES ('1718SS123', 'C2', 'S24', 'SS123', 'D175', 'DM2');
INSERT INTO dis_relationship_master VALUES ('1715SS198', 'C2', 'S22', 'SS198', 'D175', 'DM2');
INSERT INTO dis_relationship_master VALUES ('1715SS159', 'C2', 'S22', 'SS159', 'D175', 'DM2');
INSERT INTO dis_relationship_master VALUES ('1715SS140', 'C2', 'S22', 'SS140', 'D175', 'DM2');
INSERT INTO dis_relationship_master VALUES ('1715SS23', 'C2', 'S22', 'SS23', 'D175', 'DM2');
INSERT INTO dis_relationship_master VALUES ('1708SS173', 'C2', 'S88', 'SS173', 'D175', 'DM2');
INSERT INTO dis_relationship_master VALUES ('1708SS150', 'C2', 'S88', 'SS150', 'D175', 'DM2');
INSERT INTO dis_relationship_master VALUES ('1708SS93', 'C2', 'S88', 'SS93', 'D175', 'DM2');
INSERT INTO dis_relationship_master VALUES ('1708SS87', 'C2', 'S88', 'SS87', 'D175', 'DM2');
INSERT INTO dis_relationship_master VALUES ('1708SS58', 'C2', 'S88', 'SS58', 'D175', 'DM2');
INSERT INTO dis_relationship_master VALUES ('1705SS186', 'C2', 'S67', 'SS186', 'D175', 'DM2');
INSERT INTO dis_relationship_master VALUES ('1705SS185', 'C2', 'S67', 'SS185', 'D175', 'DM2');
INSERT INTO dis_relationship_master VALUES ('1705SS184', 'C2', 'S67', 'SS184', 'D175', 'DM2');
INSERT INTO dis_relationship_master VALUES ('1705SS166', 'C2', 'S67', 'SS166', 'D175', 'DM2');
INSERT INTO dis_relationship_master VALUES ('1705SS161', 'C2', 'S67', 'SS161', 'D175', 'DM2');
INSERT INTO dis_relationship_master VALUES ('1705SS45', 'C2', 'S67', 'SS45', 'D175', 'DM2');
INSERT INTO dis_relationship_master VALUES ('1705SS36', 'C2', 'S67', 'SS36', 'D175', 'DM2');
INSERT INTO dis_relationship_master VALUES ('1705SS27', 'C2', 'S67', 'SS27', 'D175', 'DM2');
INSERT INTO dis_relationship_master VALUES ('1705SS10', 'C2', 'S67', 'SS10', 'D175', 'DM2');
INSERT INTO dis_relationship_master VALUES ('1694SS194', 'C2', 'S9', 'SS194', 'D175', 'DM2');
INSERT INTO dis_relationship_master VALUES ('1694SS166', 'C2', 'S9', 'SS166', 'D175', 'DM2');
INSERT INTO dis_relationship_master VALUES ('1694SS150', 'C2', 'S9', 'SS150', 'D175', 'DM2');
INSERT INTO dis_relationship_master VALUES ('1694SS143', 'C2', 'S9', 'SS143', 'D175', 'DM2');
INSERT INTO dis_relationship_master VALUES ('1694SS30', 'C2', 'S9', 'SS30', 'D175', 'DM2');
INSERT INTO dis_relationship_master VALUES ('1694SS28', 'C2', 'S9', 'SS28', 'D175', 'DM2');
INSERT INTO dis_relationship_master VALUES ('1694SS26', 'C2', 'S9', 'SS26', 'D175', 'DM2');
INSERT INTO dis_relationship_master VALUES ('1694SS6', 'C2', 'S9', 'SS6', 'D175', 'DM2');
INSERT INTO dis_relationship_master VALUES ('1692SS1', 'C2', 'S50', 'SS1', 'D175', 'DM2');
INSERT INTO dis_relationship_master VALUES ('1689SS166', 'C2', 'S64', 'SS166', 'D175', 'DM2');
INSERT INTO dis_relationship_master VALUES ('1659SS125', 'C2', 'S94', 'SS125', 'D175', 'DM2');
INSERT INTO dis_relationship_master VALUES ('1650SS89', 'C2', 'S63', 'SS89', 'D175', 'DM2');
INSERT INTO dis_relationship_master VALUES ('1645', 'C2', 'S0', 'SS0', 'D175', 'DM2');
INSERT INTO diagnoses VALUES ('D176', 'HAMARTOMA');
INSERT INTO dis_relationship_master VALUES ('2315', 'C7', 'S0', 'SS0', 'D176', 'DM2');
INSERT INTO dis_relationship_diagnosis_to_diagnosis_modifier VALUES ('D176', 'DM2');
INSERT INTO dis_relationship_master VALUES ('1993', 'C0', 'S0', 'SS0', 'D176', 'DM2');
INSERT INTO diagnoses VALUES ('D177', 'HEMANGIOENDOTHELIOMA');
INSERT INTO dis_relationship_master VALUES ('1635SS125', 'C1', 'S94', 'SS125', 'D177', 'DM2');
INSERT INTO dis_relationship_diagnosis_to_diagnosis_modifier VALUES ('D177', 'DM2');
INSERT INTO dis_relationship_master VALUES ('1627SS1', 'C1', 'S2', 'SS1', 'D177', 'DM2');
INSERT INTO dis_relationship_master VALUES ('1625SS188', 'C1', 'S92', 'SS188', 'D177', 'DM2');
INSERT INTO dis_relationship_master VALUES ('1625SS179', 'C1', 'S92', 'SS179', 'D177', 'DM2');
INSERT INTO dis_relationship_master VALUES ('1625SS168', 'C1', 'S92', 'SS168', 'D177', 'DM2');
INSERT INTO dis_relationship_master VALUES ('1625SS165', 'C1', 'S92', 'SS165', 'D177', 'DM2');
INSERT INTO dis_relationship_master VALUES ('1625SS153', 'C1', 'S92', 'SS153', 'D177', 'DM2');
INSERT INTO dis_relationship_master VALUES ('1625SS149', 'C1', 'S92', 'SS149', 'D177', 'DM2');
INSERT INTO dis_relationship_master VALUES ('1625SS128', 'C1', 'S92', 'SS128', 'D177', 'DM2');
INSERT INTO dis_relationship_master VALUES ('1625SS109', 'C1', 'S92', 'SS109', 'D177', 'DM2');
INSERT INTO dis_relationship_master VALUES ('1625SS108', 'C1', 'S92', 'SS108', 'D177', 'DM2');
INSERT INTO dis_relationship_master VALUES ('1625SS104', 'C1', 'S92', 'SS104', 'D177', 'DM2');
INSERT INTO dis_relationship_master VALUES ('1625SS79', 'C1', 'S92', 'SS79', 'D177', 'DM2');
INSERT INTO dis_relationship_master VALUES ('1625SS62', 'C1', 'S92', 'SS62', 'D177', 'DM2');
INSERT INTO dis_relationship_master VALUES ('1625SS60', 'C1', 'S92', 'SS60', 'D177', 'DM2');
INSERT INTO dis_relationship_master VALUES ('1611SS1', 'C1', 'S39', 'SS1', 'D177', 'DM2');
INSERT INTO dis_relationship_master VALUES ('1633', 'C1', 'S0', 'SS0', 'D177', 'DM2');
INSERT INTO dis_relationship_master VALUES ('2382SS1', 'C1', 'S50', 'SS1', 'D177', 'DM2');
INSERT INTO dis_relationship_master VALUES ('1747', 'C0', 'S0', 'SS0', 'D177', 'DM2');
INSERT INTO diagnoses VALUES ('D178', 'HEMATOLOGICAL DISORDERS');
INSERT INTO dis_relationship_master VALUES ('1642', 'C2', 'S0', 'SS0', 'D178', 'DM2');
INSERT INTO dis_relationship_diagnosis_to_diagnosis_modifier VALUES ('D178', 'DM2');
INSERT INTO dis_relationship_master VALUES ('1929', 'C0', 'S0', 'SS0', 'D178', 'DM2');
INSERT INTO dis_relationship_master VALUES ('1711SS175', 'C2', 'S24', 'SS175', 'D178', 'DM2');
INSERT INTO dis_relationship_master VALUES ('1711SS123', 'C2', 'S24', 'SS123', 'D178', 'DM2');
INSERT INTO dis_relationship_master VALUES ('1706SS173', 'C2', 'S88', 'SS173', 'D178', 'DM2');
INSERT INTO dis_relationship_master VALUES ('1706SS150', 'C2', 'S88', 'SS150', 'D178', 'DM2');
INSERT INTO dis_relationship_master VALUES ('1706SS93', 'C2', 'S88', 'SS93', 'D178', 'DM2');
INSERT INTO dis_relationship_master VALUES ('1706SS87', 'C2', 'S88', 'SS87', 'D178', 'DM2');
INSERT INTO dis_relationship_master VALUES ('1706SS58', 'C2', 'S88', 'SS58', 'D178', 'DM2');
INSERT INTO dis_relationship_master VALUES ('1697SS198', 'C2', 'S22', 'SS198', 'D178', 'DM2');
INSERT INTO dis_relationship_master VALUES ('1697SS159', 'C2', 'S22', 'SS159', 'D178', 'DM2');
INSERT INTO dis_relationship_master VALUES ('1697SS140', 'C2', 'S22', 'SS140', 'D178', 'DM2');
INSERT INTO dis_relationship_master VALUES ('1697SS23', 'C2', 'S22', 'SS23', 'D178', 'DM2');
INSERT INTO dis_relationship_master VALUES ('1690SS1', 'C2', 'S50', 'SS1', 'D178', 'DM2');
INSERT INTO dis_relationship_master VALUES ('1667SS194', 'C2', 'S9', 'SS194', 'D178', 'DM2');
INSERT INTO dis_relationship_master VALUES ('1667SS166', 'C2', 'S9', 'SS166', 'D178', 'DM2');
INSERT INTO dis_relationship_master VALUES ('1667SS150', 'C2', 'S9', 'SS150', 'D178', 'DM2');
INSERT INTO dis_relationship_master VALUES ('1667SS143', 'C2', 'S9', 'SS143', 'D178', 'DM2');
INSERT INTO dis_relationship_master VALUES ('1667SS30', 'C2', 'S9', 'SS30', 'D178', 'DM2');
INSERT INTO dis_relationship_master VALUES ('1667SS28', 'C2', 'S9', 'SS28', 'D178', 'DM2');
INSERT INTO dis_relationship_master VALUES ('1667SS26', 'C2', 'S9', 'SS26', 'D178', 'DM2');
INSERT INTO dis_relationship_master VALUES ('1667SS6', 'C2', 'S9', 'SS6', 'D178', 'DM2');
INSERT INTO dis_relationship_master VALUES ('1655SS125', 'C2', 'S94', 'SS125', 'D178', 'DM2');
INSERT INTO diagnoses VALUES ('D179', 'HISTIOCYTIC MACROPHAGE NEOPLASMS');
INSERT INTO dis_relationship_master VALUES ('2275SS198', 'C6', 'S22', 'SS198', 'D179', 'DM2');
INSERT INTO dis_relationship_diagnosis_to_diagnosis_modifier VALUES ('D179', 'DM2');
INSERT INTO dis_relationship_master VALUES ('2275SS159', 'C6', 'S22', 'SS159', 'D179', 'DM2');
INSERT INTO dis_relationship_master VALUES ('2275SS140', 'C6', 'S22', 'SS140', 'D179', 'DM2');
INSERT INTO dis_relationship_master VALUES ('2275SS23', 'C6', 'S22', 'SS23', 'D179', 'DM2');
INSERT INTO dis_relationship_master VALUES ('2258SS1', 'C6', 'S50', 'SS1', 'D179', 'DM2');
INSERT INTO dis_relationship_master VALUES ('2249SS182', 'C6', 'S57', 'SS182', 'D179', 'DM2');
INSERT INTO dis_relationship_master VALUES ('2249SS178', 'C6', 'S57', 'SS178', 'D179', 'DM2');
INSERT INTO dis_relationship_master VALUES ('2249SS150', 'C6', 'S57', 'SS150', 'D179', 'DM2');
INSERT INTO dis_relationship_master VALUES ('2249SS129', 'C6', 'S57', 'SS129', 'D179', 'DM2');
INSERT INTO dis_relationship_master VALUES ('2249SS122', 'C6', 'S57', 'SS122', 'D179', 'DM2');
INSERT INTO dis_relationship_master VALUES ('2249SS117', 'C6', 'S57', 'SS117', 'D179', 'DM2');
INSERT INTO dis_relationship_master VALUES ('2249SS107', 'C6', 'S57', 'SS107', 'D179', 'DM2');
INSERT INTO dis_relationship_master VALUES ('2249SS103', 'C6', 'S57', 'SS103', 'D179', 'DM2');
INSERT INTO dis_relationship_master VALUES ('2249SS88', 'C6', 'S57', 'SS88', 'D179', 'DM2');
INSERT INTO dis_relationship_master VALUES ('2249SS76', 'C6', 'S57', 'SS76', 'D179', 'DM2');
INSERT INTO dis_relationship_master VALUES ('2249SS33', 'C6', 'S57', 'SS33', 'D179', 'DM2');
INSERT INTO dis_relationship_master VALUES ('2249SS21', 'C6', 'S57', 'SS21', 'D179', 'DM2');
INSERT INTO dis_relationship_master VALUES ('2249SS16', 'C6', 'S57', 'SS16', 'D179', 'DM2');
INSERT INTO dis_relationship_master VALUES ('2249SS2', 'C6', 'S57', 'SS2', 'D179', 'DM2');
INSERT INTO dis_relationship_master VALUES ('2199', 'C6', 'S0', 'SS0', 'D179', 'DM2');
INSERT INTO dis_relationship_master VALUES ('2198SS195', 'C6', 'S65', 'SS195', 'D179', 'DM2');
INSERT INTO dis_relationship_master VALUES ('2198SS168', 'C6', 'S65', 'SS168', 'D179', 'DM2');
INSERT INTO dis_relationship_master VALUES ('2198SS153', 'C6', 'S65', 'SS153', 'D179', 'DM2');
INSERT INTO dis_relationship_master VALUES ('2198SS130', 'C6', 'S65', 'SS130', 'D179', 'DM2');
INSERT INTO dis_relationship_master VALUES ('2198SS86', 'C6', 'S65', 'SS86', 'D179', 'DM2');
INSERT INTO dis_relationship_master VALUES ('2198SS60', 'C6', 'S65', 'SS60', 'D179', 'DM2');
INSERT INTO dis_relationship_master VALUES ('2132', 'C0', 'S0', 'SS0', 'D179', 'DM2');
INSERT INTO diagnoses VALUES ('D180', 'HYPERPLASIA ATYPICAL');
INSERT INTO dis_relationship_master VALUES ('2182SS164', 'C5', 'S20', 'SS164', 'D180', 'DM2');
INSERT INTO dis_relationship_diagnosis_to_diagnosis_modifier VALUES ('D180', 'DM2');
INSERT INTO dis_relationship_master VALUES ('2182SS118', 'C5', 'S20', 'SS118', 'D180', 'DM2');
INSERT INTO dis_relationship_master VALUES ('2182SS114', 'C5', 'S20', 'SS114', 'D180', 'DM2');
INSERT INTO dis_relationship_master VALUES ('2180SS53', 'C5', 'S62', 'SS53', 'D180', 'DM2');
INSERT INTO dis_relationship_master VALUES ('2180SS51', 'C5', 'S62', 'SS51', 'D180', 'DM2');
INSERT INTO dis_relationship_master VALUES ('2180SS50', 'C5', 'S62', 'SS50', 'D180', 'DM2');
INSERT INTO dis_relationship_master VALUES ('2174SS183', 'C5', 'S14', 'SS183', 'D180', 'DM2');
INSERT INTO dis_relationship_master VALUES ('2174SS138', 'C5', 'S14', 'SS138', 'D180', 'DM2');
INSERT INTO dis_relationship_master VALUES ('2174SS134', 'C5', 'S14', 'SS134', 'D180', 'DM2');
INSERT INTO dis_relationship_master VALUES ('2169SS125', 'C5', 'S94', 'SS125', 'D180', 'DM2');
INSERT INTO dis_relationship_master VALUES ('2167SS166', 'C5', 'S70', 'SS166', 'D180', 'DM2');
INSERT INTO dis_relationship_master VALUES ('2167SS136', 'C5', 'S70', 'SS136', 'D180', 'DM2');
INSERT INTO dis_relationship_master VALUES ('2167SS132', 'C5', 'S70', 'SS132', 'D180', 'DM2');
INSERT INTO dis_relationship_master VALUES ('2167SS115', 'C5', 'S70', 'SS115', 'D180', 'DM2');
INSERT INTO dis_relationship_master VALUES ('2167SS54', 'C5', 'S70', 'SS54', 'D180', 'DM2');
INSERT INTO dis_relationship_master VALUES ('1781', 'C0', 'S0', 'SS0', 'D180', 'DM2');
INSERT INTO diagnoses VALUES ('D181', 'INFECTION');
INSERT INTO dis_relationship_master VALUES ('1865', 'C0', 'S0', 'SS0', 'D181', 'DM2');
INSERT INTO dis_relationship_diagnosis_to_diagnosis_modifier VALUES ('D181', 'DM2');
INSERT INTO dis_relationship_master VALUES ('1735', 'C2', 'S0', 'SS0', 'D181', 'DM2');
INSERT INTO diagnoses VALUES ('D182', 'INFLAMMATION');
INSERT INTO dis_relationship_master VALUES ('2146', 'C0', 'S0', 'SS0', 'D182', 'DM2');
INSERT INTO dis_relationship_diagnosis_to_diagnosis_modifier VALUES ('D182', 'DM2');
INSERT INTO dis_relationship_master VALUES ('1737SS194', 'C2', 'S9', 'SS194', 'D182', 'DM2');
INSERT INTO dis_relationship_master VALUES ('1737SS166', 'C2', 'S9', 'SS166', 'D182', 'DM2');
INSERT INTO dis_relationship_master VALUES ('1737SS150', 'C2', 'S9', 'SS150', 'D182', 'DM2');
INSERT INTO dis_relationship_master VALUES ('1737SS143', 'C2', 'S9', 'SS143', 'D182', 'DM2');
INSERT INTO dis_relationship_master VALUES ('1737SS30', 'C2', 'S9', 'SS30', 'D182', 'DM2');
INSERT INTO dis_relationship_master VALUES ('1737SS28', 'C2', 'S9', 'SS28', 'D182', 'DM2');
INSERT INTO dis_relationship_master VALUES ('1737SS26', 'C2', 'S9', 'SS26', 'D182', 'DM2');
INSERT INTO dis_relationship_master VALUES ('1737SS6', 'C2', 'S9', 'SS6', 'D182', 'DM2');
INSERT INTO dis_relationship_master VALUES ('1695', 'C2', 'S0', 'SS0', 'D182', 'DM2');
INSERT INTO dis_relationship_master VALUES ('1653SS173', 'C2', 'S88', 'SS173', 'D182', 'DM2');
INSERT INTO dis_relationship_master VALUES ('1653SS150', 'C2', 'S88', 'SS150', 'D182', 'DM2');
INSERT INTO dis_relationship_master VALUES ('1653SS93', 'C2', 'S88', 'SS93', 'D182', 'DM2');
INSERT INTO dis_relationship_master VALUES ('1653SS87', 'C2', 'S88', 'SS87', 'D182', 'DM2');
INSERT INTO dis_relationship_master VALUES ('1653SS58', 'C2', 'S88', 'SS58', 'D182', 'DM2');
INSERT INTO diagnoses VALUES ('D183', 'ISLET CELL TUMOR');
INSERT INTO dis_relationship_master VALUES ('2215SS175', 'C6', 'S24', 'SS175', 'D183', 'DM2');
INSERT INTO dis_relationship_diagnosis_to_diagnosis_modifier VALUES ('D183', 'DM2');
INSERT INTO dis_relationship_master VALUES ('2215SS123', 'C6', 'S24', 'SS123', 'D183', 'DM2');
INSERT INTO dis_relationship_master VALUES ('1813', 'C0', 'S0', 'SS0', 'D183', 'DM2');
INSERT INTO diagnoses VALUES ('D184', 'LEUKEMIA - ACUTE');
INSERT INTO dis_relationship_master VALUES ('2280SS182', 'C6', 'S57', 'SS182', 'D184', 'DM2');
INSERT INTO dis_relationship_diagnosis_to_diagnosis_modifier VALUES ('D184', 'DM2');
INSERT INTO dis_relationship_master VALUES ('2280SS178', 'C6', 'S57', 'SS178', 'D184', 'DM2');
INSERT INTO dis_relationship_master VALUES ('2280SS150', 'C6', 'S57', 'SS150', 'D184', 'DM2');
INSERT INTO dis_relationship_master VALUES ('2280SS129', 'C6', 'S57', 'SS129', 'D184', 'DM2');
INSERT INTO dis_relationship_master VALUES ('2280SS122', 'C6', 'S57', 'SS122', 'D184', 'DM2');
INSERT INTO dis_relationship_master VALUES ('2280SS117', 'C6', 'S57', 'SS117', 'D184', 'DM2');
INSERT INTO dis_relationship_master VALUES ('2280SS107', 'C6', 'S57', 'SS107', 'D184', 'DM2');
INSERT INTO dis_relationship_master VALUES ('2280SS103', 'C6', 'S57', 'SS103', 'D184', 'DM2');
INSERT INTO dis_relationship_master VALUES ('2280SS88', 'C6', 'S57', 'SS88', 'D184', 'DM2');
INSERT INTO dis_relationship_master VALUES ('2280SS76', 'C6', 'S57', 'SS76', 'D184', 'DM2');
INSERT INTO dis_relationship_master VALUES ('2280SS33', 'C6', 'S57', 'SS33', 'D184', 'DM2');
INSERT INTO dis_relationship_master VALUES ('2280SS21', 'C6', 'S57', 'SS21', 'D184', 'DM2');
INSERT INTO dis_relationship_master VALUES ('2280SS16', 'C6', 'S57', 'SS16', 'D184', 'DM2');
INSERT INTO dis_relationship_master VALUES ('2280SS2', 'C6', 'S57', 'SS2', 'D184', 'DM2');
INSERT INTO dis_relationship_master VALUES ('2264SS1', 'C6', 'S50', 'SS1', 'D184', 'DM2');
INSERT INTO dis_relationship_master VALUES ('2227SS195', 'C6', 'S65', 'SS195', 'D184', 'DM2');
INSERT INTO dis_relationship_master VALUES ('2227SS168', 'C6', 'S65', 'SS168', 'D184', 'DM2');
INSERT INTO dis_relationship_master VALUES ('2227SS153', 'C6', 'S65', 'SS153', 'D184', 'DM2');
INSERT INTO dis_relationship_master VALUES ('2227SS130', 'C6', 'S65', 'SS130', 'D184', 'DM2');
INSERT INTO dis_relationship_master VALUES ('2227SS86', 'C6', 'S65', 'SS86', 'D184', 'DM2');
INSERT INTO dis_relationship_master VALUES ('2227SS60', 'C6', 'S65', 'SS60', 'D184', 'DM2');
INSERT INTO dis_relationship_master VALUES ('2225', 'C6', 'S0', 'SS0', 'D184', 'DM2');
INSERT INTO dis_relationship_master VALUES ('2207SS198', 'C6', 'S22', 'SS198', 'D184', 'DM2');
INSERT INTO dis_relationship_master VALUES ('2207SS159', 'C6', 'S22', 'SS159', 'D184', 'DM2');
INSERT INTO dis_relationship_master VALUES ('2207SS140', 'C6', 'S22', 'SS140', 'D184', 'DM2');
INSERT INTO dis_relationship_master VALUES ('2207SS23', 'C6', 'S22', 'SS23', 'D184', 'DM2');
INSERT INTO dis_relationship_master VALUES ('1983', 'C0', 'S0', 'SS0', 'D184', 'DM2');
INSERT INTO diagnoses VALUES ('D185', 'LEUKEMIA - MYELODYSPLASTIC SYNDROME');
INSERT INTO dis_relationship_master VALUES ('2267SS195', 'C6', 'S65', 'SS195', 'D185', 'DM2');
INSERT INTO dis_relationship_diagnosis_to_diagnosis_modifier VALUES ('D185', 'DM2');
INSERT INTO dis_relationship_master VALUES ('2267SS168', 'C6', 'S65', 'SS168', 'D185', 'DM2');
INSERT INTO dis_relationship_master VALUES ('2267SS153', 'C6', 'S65', 'SS153', 'D185', 'DM2');
INSERT INTO dis_relationship_master VALUES ('2267SS130', 'C6', 'S65', 'SS130', 'D185', 'DM2');
INSERT INTO dis_relationship_master VALUES ('2267SS86', 'C6', 'S65', 'SS86', 'D185', 'DM2');
INSERT INTO dis_relationship_master VALUES ('2267SS60', 'C6', 'S65', 'SS60', 'D185', 'DM2');
INSERT INTO dis_relationship_master VALUES ('2265SS198', 'C6', 'S22', 'SS198', 'D185', 'DM2');
INSERT INTO dis_relationship_master VALUES ('2265SS159', 'C6', 'S22', 'SS159', 'D185', 'DM2');
INSERT INTO dis_relationship_master VALUES ('2265SS140', 'C6', 'S22', 'SS140', 'D185', 'DM2');
INSERT INTO dis_relationship_master VALUES ('2265SS23', 'C6', 'S22', 'SS23', 'D185', 'DM2');
INSERT INTO dis_relationship_master VALUES ('2252SS182', 'C6', 'S57', 'SS182', 'D185', 'DM2');
INSERT INTO dis_relationship_master VALUES ('2252SS178', 'C6', 'S57', 'SS178', 'D185', 'DM2');
INSERT INTO dis_relationship_master VALUES ('2252SS150', 'C6', 'S57', 'SS150', 'D185', 'DM2');
INSERT INTO dis_relationship_master VALUES ('2252SS129', 'C6', 'S57', 'SS129', 'D185', 'DM2');
INSERT INTO dis_relationship_master VALUES ('2252SS122', 'C6', 'S57', 'SS122', 'D185', 'DM2');
INSERT INTO dis_relationship_master VALUES ('2252SS117', 'C6', 'S57', 'SS117', 'D185', 'DM2');
INSERT INTO dis_relationship_master VALUES ('2252SS107', 'C6', 'S57', 'SS107', 'D185', 'DM2');
INSERT INTO dis_relationship_master VALUES ('2252SS103', 'C6', 'S57', 'SS103', 'D185', 'DM2');
INSERT INTO dis_relationship_master VALUES ('2252SS88', 'C6', 'S57', 'SS88', 'D185', 'DM2');
INSERT INTO dis_relationship_master VALUES ('2252SS76', 'C6', 'S57', 'SS76', 'D185', 'DM2');
INSERT INTO dis_relationship_master VALUES ('2252SS33', 'C6', 'S57', 'SS33', 'D185', 'DM2');
INSERT INTO dis_relationship_master VALUES ('2252SS21', 'C6', 'S57', 'SS21', 'D185', 'DM2');
INSERT INTO dis_relationship_master VALUES ('2252SS16', 'C6', 'S57', 'SS16', 'D185', 'DM2');
INSERT INTO dis_relationship_master VALUES ('2252SS2', 'C6', 'S57', 'SS2', 'D185', 'DM2');
INSERT INTO dis_relationship_master VALUES ('2245SS1', 'C6', 'S50', 'SS1', 'D185', 'DM2');
INSERT INTO dis_relationship_master VALUES ('2196', 'C6', 'S0', 'SS0', 'D185', 'DM2');
INSERT INTO dis_relationship_master VALUES ('2076', 'C0', 'S0', 'SS0', 'D185', 'DM2');
INSERT INTO diagnoses VALUES ('D186', 'LEUKEMIA CHRONIC - MYELOPROLIFERATIVE NEOPLASMS (MPN)');
INSERT INTO dis_relationship_master VALUES ('2285', 'C6', 'S0', 'SS0', 'D186', 'DM2');
INSERT INTO dis_relationship_diagnosis_to_diagnosis_modifier VALUES ('D186', 'DM2');
INSERT INTO dis_relationship_master VALUES ('2260SS195', 'C6', 'S65', 'SS195', 'D186', 'DM2');
INSERT INTO dis_relationship_master VALUES ('2260SS168', 'C6', 'S65', 'SS168', 'D186', 'DM2');
INSERT INTO dis_relationship_master VALUES ('2260SS153', 'C6', 'S65', 'SS153', 'D186', 'DM2');
INSERT INTO dis_relationship_master VALUES ('2260SS130', 'C6', 'S65', 'SS130', 'D186', 'DM2');
INSERT INTO dis_relationship_master VALUES ('2260SS86', 'C6', 'S65', 'SS86', 'D186', 'DM2');
INSERT INTO dis_relationship_master VALUES ('2260SS60', 'C6', 'S65', 'SS60', 'D186', 'DM2');
INSERT INTO dis_relationship_master VALUES ('2240SS198', 'C6', 'S22', 'SS198', 'D186', 'DM2');
INSERT INTO dis_relationship_master VALUES ('2240SS159', 'C6', 'S22', 'SS159', 'D186', 'DM2');
INSERT INTO dis_relationship_master VALUES ('2240SS140', 'C6', 'S22', 'SS140', 'D186', 'DM2');
INSERT INTO dis_relationship_master VALUES ('2240SS23', 'C6', 'S22', 'SS23', 'D186', 'DM2');
INSERT INTO dis_relationship_master VALUES ('2231SS1', 'C6', 'S50', 'SS1', 'D186', 'DM2');
INSERT INTO dis_relationship_master VALUES ('2190SS182', 'C6', 'S57', 'SS182', 'D186', 'DM2');
INSERT INTO dis_relationship_master VALUES ('2190SS178', 'C6', 'S57', 'SS178', 'D186', 'DM2');
INSERT INTO dis_relationship_master VALUES ('2190SS150', 'C6', 'S57', 'SS150', 'D186', 'DM2');
INSERT INTO dis_relationship_master VALUES ('2190SS129', 'C6', 'S57', 'SS129', 'D186', 'DM2');
INSERT INTO dis_relationship_master VALUES ('2190SS122', 'C6', 'S57', 'SS122', 'D186', 'DM2');
INSERT INTO dis_relationship_master VALUES ('2190SS117', 'C6', 'S57', 'SS117', 'D186', 'DM2');
INSERT INTO dis_relationship_master VALUES ('2190SS107', 'C6', 'S57', 'SS107', 'D186', 'DM2');
INSERT INTO dis_relationship_master VALUES ('2190SS103', 'C6', 'S57', 'SS103', 'D186', 'DM2');
INSERT INTO dis_relationship_master VALUES ('2190SS88', 'C6', 'S57', 'SS88', 'D186', 'DM2');
INSERT INTO dis_relationship_master VALUES ('2190SS76', 'C6', 'S57', 'SS76', 'D186', 'DM2');
INSERT INTO dis_relationship_master VALUES ('2190SS33', 'C6', 'S57', 'SS33', 'D186', 'DM2');
INSERT INTO dis_relationship_master VALUES ('2190SS21', 'C6', 'S57', 'SS21', 'D186', 'DM2');
INSERT INTO dis_relationship_master VALUES ('2190SS16', 'C6', 'S57', 'SS16', 'D186', 'DM2');
INSERT INTO dis_relationship_master VALUES ('2190SS2', 'C6', 'S57', 'SS2', 'D186', 'DM2');
INSERT INTO dis_relationship_master VALUES ('1846', 'C0', 'S0', 'SS0', 'D186', 'DM2');
INSERT INTO diagnoses VALUES ('D187', 'LYMPHOMA');
INSERT INTO dis_relationship_master VALUES ('2281SS1', 'C6', 'S50', 'SS1', 'D187', 'DM2');
INSERT INTO dis_relationship_diagnosis_to_diagnosis_modifier VALUES ('D187', 'DM2');
INSERT INTO dis_relationship_master VALUES ('2262SS182', 'C6', 'S57', 'SS182', 'D187', 'DM2');
INSERT INTO dis_relationship_master VALUES ('2262SS178', 'C6', 'S57', 'SS178', 'D187', 'DM2');
INSERT INTO dis_relationship_master VALUES ('2262SS150', 'C6', 'S57', 'SS150', 'D187', 'DM2');
INSERT INTO dis_relationship_master VALUES ('2262SS129', 'C6', 'S57', 'SS129', 'D187', 'DM2');
INSERT INTO dis_relationship_master VALUES ('2262SS122', 'C6', 'S57', 'SS122', 'D187', 'DM2');
INSERT INTO dis_relationship_master VALUES ('2262SS117', 'C6', 'S57', 'SS117', 'D187', 'DM2');
INSERT INTO dis_relationship_master VALUES ('2262SS107', 'C6', 'S57', 'SS107', 'D187', 'DM2');
INSERT INTO dis_relationship_master VALUES ('2262SS103', 'C6', 'S57', 'SS103', 'D187', 'DM2');
INSERT INTO dis_relationship_master VALUES ('2262SS88', 'C6', 'S57', 'SS88', 'D187', 'DM2');
INSERT INTO dis_relationship_master VALUES ('2262SS76', 'C6', 'S57', 'SS76', 'D187', 'DM2');
INSERT INTO dis_relationship_master VALUES ('2262SS33', 'C6', 'S57', 'SS33', 'D187', 'DM2');
INSERT INTO dis_relationship_master VALUES ('2262SS21', 'C6', 'S57', 'SS21', 'D187', 'DM2');
INSERT INTO dis_relationship_master VALUES ('2262SS16', 'C6', 'S57', 'SS16', 'D187', 'DM2');
INSERT INTO dis_relationship_master VALUES ('2262SS2', 'C6', 'S57', 'SS2', 'D187', 'DM2');
INSERT INTO dis_relationship_master VALUES ('2228', 'C6', 'S0', 'SS0', 'D187', 'DM2');
INSERT INTO dis_relationship_master VALUES ('2205SS195', 'C6', 'S65', 'SS195', 'D187', 'DM2');
INSERT INTO dis_relationship_master VALUES ('2205SS168', 'C6', 'S65', 'SS168', 'D187', 'DM2');
INSERT INTO dis_relationship_master VALUES ('2205SS153', 'C6', 'S65', 'SS153', 'D187', 'DM2');
INSERT INTO dis_relationship_master VALUES ('2205SS130', 'C6', 'S65', 'SS130', 'D187', 'DM2');
INSERT INTO dis_relationship_master VALUES ('2205SS86', 'C6', 'S65', 'SS86', 'D187', 'DM2');
INSERT INTO dis_relationship_master VALUES ('2205SS60', 'C6', 'S65', 'SS60', 'D187', 'DM2');
INSERT INTO dis_relationship_master VALUES ('2201SS198', 'C6', 'S22', 'SS198', 'D187', 'DM2');
INSERT INTO dis_relationship_master VALUES ('2201SS159', 'C6', 'S22', 'SS159', 'D187', 'DM2');
INSERT INTO dis_relationship_master VALUES ('2201SS140', 'C6', 'S22', 'SS140', 'D187', 'DM2');
INSERT INTO dis_relationship_master VALUES ('2201SS23', 'C6', 'S22', 'SS23', 'D187', 'DM2');
INSERT INTO dis_relationship_master VALUES ('2019', 'C0', 'S0', 'SS0', 'D187', 'DM2');
INSERT INTO diagnoses VALUES ('D188', 'LYMPHOMA MATURE B-CELL TYPE');
INSERT INTO dis_relationship_master VALUES ('2270SS195', 'C6', 'S65', 'SS195', 'D188', 'DM2');
INSERT INTO dis_relationship_diagnosis_to_diagnosis_modifier VALUES ('D188', 'DM2');
INSERT INTO dis_relationship_master VALUES ('2270SS168', 'C6', 'S65', 'SS168', 'D188', 'DM2');
INSERT INTO dis_relationship_master VALUES ('2270SS153', 'C6', 'S65', 'SS153', 'D188', 'DM2');
INSERT INTO dis_relationship_master VALUES ('2270SS130', 'C6', 'S65', 'SS130', 'D188', 'DM2');
INSERT INTO dis_relationship_master VALUES ('2270SS86', 'C6', 'S65', 'SS86', 'D188', 'DM2');
INSERT INTO dis_relationship_master VALUES ('2270SS60', 'C6', 'S65', 'SS60', 'D188', 'DM2');
INSERT INTO dis_relationship_master VALUES ('2268SS198', 'C6', 'S22', 'SS198', 'D188', 'DM2');
INSERT INTO dis_relationship_master VALUES ('2268SS159', 'C6', 'S22', 'SS159', 'D188', 'DM2');
INSERT INTO dis_relationship_master VALUES ('2268SS140', 'C6', 'S22', 'SS140', 'D188', 'DM2');
INSERT INTO dis_relationship_master VALUES ('2268SS23', 'C6', 'S22', 'SS23', 'D188', 'DM2');
INSERT INTO dis_relationship_master VALUES ('2256SS182', 'C6', 'S57', 'SS182', 'D188', 'DM2');
INSERT INTO dis_relationship_master VALUES ('2256SS178', 'C6', 'S57', 'SS178', 'D188', 'DM2');
INSERT INTO dis_relationship_master VALUES ('2256SS150', 'C6', 'S57', 'SS150', 'D188', 'DM2');
INSERT INTO dis_relationship_master VALUES ('2256SS129', 'C6', 'S57', 'SS129', 'D188', 'DM2');
INSERT INTO dis_relationship_master VALUES ('2256SS122', 'C6', 'S57', 'SS122', 'D188', 'DM2');
INSERT INTO dis_relationship_master VALUES ('2256SS117', 'C6', 'S57', 'SS117', 'D188', 'DM2');
INSERT INTO dis_relationship_master VALUES ('2256SS107', 'C6', 'S57', 'SS107', 'D188', 'DM2');
INSERT INTO dis_relationship_master VALUES ('2256SS103', 'C6', 'S57', 'SS103', 'D188', 'DM2');
INSERT INTO dis_relationship_master VALUES ('2256SS88', 'C6', 'S57', 'SS88', 'D188', 'DM2');
INSERT INTO dis_relationship_master VALUES ('2256SS76', 'C6', 'S57', 'SS76', 'D188', 'DM2');
INSERT INTO dis_relationship_master VALUES ('2256SS33', 'C6', 'S57', 'SS33', 'D188', 'DM2');
INSERT INTO dis_relationship_master VALUES ('2256SS21', 'C6', 'S57', 'SS21', 'D188', 'DM2');
INSERT INTO dis_relationship_master VALUES ('2256SS16', 'C6', 'S57', 'SS16', 'D188', 'DM2');
INSERT INTO dis_relationship_master VALUES ('2256SS2', 'C6', 'S57', 'SS2', 'D188', 'DM2');
INSERT INTO dis_relationship_master VALUES ('2234SS1', 'C6', 'S50', 'SS1', 'D188', 'DM2');
INSERT INTO dis_relationship_master VALUES ('2210', 'C6', 'S0', 'SS0', 'D188', 'DM2');
INSERT INTO dis_relationship_master VALUES ('2111', 'C0', 'S0', 'SS0', 'D188', 'DM2');
INSERT INTO dis_relationship_master VALUES ('2247', 'C6', 'S0', 'SS0', 'D1', 'DM2');
INSERT INTO dis_relationship_diagnosis_to_diagnosis_modifier VALUES ('D1', 'DM2');
INSERT INTO dis_relationship_master VALUES ('2235SS195', 'C6', 'S65', 'SS195', 'D1', 'DM2');
INSERT INTO dis_relationship_master VALUES ('2235SS168', 'C6', 'S65', 'SS168', 'D1', 'DM2');
INSERT INTO dis_relationship_master VALUES ('2235SS153', 'C6', 'S65', 'SS153', 'D1', 'DM2');
INSERT INTO dis_relationship_master VALUES ('2235SS130', 'C6', 'S65', 'SS130', 'D1', 'DM2');
INSERT INTO dis_relationship_master VALUES ('2235SS86', 'C6', 'S65', 'SS86', 'D1', 'DM2');
INSERT INTO dis_relationship_master VALUES ('2235SS60', 'C6', 'S65', 'SS60', 'D1', 'DM2');
INSERT INTO dis_relationship_master VALUES ('2217SS198', 'C6', 'S22', 'SS198', 'D1', 'DM2');
INSERT INTO dis_relationship_master VALUES ('2217SS159', 'C6', 'S22', 'SS159', 'D1', 'DM2');
INSERT INTO dis_relationship_master VALUES ('2217SS140', 'C6', 'S22', 'SS140', 'D1', 'DM2');
INSERT INTO dis_relationship_master VALUES ('2217SS23', 'C6', 'S22', 'SS23', 'D1', 'DM2');
INSERT INTO dis_relationship_master VALUES ('2206SS182', 'C6', 'S57', 'SS182', 'D1', 'DM2');
INSERT INTO dis_relationship_master VALUES ('2206SS178', 'C6', 'S57', 'SS178', 'D1', 'DM2');
INSERT INTO dis_relationship_master VALUES ('2206SS150', 'C6', 'S57', 'SS150', 'D1', 'DM2');
INSERT INTO dis_relationship_master VALUES ('2206SS129', 'C6', 'S57', 'SS129', 'D1', 'DM2');
INSERT INTO dis_relationship_master VALUES ('2206SS122', 'C6', 'S57', 'SS122', 'D1', 'DM2');
INSERT INTO dis_relationship_master VALUES ('2206SS117', 'C6', 'S57', 'SS117', 'D1', 'DM2');
INSERT INTO dis_relationship_master VALUES ('2206SS107', 'C6', 'S57', 'SS107', 'D1', 'DM2');
INSERT INTO dis_relationship_master VALUES ('2206SS103', 'C6', 'S57', 'SS103', 'D1', 'DM2');
INSERT INTO dis_relationship_master VALUES ('2206SS88', 'C6', 'S57', 'SS88', 'D1', 'DM2');
INSERT INTO dis_relationship_master VALUES ('2206SS76', 'C6', 'S57', 'SS76', 'D1', 'DM2');
INSERT INTO dis_relationship_master VALUES ('2206SS33', 'C6', 'S57', 'SS33', 'D1', 'DM2');
INSERT INTO dis_relationship_master VALUES ('2206SS21', 'C6', 'S57', 'SS21', 'D1', 'DM2');
INSERT INTO dis_relationship_master VALUES ('2206SS16', 'C6', 'S57', 'SS16', 'D1', 'DM2');
INSERT INTO dis_relationship_master VALUES ('2206SS2', 'C6', 'S57', 'SS2', 'D1', 'DM2');
INSERT INTO dis_relationship_master VALUES ('2187SS1', 'C6', 'S50', 'SS1', 'D1', 'DM2');
INSERT INTO dis_relationship_master VALUES ('1857', 'C0', 'S0', 'SS0', 'D1', 'DM2');
INSERT INTO dis_relationship_master VALUES ('1638SS192', 'C1', 'S31', 'SS192', 'D8', 'DM2');
INSERT INTO dis_relationship_diagnosis_to_diagnosis_modifier VALUES ('D8', 'DM2');
INSERT INTO dis_relationship_master VALUES ('1638SS177', 'C1', 'S31', 'SS177', 'D8', 'DM2');
INSERT INTO dis_relationship_master VALUES ('1638SS176', 'C1', 'S31', 'SS176', 'D8', 'DM2');
INSERT INTO dis_relationship_master VALUES ('1638SS126', 'C1', 'S31', 'SS126', 'D8', 'DM2');
INSERT INTO dis_relationship_master VALUES ('1638SS119', 'C1', 'S31', 'SS119', 'D8', 'DM2');
INSERT INTO dis_relationship_master VALUES ('1638SS82', 'C1', 'S31', 'SS82', 'D8', 'DM2');
INSERT INTO dis_relationship_master VALUES ('1638SS78', 'C1', 'S31', 'SS78', 'D8', 'DM2');
INSERT INTO dis_relationship_master VALUES ('1638SS67', 'C1', 'S31', 'SS67', 'D8', 'DM2');
INSERT INTO dis_relationship_master VALUES ('1638SS49', 'C1', 'S31', 'SS49', 'D8', 'DM2');
INSERT INTO dis_relationship_master VALUES ('1638SS42', 'C1', 'S31', 'SS42', 'D8', 'DM2');
INSERT INTO dis_relationship_master VALUES ('1638SS40', 'C1', 'S31', 'SS40', 'D8', 'DM2');
INSERT INTO dis_relationship_master VALUES ('1638SS35', 'C1', 'S31', 'SS35', 'D8', 'DM2');
INSERT INTO dis_relationship_master VALUES ('1638SS31', 'C1', 'S31', 'SS31', 'D8', 'DM2');
INSERT INTO dis_relationship_master VALUES ('1638SS29', 'C1', 'S31', 'SS29', 'D8', 'DM2');
INSERT INTO dis_relationship_master VALUES ('1638SS17', 'C1', 'S31', 'SS17', 'D8', 'DM2');
INSERT INTO dis_relationship_master VALUES ('2041', 'C0', 'S0', 'SS0', 'D8', 'DM2');
INSERT INTO dis_relationship_master VALUES ('2123', 'C0', 'S0', 'SS0', 'D12', 'DM2');
INSERT INTO dis_relationship_diagnosis_to_diagnosis_modifier VALUES ('D12', 'DM2');
INSERT INTO dis_relationship_master VALUES ('1736SS166', 'C2', 'S76', 'SS166', 'D12', 'DM2');
INSERT INTO dis_relationship_master VALUES ('1736SS91', 'C2', 'S76', 'SS91', 'D12', 'DM2');
INSERT INTO dis_relationship_master VALUES ('1736SS85', 'C2', 'S76', 'SS85', 'D12', 'DM2');
INSERT INTO dis_relationship_master VALUES ('1736SS84', 'C2', 'S76', 'SS84', 'D12', 'DM2');
INSERT INTO dis_relationship_master VALUES ('1736SS83', 'C2', 'S76', 'SS83', 'D12', 'DM2');
INSERT INTO dis_relationship_master VALUES ('1736SS48', 'C2', 'S76', 'SS48', 'D12', 'DM2');
INSERT INTO dis_relationship_master VALUES ('1676', 'C2', 'S0', 'SS0', 'D12', 'DM2');
INSERT INTO dis_relationship_master VALUES ('1889', 'C0', 'S0', 'SS0', 'D14', 'DM2');
INSERT INTO dis_relationship_diagnosis_to_diagnosis_modifier VALUES ('D14', 'DM2');
INSERT INTO dis_relationship_master VALUES ('1733SS193', 'C2', 'S3', 'SS193', 'D14', 'DM2');
INSERT INTO dis_relationship_master VALUES ('1733SS192', 'C2', 'S3', 'SS192', 'D14', 'DM2');
INSERT INTO dis_relationship_master VALUES ('1733SS191', 'C2', 'S3', 'SS191', 'D14', 'DM2');
INSERT INTO dis_relationship_master VALUES ('1733SS187', 'C2', 'S3', 'SS187', 'D14', 'DM2');
INSERT INTO dis_relationship_master VALUES ('1733SS162', 'C2', 'S3', 'SS162', 'D14', 'DM2');
INSERT INTO dis_relationship_master VALUES ('1733SS144', 'C2', 'S3', 'SS144', 'D14', 'DM2');
INSERT INTO dis_relationship_master VALUES ('1733SS111', 'C2', 'S3', 'SS111', 'D14', 'DM2');
INSERT INTO dis_relationship_master VALUES ('1733SS34', 'C2', 'S3', 'SS34', 'D14', 'DM2');
INSERT INTO dis_relationship_master VALUES ('1733SS25', 'C2', 'S3', 'SS25', 'D14', 'DM2');
INSERT INTO dis_relationship_master VALUES ('1733SS15', 'C2', 'S3', 'SS15', 'D14', 'DM2');
INSERT INTO dis_relationship_master VALUES ('1733SS12', 'C2', 'S3', 'SS12', 'D14', 'DM2');
INSERT INTO dis_relationship_master VALUES ('1733SS11', 'C2', 'S3', 'SS11', 'D14', 'DM2');
INSERT INTO dis_relationship_master VALUES ('1733SS7', 'C2', 'S3', 'SS7', 'D14', 'DM2');
INSERT INTO dis_relationship_master VALUES ('1729SS1', 'C2', 'S39', 'SS1', 'D14', 'DM2');
INSERT INTO dis_relationship_master VALUES ('1703SS175', 'C2', 'S24', 'SS175', 'D14', 'DM2');
INSERT INTO dis_relationship_master VALUES ('1703SS123', 'C2', 'S24', 'SS123', 'D14', 'DM2');
INSERT INTO dis_relationship_master VALUES ('1662', 'C2', 'S0', 'SS0', 'D14', 'DM2');
INSERT INTO dis_relationship_master VALUES ('2233SS137', 'C6', 'S35', 'SS137', 'D16', 'DM2');
INSERT INTO dis_relationship_diagnosis_to_diagnosis_modifier VALUES ('D16', 'DM2');
INSERT INTO dis_relationship_master VALUES ('2233SS52', 'C6', 'S35', 'SS52', 'D16', 'DM2');
INSERT INTO dis_relationship_master VALUES ('2233SS80', 'C6', 'S35', 'SS80', 'D16', 'DM2');
INSERT INTO dis_relationship_master VALUES ('2233SS42', 'C6', 'S35', 'SS42', 'D16', 'DM2');
INSERT INTO dis_relationship_master VALUES ('2233SS41', 'C6', 'S35', 'SS41', 'D16', 'DM2');
INSERT INTO dis_relationship_master VALUES ('1972', 'C0', 'S0', 'SS0', 'D16', 'DM2');
INSERT INTO diagnoses VALUES ('D189', 'NATIVE ORGAN');
INSERT INTO dis_relationship_master VALUES ('1841', 'C0', 'S0', 'SS0', 'D189', 'DM2');
INSERT INTO dis_relationship_diagnosis_to_diagnosis_modifier VALUES ('D189', 'DM2');
INSERT INTO dis_relationship_master VALUES ('1675', 'C2', 'S0', 'SS0', 'D189', 'DM2');
INSERT INTO dis_relationship_master VALUES ('223', 'C2', 'S0', 'SS0', 'D189', 'DM2');
INSERT INTO dis_relationship_master VALUES ('1897', 'C0', 'S0', 'SS0', 'D29', 'DM2');
INSERT INTO dis_relationship_diagnosis_to_diagnosis_modifier VALUES ('D29', 'DM2');
INSERT INTO dis_relationship_master VALUES ('1719SS199', 'C2', 'S58', 'SS199', 'D29', 'DM2');
INSERT INTO dis_relationship_master VALUES ('1719SS152', 'C2', 'S58', 'SS152', 'D29', 'DM2');
INSERT INTO dis_relationship_master VALUES ('1719SS99', 'C2', 'S58', 'SS99', 'D29', 'DM2');
INSERT INTO dis_relationship_master VALUES ('1719SS97', 'C2', 'S58', 'SS97', 'D29', 'DM2');
INSERT INTO dis_relationship_master VALUES ('1719SS39', 'C2', 'S58', 'SS39', 'D29', 'DM2');
INSERT INTO dis_relationship_master VALUES ('1719SS37', 'C2', 'S58', 'SS37', 'D29', 'DM2');
INSERT INTO dis_relationship_master VALUES ('1700SS192', 'C2', 'S31', 'SS192', 'D29', 'DM2');
INSERT INTO dis_relationship_master VALUES ('1700SS177', 'C2', 'S31', 'SS177', 'D29', 'DM2');
INSERT INTO dis_relationship_master VALUES ('1700SS176', 'C2', 'S31', 'SS176', 'D29', 'DM2');
INSERT INTO dis_relationship_master VALUES ('1700SS126', 'C2', 'S31', 'SS126', 'D29', 'DM2');
INSERT INTO dis_relationship_master VALUES ('1700SS119', 'C2', 'S31', 'SS119', 'D29', 'DM2');
INSERT INTO dis_relationship_master VALUES ('1700SS82', 'C2', 'S31', 'SS82', 'D29', 'DM2');
INSERT INTO dis_relationship_master VALUES ('1700SS78', 'C2', 'S31', 'SS78', 'D29', 'DM2');
INSERT INTO dis_relationship_master VALUES ('1700SS67', 'C2', 'S31', 'SS67', 'D29', 'DM2');
INSERT INTO dis_relationship_master VALUES ('1700SS49', 'C2', 'S31', 'SS49', 'D29', 'DM2');
INSERT INTO dis_relationship_master VALUES ('1700SS42', 'C2', 'S31', 'SS42', 'D29', 'DM2');
INSERT INTO dis_relationship_master VALUES ('1700SS40', 'C2', 'S31', 'SS40', 'D29', 'DM2');
INSERT INTO dis_relationship_master VALUES ('1700SS35', 'C2', 'S31', 'SS35', 'D29', 'DM2');
INSERT INTO dis_relationship_master VALUES ('1700SS31', 'C2', 'S31', 'SS31', 'D29', 'DM2');
INSERT INTO dis_relationship_master VALUES ('1700SS29', 'C2', 'S31', 'SS29', 'D29', 'DM2');
INSERT INTO dis_relationship_master VALUES ('1700SS17', 'C2', 'S31', 'SS17', 'D29', 'DM2');
INSERT INTO dis_relationship_master VALUES ('1691', 'C2', 'S38', 'SS0', 'D29', 'DM2');
INSERT INTO dis_relationship_master VALUES ('1649SS1', 'C2', 'S99', 'SS1', 'D29', 'DM2');
INSERT INTO dis_relationship_master VALUES ('1649SS46', 'C2', 'S99', 'SS46', 'D29', 'DM2');
INSERT INTO dis_relationship_master VALUES ('1646', 'C2', 'S0', 'SS0', 'D29', 'DM2');
INSERT INTO dis_relationship_master VALUES ('2316', 'C7', 'S0', 'SS0', 'D30', 'DM2');
INSERT INTO dis_relationship_diagnosis_to_diagnosis_modifier VALUES ('D30', 'DM2');
INSERT INTO dis_relationship_master VALUES ('2003', 'C0', 'S0', 'SS0', 'D30', 'DM2');
INSERT INTO dis_relationship_master VALUES ('1629', 'C1', 'S0', 'SS0', 'D32', 'DM2');
INSERT INTO dis_relationship_diagnosis_to_diagnosis_modifier VALUES ('D32', 'DM2');
INSERT INTO dis_relationship_master VALUES ('1744', 'C0', 'S0', 'SS0', 'D32', 'DM2');
INSERT INTO dis_relationship_master VALUES ('2333SS190', 'C7', 'S74', 'SS190', 'D33', 'DM2');
INSERT INTO dis_relationship_diagnosis_to_diagnosis_modifier VALUES ('D33', 'DM2');
INSERT INTO dis_relationship_master VALUES ('2333SS133', 'C7', 'S74', 'SS133', 'D33', 'DM2');
INSERT INTO dis_relationship_master VALUES ('2333SS70', 'C7', 'S74', 'SS70', 'D33', 'DM2');
INSERT INTO dis_relationship_master VALUES ('2333SS43', 'C7', 'S74', 'SS43', 'D33', 'DM2');
INSERT INTO dis_relationship_master VALUES ('2333SS13', 'C7', 'S74', 'SS13', 'D33', 'DM2');
INSERT INTO dis_relationship_master VALUES ('2308SS157', 'C7', 'S1', 'SS157', 'D33', 'DM2');
INSERT INTO dis_relationship_master VALUES ('2308SS156', 'C7', 'S1', 'SS156', 'D33', 'DM2');
INSERT INTO dis_relationship_master VALUES ('2308SS98', 'C7', 'S1', 'SS98', 'D33', 'DM2');
INSERT INTO dis_relationship_master VALUES ('2308SS73', 'C7', 'S1', 'SS73', 'D33', 'DM2');
INSERT INTO dis_relationship_master VALUES ('2308SS66', 'C7', 'S1', 'SS66', 'D33', 'DM2');
INSERT INTO dis_relationship_master VALUES ('2308SS65', 'C7', 'S1', 'SS65', 'D33', 'DM2');
INSERT INTO dis_relationship_master VALUES ('2308SS57', 'C7', 'S1', 'SS57', 'D33', 'DM2');
INSERT INTO dis_relationship_master VALUES ('2308SS19', 'C7', 'S1', 'SS19', 'D33', 'DM2');
INSERT INTO dis_relationship_master VALUES ('2308SS8', 'C7', 'S1', 'SS8', 'D33', 'DM2');
INSERT INTO dis_relationship_master VALUES ('2308SS2', 'C7', 'S1', 'SS2', 'D33', 'DM2');
INSERT INTO dis_relationship_master VALUES ('2297SS105', 'C7', 'S80', 'SS105', 'D33', 'DM2');
INSERT INTO dis_relationship_master VALUES ('2297SS42', 'C7', 'S80', 'SS42', 'D33', 'DM2');
INSERT INTO dis_relationship_master VALUES ('2290', 'C7', 'S0', 'SS0', 'D33', 'DM2');
INSERT INTO dis_relationship_master VALUES ('1957', 'C0', 'S0', 'SS0', 'D33', 'DM2');
INSERT INTO dis_relationship_master VALUES ('2345SS190', 'C7', 'S74', 'SS190', 'D34', 'DM2');
INSERT INTO dis_relationship_diagnosis_to_diagnosis_modifier VALUES ('D34', 'DM2');
INSERT INTO dis_relationship_master VALUES ('2345SS133', 'C7', 'S74', 'SS133', 'D34', 'DM2');
INSERT INTO dis_relationship_master VALUES ('2345SS70', 'C7', 'S74', 'SS70', 'D34', 'DM2');
INSERT INTO dis_relationship_master VALUES ('2345SS43', 'C7', 'S74', 'SS43', 'D34', 'DM2');
INSERT INTO dis_relationship_master VALUES ('2345SS13', 'C7', 'S74', 'SS13', 'D34', 'DM2');
INSERT INTO dis_relationship_master VALUES ('2340', 'C7', 'S0', 'SS0', 'D34', 'DM2');
INSERT INTO dis_relationship_master VALUES ('2151', 'C0', 'S0', 'SS0', 'D34', 'DM2');
INSERT INTO dis_relationship_master VALUES ('2359', 'C7', 'S0', 'SS0', 'D35', 'DM2');
INSERT INTO dis_relationship_diagnosis_to_diagnosis_modifier VALUES ('D35', 'DM2');
INSERT INTO dis_relationship_master VALUES ('1763', 'C0', 'S0', 'SS0', 'D35', 'DM2');
INSERT INTO dis_relationship_master VALUES ('2296', 'C7', 'S0', 'SS0', 'D36', 'DM2');
INSERT INTO dis_relationship_diagnosis_to_diagnosis_modifier VALUES ('D36', 'DM2');
INSERT INTO dis_relationship_master VALUES ('1939', 'C0', 'S0', 'SS0', 'D36', 'DM2');
INSERT INTO dis_relationship_master VALUES ('2253SS192', 'C6', 'S31', 'SS192', 'D39', 'DM2');
INSERT INTO dis_relationship_diagnosis_to_diagnosis_modifier VALUES ('D39', 'DM2');
INSERT INTO dis_relationship_master VALUES ('2253SS177', 'C6', 'S31', 'SS177', 'D39', 'DM2');
INSERT INTO dis_relationship_master VALUES ('2253SS176', 'C6', 'S31', 'SS176', 'D39', 'DM2');
INSERT INTO dis_relationship_master VALUES ('2253SS126', 'C6', 'S31', 'SS126', 'D39', 'DM2');
INSERT INTO dis_relationship_master VALUES ('2253SS119', 'C6', 'S31', 'SS119', 'D39', 'DM2');
INSERT INTO dis_relationship_master VALUES ('2253SS82', 'C6', 'S31', 'SS82', 'D39', 'DM2');
INSERT INTO dis_relationship_master VALUES ('2253SS78', 'C6', 'S31', 'SS78', 'D39', 'DM2');
INSERT INTO dis_relationship_master VALUES ('2253SS67', 'C6', 'S31', 'SS67', 'D39', 'DM2');
INSERT INTO dis_relationship_master VALUES ('2253SS49', 'C6', 'S31', 'SS49', 'D39', 'DM2');
INSERT INTO dis_relationship_master VALUES ('2253SS42', 'C6', 'S31', 'SS42', 'D39', 'DM2');
INSERT INTO dis_relationship_master VALUES ('2253SS40', 'C6', 'S31', 'SS40', 'D39', 'DM2');
INSERT INTO dis_relationship_master VALUES ('2253SS35', 'C6', 'S31', 'SS35', 'D39', 'DM2');
INSERT INTO dis_relationship_master VALUES ('2253SS31', 'C6', 'S31', 'SS31', 'D39', 'DM2');
INSERT INTO dis_relationship_master VALUES ('2253SS29', 'C6', 'S31', 'SS29', 'D39', 'DM2');
INSERT INTO dis_relationship_master VALUES ('2253SS17', 'C6', 'S31', 'SS17', 'D39', 'DM2');
INSERT INTO dis_relationship_master VALUES ('2164', 'C0', 'S0', 'SS0', 'D39', 'DM2');
INSERT INTO dis_relationship_master VALUES ('2313SS192', 'C7', 'S31', 'SS192', 'D40', 'DM2');
INSERT INTO dis_relationship_diagnosis_to_diagnosis_modifier VALUES ('D40', 'DM2');
INSERT INTO dis_relationship_master VALUES ('2313SS177', 'C7', 'S31', 'SS177', 'D40', 'DM2');
INSERT INTO dis_relationship_master VALUES ('2313SS176', 'C7', 'S31', 'SS176', 'D40', 'DM2');
INSERT INTO dis_relationship_master VALUES ('2313SS126', 'C7', 'S31', 'SS126', 'D40', 'DM2');
INSERT INTO dis_relationship_master VALUES ('2313SS119', 'C7', 'S31', 'SS119', 'D40', 'DM2');
INSERT INTO dis_relationship_master VALUES ('2313SS82', 'C7', 'S31', 'SS82', 'D40', 'DM2');
INSERT INTO dis_relationship_master VALUES ('2313SS78', 'C7', 'S31', 'SS78', 'D40', 'DM2');
INSERT INTO dis_relationship_master VALUES ('2313SS67', 'C7', 'S31', 'SS67', 'D40', 'DM2');
INSERT INTO dis_relationship_master VALUES ('2313SS49', 'C7', 'S31', 'SS49', 'D40', 'DM2');
INSERT INTO dis_relationship_master VALUES ('2313SS42', 'C7', 'S31', 'SS42', 'D40', 'DM2');
INSERT INTO dis_relationship_master VALUES ('2313SS40', 'C7', 'S31', 'SS40', 'D40', 'DM2');
INSERT INTO dis_relationship_master VALUES ('2313SS35', 'C7', 'S31', 'SS35', 'D40', 'DM2');
INSERT INTO dis_relationship_master VALUES ('2313SS31', 'C7', 'S31', 'SS31', 'D40', 'DM2');
INSERT INTO dis_relationship_master VALUES ('2313SS29', 'C7', 'S31', 'SS29', 'D40', 'DM2');
INSERT INTO dis_relationship_master VALUES ('2313SS17', 'C7', 'S31', 'SS17', 'D40', 'DM2');
INSERT INTO dis_relationship_master VALUES ('1745', 'C0', 'S0', 'SS0', 'D40', 'DM2');
INSERT INTO dis_relationship_master VALUES ('2289SS188', 'C7', 'S92', 'SS188', 'D48', 'DM2');
INSERT INTO dis_relationship_diagnosis_to_diagnosis_modifier VALUES ('D48', 'DM2');
INSERT INTO dis_relationship_master VALUES ('2289SS179', 'C7', 'S92', 'SS179', 'D48', 'DM2');
INSERT INTO dis_relationship_master VALUES ('2289SS168', 'C7', 'S92', 'SS168', 'D48', 'DM2');
INSERT INTO dis_relationship_master VALUES ('2289SS165', 'C7', 'S92', 'SS165', 'D48', 'DM2');
INSERT INTO dis_relationship_master VALUES ('2289SS153', 'C7', 'S92', 'SS153', 'D48', 'DM2');
INSERT INTO dis_relationship_master VALUES ('2289SS149', 'C7', 'S92', 'SS149', 'D48', 'DM2');
INSERT INTO dis_relationship_master VALUES ('2289SS128', 'C7', 'S92', 'SS128', 'D48', 'DM2');
INSERT INTO dis_relationship_master VALUES ('2289SS109', 'C7', 'S92', 'SS109', 'D48', 'DM2');
INSERT INTO dis_relationship_master VALUES ('2289SS108', 'C7', 'S92', 'SS108', 'D48', 'DM2');
INSERT INTO dis_relationship_master VALUES ('2289SS104', 'C7', 'S92', 'SS104', 'D48', 'DM2');
INSERT INTO dis_relationship_master VALUES ('2289SS79', 'C7', 'S92', 'SS79', 'D48', 'DM2');
INSERT INTO dis_relationship_master VALUES ('2289SS62', 'C7', 'S92', 'SS62', 'D48', 'DM2');
INSERT INTO dis_relationship_master VALUES ('2289SS60', 'C7', 'S92', 'SS60', 'D48', 'DM2');
INSERT INTO dis_relationship_master VALUES ('2002', 'C0', 'S0', 'SS0', 'D48', 'DM2');
INSERT INTO dis_relationship_master VALUES ('2226SS172', 'C6', 'S97', 'SS172', 'D54', 'DM2');
INSERT INTO dis_relationship_diagnosis_to_diagnosis_modifier VALUES ('D54', 'DM2');
INSERT INTO dis_relationship_master VALUES ('2226SS171', 'C6', 'S97', 'SS171', 'D54', 'DM2');
INSERT INTO dis_relationship_master VALUES ('2226SS170', 'C6', 'S97', 'SS170', 'D54', 'DM2');
INSERT INTO dis_relationship_master VALUES ('2226SS127', 'C6', 'S97', 'SS127', 'D54', 'DM2');
INSERT INTO dis_relationship_master VALUES ('2226SS110', 'C6', 'S97', 'SS110', 'D54', 'DM2');
INSERT INTO dis_relationship_master VALUES ('2120', 'C0', 'S0', 'SS0', 'D54', 'DM2');
INSERT INTO dis_relationship_master VALUES ('2353SS1', 'C7', 'S42', 'SS1', 'D55', 'DM2');
INSERT INTO dis_relationship_diagnosis_to_diagnosis_modifier VALUES ('D55', 'DM2');
INSERT INTO dis_relationship_master VALUES ('1842', 'C0', 'S0', 'SS0', 'D55', 'DM2');
INSERT INTO dis_relationship_master VALUES ('1617', 'C1', 'S0', 'SS0', 'D58', 'DM2');
INSERT INTO dis_relationship_diagnosis_to_diagnosis_modifier VALUES ('D58', 'DM2');
INSERT INTO dis_relationship_master VALUES ('1974', 'C0', 'S0', 'SS0', 'D58', 'DM2');
INSERT INTO dis_relationship_master VALUES ('1620SS105', 'C1', 'S80', 'SS105', 'D61', 'DM2');
INSERT INTO dis_relationship_diagnosis_to_diagnosis_modifier VALUES ('D61', 'DM2');
INSERT INTO dis_relationship_master VALUES ('1620SS42', 'C1', 'S80', 'SS42', 'D61', 'DM2');
INSERT INTO dis_relationship_master VALUES ('2104', 'C0', 'S0', 'SS0', 'D61', 'DM2');
INSERT INTO dis_relationship_master VALUES ('1609SS164', 'C1', 'S20', 'SS164', 'D62', 'DM2');
INSERT INTO dis_relationship_diagnosis_to_diagnosis_modifier VALUES ('D62', 'DM2');
INSERT INTO dis_relationship_master VALUES ('1609SS118', 'C1', 'S20', 'SS118', 'D62', 'DM2');
INSERT INTO dis_relationship_master VALUES ('1609SS114', 'C1', 'S20', 'SS114', 'D62', 'DM2');
INSERT INTO dis_relationship_master VALUES ('1907', 'C0', 'S0', 'SS0', 'D62', 'DM2');
INSERT INTO dis_relationship_master VALUES ('2079', 'C0', 'S0', 'SS0', 'D85', 'DM2');
INSERT INTO dis_relationship_diagnosis_to_diagnosis_modifier VALUES ('D85', 'DM2');
INSERT INTO dis_relationship_master VALUES ('1728SS173', 'C2', 'S88', 'SS173', 'D85', 'DM2');
INSERT INTO dis_relationship_master VALUES ('1728SS150', 'C2', 'S88', 'SS150', 'D85', 'DM2');
INSERT INTO dis_relationship_master VALUES ('1728SS93', 'C2', 'S88', 'SS93', 'D85', 'DM2');
INSERT INTO dis_relationship_master VALUES ('1728SS87', 'C2', 'S88', 'SS87', 'D85', 'DM2');
INSERT INTO dis_relationship_master VALUES ('1728SS58', 'C2', 'S88', 'SS58', 'D85', 'DM2');
INSERT INTO dis_relationship_master VALUES ('1704SS194', 'C2', 'S9', 'SS194', 'D85', 'DM2');
INSERT INTO dis_relationship_master VALUES ('1704SS166', 'C2', 'S9', 'SS166', 'D85', 'DM2');
INSERT INTO dis_relationship_master VALUES ('1704SS150', 'C2', 'S9', 'SS150', 'D85', 'DM2');
INSERT INTO dis_relationship_master VALUES ('1704SS143', 'C2', 'S9', 'SS143', 'D85', 'DM2');
INSERT INTO dis_relationship_master VALUES ('1704SS30', 'C2', 'S9', 'SS30', 'D85', 'DM2');
INSERT INTO dis_relationship_master VALUES ('1704SS28', 'C2', 'S9', 'SS28', 'D85', 'DM2');
INSERT INTO dis_relationship_master VALUES ('1704SS26', 'C2', 'S9', 'SS26', 'D85', 'DM2');
INSERT INTO dis_relationship_master VALUES ('1704SS6', 'C2', 'S9', 'SS6', 'D85', 'DM2');
INSERT INTO dis_relationship_master VALUES ('1698SS125', 'C2', 'S94', 'SS125', 'D85', 'DM2');
INSERT INTO dis_relationship_master VALUES ('1684', 'C2', 'S46', 'SS0', 'D85', 'DM2');
INSERT INTO dis_relationship_master VALUES ('1879', 'C0', 'S0', 'SS0', 'D88', 'DM2');
INSERT INTO dis_relationship_diagnosis_to_diagnosis_modifier VALUES ('D88', 'DM2');
INSERT INTO dis_relationship_master VALUES ('1656', 'C2', 'S0', 'SS0', 'D88', 'DM2');
INSERT INTO dis_relationship_master VALUES ('2325SS157', 'C7', 'S1', 'SS157', 'D100', 'DM2');
INSERT INTO dis_relationship_diagnosis_to_diagnosis_modifier VALUES ('D100', 'DM2');
INSERT INTO dis_relationship_master VALUES ('2325SS156', 'C7', 'S1', 'SS156', 'D100', 'DM2');
INSERT INTO dis_relationship_master VALUES ('2325SS98', 'C7', 'S1', 'SS98', 'D100', 'DM2');
INSERT INTO dis_relationship_master VALUES ('2325SS73', 'C7', 'S1', 'SS73', 'D100', 'DM2');
INSERT INTO dis_relationship_master VALUES ('2325SS66', 'C7', 'S1', 'SS66', 'D100', 'DM2');
INSERT INTO dis_relationship_master VALUES ('2325SS65', 'C7', 'S1', 'SS65', 'D100', 'DM2');
INSERT INTO dis_relationship_master VALUES ('2325SS57', 'C7', 'S1', 'SS57', 'D100', 'DM2');
INSERT INTO dis_relationship_master VALUES ('2325SS19', 'C7', 'S1', 'SS19', 'D100', 'DM2');
INSERT INTO dis_relationship_master VALUES ('2325SS8', 'C7', 'S1', 'SS8', 'D100', 'DM2');
INSERT INTO dis_relationship_master VALUES ('2325SS2', 'C7', 'S1', 'SS2', 'D100', 'DM2');
INSERT INTO dis_relationship_master VALUES ('2022', 'C0', 'S0', 'SS0', 'D100', 'DM2');
INSERT INTO dis_relationship_master VALUES ('1626SS137', 'C1', 'S35', 'SS137', 'D109', 'DM2');
INSERT INTO dis_relationship_diagnosis_to_diagnosis_modifier VALUES ('D109', 'DM2');
INSERT INTO dis_relationship_master VALUES ('1626SS52', 'C1', 'S35', 'SS52', 'D109', 'DM2');
INSERT INTO dis_relationship_master VALUES ('1626SS80', 'C1', 'S35', 'SS80', 'D109', 'DM2');
INSERT INTO dis_relationship_master VALUES ('1626SS42', 'C1', 'S35', 'SS42', 'D109', 'DM2');
INSERT INTO dis_relationship_master VALUES ('1626SS41', 'C1', 'S35', 'SS41', 'D109', 'DM2');
INSERT INTO dis_relationship_master VALUES ('1618SS1', 'C1', 'S42', 'SS1', 'D109', 'DM2');
INSERT INTO dis_relationship_master VALUES ('1840', 'C0', 'S0', 'SS0', 'D109', 'DM2');
INSERT INTO dis_relationship_master VALUES ('1868', 'C0', 'S0', 'SS0', 'D110', 'DM2');
INSERT INTO dis_relationship_diagnosis_to_diagnosis_modifier VALUES ('D110', 'DM2');
INSERT INTO dis_relationship_master VALUES ('1672SS172', 'C2', 'S97', 'SS172', 'D110', 'DM2');
INSERT INTO dis_relationship_master VALUES ('1672SS171', 'C2', 'S97', 'SS171', 'D110', 'DM2');
INSERT INTO dis_relationship_master VALUES ('1672SS170', 'C2', 'S97', 'SS170', 'D110', 'DM2');
INSERT INTO dis_relationship_master VALUES ('1672SS127', 'C2', 'S97', 'SS127', 'D110', 'DM2');
INSERT INTO dis_relationship_master VALUES ('1672SS110', 'C2', 'S97', 'SS110', 'D110', 'DM2');
INSERT INTO dis_relationship_master VALUES ('2000', 'C0', 'S0', 'SS0', 'D111', 'DM2');
INSERT INTO dis_relationship_diagnosis_to_diagnosis_modifier VALUES ('D111', 'DM2');
INSERT INTO dis_relationship_master VALUES ('1723SS116', 'C2', 'S66', 'SS116', 'D111', 'DM2');
INSERT INTO dis_relationship_master VALUES ('1819', 'C0', 'S0', 'SS0', 'D112', 'DM2');
INSERT INTO dis_relationship_diagnosis_to_diagnosis_modifier VALUES ('D112', 'DM2');
INSERT INTO dis_relationship_master VALUES ('1657SS157', 'C2', 'S1', 'SS157', 'D112', 'DM2');
INSERT INTO dis_relationship_master VALUES ('1657SS156', 'C2', 'S1', 'SS156', 'D112', 'DM2');
INSERT INTO dis_relationship_master VALUES ('1657SS98', 'C2', 'S1', 'SS98', 'D112', 'DM2');
INSERT INTO dis_relationship_master VALUES ('1657SS73', 'C2', 'S1', 'SS73', 'D112', 'DM2');
INSERT INTO dis_relationship_master VALUES ('1657SS66', 'C2', 'S1', 'SS66', 'D112', 'DM2');
INSERT INTO dis_relationship_master VALUES ('1657SS65', 'C2', 'S1', 'SS65', 'D112', 'DM2');
INSERT INTO dis_relationship_master VALUES ('1657SS57', 'C2', 'S1', 'SS57', 'D112', 'DM2');
INSERT INTO dis_relationship_master VALUES ('1657SS19', 'C2', 'S1', 'SS19', 'D112', 'DM2');
INSERT INTO dis_relationship_master VALUES ('1657SS8', 'C2', 'S1', 'SS8', 'D112', 'DM2');
INSERT INTO dis_relationship_master VALUES ('1657SS2', 'C2', 'S1', 'SS2', 'D112', 'DM2');
INSERT INTO dis_relationship_master VALUES ('1621SS175', 'C1', 'S24', 'SS175', 'D113', 'DM2');
INSERT INTO dis_relationship_diagnosis_to_diagnosis_modifier VALUES ('D113', 'DM2');
INSERT INTO dis_relationship_master VALUES ('1621SS123', 'C1', 'S24', 'SS123', 'D113', 'DM2');
INSERT INTO dis_relationship_master VALUES ('1923', 'C0', 'S0', 'SS0', 'D113', 'DM2');
INSERT INTO dis_relationship_master VALUES ('2312SS137', 'C7', 'S35', 'SS137', 'D120', 'DM2');
INSERT INTO dis_relationship_diagnosis_to_diagnosis_modifier VALUES ('D120', 'DM2');
INSERT INTO dis_relationship_master VALUES ('2312SS52', 'C7', 'S35', 'SS52', 'D120', 'DM2');
INSERT INTO dis_relationship_master VALUES ('2312SS80', 'C7', 'S35', 'SS80', 'D120', 'DM2');
INSERT INTO dis_relationship_master VALUES ('2312SS42', 'C7', 'S35', 'SS42', 'D120', 'DM2');
INSERT INTO dis_relationship_master VALUES ('2312SS41', 'C7', 'S35', 'SS41', 'D120', 'DM2');
INSERT INTO dis_relationship_master VALUES ('2066', 'C0', 'S0', 'SS0', 'D120', 'DM2');
INSERT INTO dis_relationship_master VALUES ('1779', 'C0', 'S0', 'SS0', 'D124', 'DM2');
INSERT INTO dis_relationship_diagnosis_to_diagnosis_modifier VALUES ('D124', 'DM2');
INSERT INTO dis_relationship_master VALUES ('1660SS160', 'C2', 'S41', 'SS160', 'D124', 'DM2');
INSERT INTO dis_relationship_master VALUES ('1660SS94', 'C2', 'S41', 'SS94', 'D124', 'DM2');
INSERT INTO dis_relationship_master VALUES ('1660SS77', 'C2', 'S41', 'SS77', 'D124', 'DM2');
INSERT INTO dis_relationship_master VALUES ('2254SS137', 'C6', 'S35', 'SS137', 'D125', 'DM2');
INSERT INTO dis_relationship_diagnosis_to_diagnosis_modifier VALUES ('D125', 'DM2');
INSERT INTO dis_relationship_master VALUES ('2254SS52', 'C6', 'S35', 'SS52', 'D125', 'DM2');
INSERT INTO dis_relationship_master VALUES ('2254SS80', 'C6', 'S35', 'SS80', 'D125', 'DM2');
INSERT INTO dis_relationship_master VALUES ('2254SS42', 'C6', 'S35', 'SS42', 'D125', 'DM2');
INSERT INTO dis_relationship_master VALUES ('2254SS41', 'C6', 'S35', 'SS41', 'D125', 'DM2');
INSERT INTO dis_relationship_master VALUES ('1913', 'C0', 'S0', 'SS0', 'D125', 'DM2');
INSERT INTO dis_relationship_master VALUES ('1612SS105', 'C1', 'S85', 'SS105', 'D129', 'DM2');
INSERT INTO dis_relationship_diagnosis_to_diagnosis_modifier VALUES ('D129', 'DM2');
INSERT INTO dis_relationship_master VALUES ('1612SS42', 'C1', 'S85', 'SS42', 'D129', 'DM2');
INSERT INTO dis_relationship_master VALUES ('2142', 'C0', 'S0', 'SS0', 'D129', 'DM2');
INSERT INTO dis_relationship_master VALUES ('1641SS181', 'C2', 'S51', 'SS181', 'D130', 'DM2');
INSERT INTO dis_relationship_diagnosis_to_diagnosis_modifier VALUES ('D130', 'DM2');
INSERT INTO dis_relationship_master VALUES ('1641SS167', 'C2', 'S51', 'SS167', 'D130', 'DM2');
INSERT INTO dis_relationship_master VALUES ('1641SS139', 'C2', 'S51', 'SS139', 'D130', 'DM2');
INSERT INTO dis_relationship_master VALUES ('1641SS121', 'C2', 'S51', 'SS121', 'D130', 'DM2');
INSERT INTO dis_relationship_master VALUES ('1641SS100', 'C2', 'S51', 'SS100', 'D130', 'DM2');
INSERT INTO dis_relationship_master VALUES ('1641SS75', 'C2', 'S51', 'SS75', 'D130', 'DM2');
INSERT INTO dis_relationship_master VALUES ('1641SS72', 'C2', 'S51', 'SS72', 'D130', 'DM2');
INSERT INTO dis_relationship_master VALUES ('1641SS55', 'C2', 'S51', 'SS55', 'D130', 'DM2');
INSERT INTO dis_relationship_master VALUES ('1764', 'C0', 'S0', 'SS0', 'D130', 'DM2');
INSERT INTO dis_relationship_master VALUES ('1683', 'C2', 'S54', 'SS0', 'D130', 'DM2');
INSERT INTO dis_relationship_master VALUES ('1639SS1', 'C2', 'S42', 'SS1', 'D133', 'DM2');
INSERT INTO dis_relationship_diagnosis_to_diagnosis_modifier VALUES ('D133', 'DM2');
INSERT INTO dis_relationship_master VALUES ('1988', 'C0', 'S0', 'SS0', 'D133', 'DM2');
INSERT INTO dis_relationship_master VALUES ('1714SS151', 'C2', 'S82', 'SS151', 'D133', 'DM2');
INSERT INTO dis_relationship_master VALUES ('1714SS105', 'C2', 'S82', 'SS105', 'D133', 'DM2');
INSERT INTO dis_relationship_master VALUES ('1714SS42', 'C2', 'S82', 'SS42', 'D133', 'DM2');
INSERT INTO dis_relationship_master VALUES ('1693SS1', 'C2', 'S71', 'SS1', 'D133', 'DM2');
INSERT INTO dis_relationship_master VALUES ('1680SS183', 'C2', 'S14', 'SS183', 'D133', 'DM2');
INSERT INTO dis_relationship_master VALUES ('1680SS138', 'C2', 'S14', 'SS138', 'D133', 'DM2');
INSERT INTO dis_relationship_master VALUES ('1680SS134', 'C2', 'S14', 'SS134', 'D133', 'DM2');
INSERT INTO dis_relationship_master VALUES ('1648SS1', 'C2', 'S11', 'SS1', 'D133', 'DM2');
INSERT INTO dis_relationship_master VALUES ('2322', 'C7', 'S0', 'SS0', 'D136', 'DM2');
INSERT INTO dis_relationship_diagnosis_to_diagnosis_modifier VALUES ('D136', 'DM2');
INSERT INTO dis_relationship_master VALUES ('2298SS192', 'C7', 'S31', 'SS192', 'D136', 'DM2');
INSERT INTO dis_relationship_master VALUES ('2298SS177', 'C7', 'S31', 'SS177', 'D136', 'DM2');
INSERT INTO dis_relationship_master VALUES ('2298SS176', 'C7', 'S31', 'SS176', 'D136', 'DM2');
INSERT INTO dis_relationship_master VALUES ('2298SS126', 'C7', 'S31', 'SS126', 'D136', 'DM2');
INSERT INTO dis_relationship_master VALUES ('2298SS119', 'C7', 'S31', 'SS119', 'D136', 'DM2');
INSERT INTO dis_relationship_master VALUES ('2298SS82', 'C7', 'S31', 'SS82', 'D136', 'DM2');
INSERT INTO dis_relationship_master VALUES ('2298SS78', 'C7', 'S31', 'SS78', 'D136', 'DM2');
INSERT INTO dis_relationship_master VALUES ('2298SS67', 'C7', 'S31', 'SS67', 'D136', 'DM2');
INSERT INTO dis_relationship_master VALUES ('2298SS49', 'C7', 'S31', 'SS49', 'D136', 'DM2');
INSERT INTO dis_relationship_master VALUES ('2298SS42', 'C7', 'S31', 'SS42', 'D136', 'DM2');
INSERT INTO dis_relationship_master VALUES ('2298SS40', 'C7', 'S31', 'SS40', 'D136', 'DM2');
INSERT INTO dis_relationship_master VALUES ('2298SS35', 'C7', 'S31', 'SS35', 'D136', 'DM2');
INSERT INTO dis_relationship_master VALUES ('2298SS31', 'C7', 'S31', 'SS31', 'D136', 'DM2');
INSERT INTO dis_relationship_master VALUES ('2298SS29', 'C7', 'S31', 'SS29', 'D136', 'DM2');
INSERT INTO dis_relationship_master VALUES ('2298SS17', 'C7', 'S31', 'SS17', 'D136', 'DM2');
INSERT INTO dis_relationship_master VALUES ('2136', 'C0', 'S0', 'SS0', 'D136', 'DM2');
INSERT INTO dis_relationship_master VALUES ('2303SS157', 'C7', 'S1', 'SS157', 'D138', 'DM2');
INSERT INTO dis_relationship_diagnosis_to_diagnosis_modifier VALUES ('D138', 'DM2');
INSERT INTO dis_relationship_master VALUES ('2303SS156', 'C7', 'S1', 'SS156', 'D138', 'DM2');
INSERT INTO dis_relationship_master VALUES ('2303SS98', 'C7', 'S1', 'SS98', 'D138', 'DM2');
INSERT INTO dis_relationship_master VALUES ('2303SS73', 'C7', 'S1', 'SS73', 'D138', 'DM2');
INSERT INTO dis_relationship_master VALUES ('2303SS66', 'C7', 'S1', 'SS66', 'D138', 'DM2');
INSERT INTO dis_relationship_master VALUES ('2303SS65', 'C7', 'S1', 'SS65', 'D138', 'DM2');
INSERT INTO dis_relationship_master VALUES ('2303SS57', 'C7', 'S1', 'SS57', 'D138', 'DM2');
INSERT INTO dis_relationship_master VALUES ('2303SS19', 'C7', 'S1', 'SS19', 'D138', 'DM2');
INSERT INTO dis_relationship_master VALUES ('2303SS8', 'C7', 'S1', 'SS8', 'D138', 'DM2');
INSERT INTO dis_relationship_master VALUES ('2303SS2', 'C7', 'S1', 'SS2', 'D138', 'DM2');
INSERT INTO dis_relationship_master VALUES ('1791', 'C0', 'S0', 'SS0', 'D138', 'DM2');
INSERT INTO dis_relationship_master VALUES ('2295SS172', 'C7', 'S97', 'SS172', 'D139', 'DM2');
INSERT INTO dis_relationship_diagnosis_to_diagnosis_modifier VALUES ('D139', 'DM2');
INSERT INTO dis_relationship_master VALUES ('2295SS171', 'C7', 'S97', 'SS171', 'D139', 'DM2');
INSERT INTO dis_relationship_master VALUES ('2295SS170', 'C7', 'S97', 'SS170', 'D139', 'DM2');
INSERT INTO dis_relationship_master VALUES ('2295SS127', 'C7', 'S97', 'SS127', 'D139', 'DM2');
INSERT INTO dis_relationship_master VALUES ('2295SS110', 'C7', 'S97', 'SS110', 'D139', 'DM2');
INSERT INTO dis_relationship_master VALUES ('1955', 'C0', 'S0', 'SS0', 'D139', 'DM2');
INSERT INTO diagnoses VALUES ('D190', 'ADENOMA');
INSERT INTO diagnosis_modifiers VALUES ('DM191', 'HEPATIC');
INSERT INTO dis_relationship_master VALUES ('2410SS1', 'C7', 'S39', 'SS1', 'D190', 'DM191');
INSERT INTO dis_relationship_diagnosis_to_diagnosis_modifier VALUES ('D190', 'DM191');
INSERT INTO diagnosis_modifiers VALUES ('DM192', 'IDIOPATHIC PULMONARY ARTERIAL HYPERTENSION -IPAH');
INSERT INTO dis_relationship_master VALUES ('2398', 'C0', 'S0', 'SS0', 'D85', 'DM192');
INSERT INTO dis_relationship_diagnosis_to_diagnosis_modifier VALUES ('D85', 'DM192');
INSERT INTO dis_relationship_master VALUES ('2365SS125', 'C2', 'S94', 'SS125', 'D85', 'DM192');
INSERT INTO diagnosis_modifiers VALUES ('DM193', 'NON HODGKINS');
INSERT INTO dis_relationship_master VALUES ('2409SS195', 'C6', 'S65', 'SS195', 'D187', 'DM193');
INSERT INTO dis_relationship_diagnosis_to_diagnosis_modifier VALUES ('D187', 'DM193');
INSERT INTO dis_relationship_master VALUES ('2409SS168', 'C6', 'S65', 'SS168', 'D187', 'DM193');
INSERT INTO dis_relationship_master VALUES ('2409SS153', 'C6', 'S65', 'SS153', 'D187', 'DM193');
INSERT INTO dis_relationship_master VALUES ('2409SS130', 'C6', 'S65', 'SS130', 'D187', 'DM193');
INSERT INTO dis_relationship_master VALUES ('2409SS86', 'C6', 'S65', 'SS86', 'D187', 'DM193');
INSERT INTO dis_relationship_master VALUES ('2409SS60', 'C6', 'S65', 'SS60', 'D187', 'DM193');
INSERT INTO dis_relationship_master VALUES ('2395SS198', 'C6', 'S22', 'SS198', 'D187', 'DM193');
INSERT INTO dis_relationship_master VALUES ('2395SS159', 'C6', 'S22', 'SS159', 'D187', 'DM193');
INSERT INTO dis_relationship_master VALUES ('2395SS140', 'C6', 'S22', 'SS140', 'D187', 'DM193');
INSERT INTO dis_relationship_master VALUES ('2395SS23', 'C6', 'S22', 'SS23', 'D187', 'DM193');
INSERT INTO dis_relationship_master VALUES ('2393SS1', 'C6', 'S50', 'SS1', 'D187', 'DM193');
INSERT INTO dis_relationship_master VALUES ('2384SS182', 'C6', 'S57', 'SS182', 'D187', 'DM193');
INSERT INTO dis_relationship_master VALUES ('2384SS178', 'C6', 'S57', 'SS178', 'D187', 'DM193');
INSERT INTO dis_relationship_master VALUES ('2384SS150', 'C6', 'S57', 'SS150', 'D187', 'DM193');
INSERT INTO dis_relationship_master VALUES ('2384SS129', 'C6', 'S57', 'SS129', 'D187', 'DM193');
INSERT INTO dis_relationship_master VALUES ('2384SS122', 'C6', 'S57', 'SS122', 'D187', 'DM193');
INSERT INTO dis_relationship_master VALUES ('2384SS117', 'C6', 'S57', 'SS117', 'D187', 'DM193');
INSERT INTO dis_relationship_master VALUES ('2384SS107', 'C6', 'S57', 'SS107', 'D187', 'DM193');
INSERT INTO dis_relationship_master VALUES ('2384SS103', 'C6', 'S57', 'SS103', 'D187', 'DM193');
INSERT INTO dis_relationship_master VALUES ('2384SS88', 'C6', 'S57', 'SS88', 'D187', 'DM193');
INSERT INTO dis_relationship_master VALUES ('2384SS76', 'C6', 'S57', 'SS76', 'D187', 'DM193');
INSERT INTO dis_relationship_master VALUES ('2384SS33', 'C6', 'S57', 'SS33', 'D187', 'DM193');
INSERT INTO dis_relationship_master VALUES ('2384SS21', 'C6', 'S57', 'SS21', 'D187', 'DM193');
INSERT INTO dis_relationship_master VALUES ('2384SS16', 'C6', 'S57', 'SS16', 'D187', 'DM193');
INSERT INTO dis_relationship_master VALUES ('2384SS2', 'C6', 'S57', 'SS2', 'D187', 'DM193');
INSERT INTO dis_relationship_master VALUES ('2369', 'C6', 'S0', 'SS0', 'D187', 'DM193');
INSERT INTO diagnoses VALUES ('D191', 'CARCINOMA');
INSERT INTO diagnosis_modifiers VALUES ('DM194', 'NON SMALL CELL - NON ENDOCRINE');
INSERT INTO dis_relationship_master VALUES ('2392SS125', 'C6', 'S94', 'SS125', 'D191', 'DM194');
INSERT INTO dis_relationship_diagnosis_to_diagnosis_modifier VALUES ('D191', 'DM194');
INSERT INTO diagnosis_modifiers VALUES ('DM195', 'PULMONARY ARTERIAL HYPERTENSION -PAH');
INSERT INTO dis_relationship_master VALUES ('2400', 'C0', 'S0', 'SS0', 'D85', 'DM195');
INSERT INTO dis_relationship_diagnosis_to_diagnosis_modifier VALUES ('D85', 'DM195');
INSERT INTO dis_relationship_master VALUES ('2368SS125', 'C2', 'S94', 'SS125', 'D85', 'DM195');
INSERT INTO diagnoses VALUES ('D192', 'ABSCESS');
INSERT INTO dis_relationship_master VALUES ('44', 'C2', 'S0', 'SS0', 'D192', 'DM2');
INSERT INTO dis_relationship_diagnosis_to_diagnosis_modifier VALUES ('D192', 'DM2');
INSERT INTO diagnosis_modifiers VALUES ('DM196', 'ACANTHOLYTAIC');
INSERT INTO dis_relationship_master VALUES ('1240SS157', 'C7', 'S1', 'SS157', 'D143', 'DM196');
INSERT INTO dis_relationship_diagnosis_to_diagnosis_modifier VALUES ('D143', 'DM196');
INSERT INTO dis_relationship_master VALUES ('1240SS156', 'C7', 'S1', 'SS156', 'D143', 'DM196');
INSERT INTO dis_relationship_master VALUES ('1240SS98', 'C7', 'S1', 'SS98', 'D143', 'DM196');
INSERT INTO dis_relationship_master VALUES ('1240SS73', 'C7', 'S1', 'SS73', 'D143', 'DM196');
INSERT INTO dis_relationship_master VALUES ('1240SS66', 'C7', 'S1', 'SS66', 'D143', 'DM196');
INSERT INTO dis_relationship_master VALUES ('1240SS65', 'C7', 'S1', 'SS65', 'D143', 'DM196');
INSERT INTO dis_relationship_master VALUES ('1240SS57', 'C7', 'S1', 'SS57', 'D143', 'DM196');
INSERT INTO dis_relationship_master VALUES ('1240SS19', 'C7', 'S1', 'SS19', 'D143', 'DM196');
INSERT INTO dis_relationship_master VALUES ('1240SS8', 'C7', 'S1', 'SS8', 'D143', 'DM196');
INSERT INTO dis_relationship_master VALUES ('1240SS2', 'C7', 'S1', 'SS2', 'D143', 'DM196');
INSERT INTO dis_relationship_master VALUES ('45', 'C7', 'S0', 'SS0', 'D143', 'DM196');
INSERT INTO diagnosis_modifiers VALUES ('DM197', 'EPIDERMONIC');
INSERT INTO dis_relationship_master VALUES ('1241SS157', 'C7', 'S1', 'SS157', 'D143', 'DM197');
INSERT INTO dis_relationship_diagnosis_to_diagnosis_modifier VALUES ('D143', 'DM197');
INSERT INTO dis_relationship_master VALUES ('1241SS156', 'C7', 'S1', 'SS156', 'D143', 'DM197');
INSERT INTO dis_relationship_master VALUES ('1241SS98', 'C7', 'S1', 'SS98', 'D143', 'DM197');
INSERT INTO dis_relationship_master VALUES ('1241SS73', 'C7', 'S1', 'SS73', 'D143', 'DM197');
INSERT INTO dis_relationship_master VALUES ('1241SS66', 'C7', 'S1', 'SS66', 'D143', 'DM197');
INSERT INTO dis_relationship_master VALUES ('1241SS65', 'C7', 'S1', 'SS65', 'D143', 'DM197');
INSERT INTO dis_relationship_master VALUES ('1241SS57', 'C7', 'S1', 'SS57', 'D143', 'DM197');
INSERT INTO dis_relationship_master VALUES ('1241SS19', 'C7', 'S1', 'SS19', 'D143', 'DM197');
INSERT INTO dis_relationship_master VALUES ('1241SS8', 'C7', 'S1', 'SS8', 'D143', 'DM197');
INSERT INTO dis_relationship_master VALUES ('1241SS2', 'C7', 'S1', 'SS2', 'D143', 'DM197');
INSERT INTO dis_relationship_master VALUES ('46', 'C7', 'S0', 'SS0', 'D143', 'DM197');
INSERT INTO diagnosis_modifiers VALUES ('DM198', 'PALE (CLEAR) CLOSED CELL');
INSERT INTO dis_relationship_master VALUES ('1242SS157', 'C7', 'S1', 'SS157', 'D143', 'DM198');
INSERT INTO dis_relationship_diagnosis_to_diagnosis_modifier VALUES ('D143', 'DM198');
INSERT INTO dis_relationship_master VALUES ('1242SS156', 'C7', 'S1', 'SS156', 'D143', 'DM198');
INSERT INTO dis_relationship_master VALUES ('1242SS98', 'C7', 'S1', 'SS98', 'D143', 'DM198');
INSERT INTO dis_relationship_master VALUES ('1242SS73', 'C7', 'S1', 'SS73', 'D143', 'DM198');
INSERT INTO dis_relationship_master VALUES ('1242SS66', 'C7', 'S1', 'SS66', 'D143', 'DM198');
INSERT INTO dis_relationship_master VALUES ('1242SS65', 'C7', 'S1', 'SS65', 'D143', 'DM198');
INSERT INTO dis_relationship_master VALUES ('1242SS57', 'C7', 'S1', 'SS57', 'D143', 'DM198');
INSERT INTO dis_relationship_master VALUES ('1242SS19', 'C7', 'S1', 'SS19', 'D143', 'DM198');
INSERT INTO dis_relationship_master VALUES ('1242SS8', 'C7', 'S1', 'SS8', 'D143', 'DM198');
INSERT INTO dis_relationship_master VALUES ('1242SS2', 'C7', 'S1', 'SS2', 'D143', 'DM198');
INSERT INTO dis_relationship_master VALUES ('47', 'C7', 'S0', 'SS0', 'D143', 'DM198');
INSERT INTO diagnosis_modifiers VALUES ('DM199', 'PILAR SHEATH');
INSERT INTO dis_relationship_master VALUES ('1243SS157', 'C7', 'S1', 'SS157', 'D143', 'DM199');
INSERT INTO dis_relationship_diagnosis_to_diagnosis_modifier VALUES ('D143', 'DM199');
INSERT INTO dis_relationship_master VALUES ('1243SS156', 'C7', 'S1', 'SS156', 'D143', 'DM199');
INSERT INTO dis_relationship_master VALUES ('1243SS98', 'C7', 'S1', 'SS98', 'D143', 'DM199');
INSERT INTO dis_relationship_master VALUES ('1243SS73', 'C7', 'S1', 'SS73', 'D143', 'DM199');
INSERT INTO dis_relationship_master VALUES ('1243SS66', 'C7', 'S1', 'SS66', 'D143', 'DM199');
INSERT INTO dis_relationship_master VALUES ('1243SS65', 'C7', 'S1', 'SS65', 'D143', 'DM199');
INSERT INTO dis_relationship_master VALUES ('1243SS57', 'C7', 'S1', 'SS57', 'D143', 'DM199');
INSERT INTO dis_relationship_master VALUES ('1243SS19', 'C7', 'S1', 'SS19', 'D143', 'DM199');
INSERT INTO dis_relationship_master VALUES ('1243SS8', 'C7', 'S1', 'SS8', 'D143', 'DM199');
INSERT INTO dis_relationship_master VALUES ('1243SS2', 'C7', 'S1', 'SS2', 'D143', 'DM199');
INSERT INTO dis_relationship_master VALUES ('48', 'C7', 'S0', 'SS0', 'D143', 'DM199');
INSERT INTO diagnoses VALUES ('D193', 'ACTINIC KERATOSIS');
INSERT INTO dis_relationship_master VALUES ('1244SS157', 'C5', 'S1', 'SS157', 'D193', 'DM2');
INSERT INTO dis_relationship_diagnosis_to_diagnosis_modifier VALUES ('D193', 'DM2');
INSERT INTO dis_relationship_master VALUES ('1244SS156', 'C5', 'S1', 'SS156', 'D193', 'DM2');
INSERT INTO dis_relationship_master VALUES ('1244SS98', 'C5', 'S1', 'SS98', 'D193', 'DM2');
INSERT INTO dis_relationship_master VALUES ('1244SS73', 'C5', 'S1', 'SS73', 'D193', 'DM2');
INSERT INTO dis_relationship_master VALUES ('1244SS66', 'C5', 'S1', 'SS66', 'D193', 'DM2');
INSERT INTO dis_relationship_master VALUES ('1244SS65', 'C5', 'S1', 'SS65', 'D193', 'DM2');
INSERT INTO dis_relationship_master VALUES ('1244SS57', 'C5', 'S1', 'SS57', 'D193', 'DM2');
INSERT INTO dis_relationship_master VALUES ('1244SS19', 'C5', 'S1', 'SS19', 'D193', 'DM2');
INSERT INTO dis_relationship_master VALUES ('1244SS8', 'C5', 'S1', 'SS8', 'D193', 'DM2');
INSERT INTO dis_relationship_master VALUES ('1244SS2', 'C5', 'S1', 'SS2', 'D193', 'DM2');
INSERT INTO dis_relationship_master VALUES ('1952', 'C0', 'S0', 'SS0', 'D193', 'DM2');
INSERT INTO diagnoses VALUES ('D194', 'ADAMATINOMA');
INSERT INTO dis_relationship_master VALUES ('2152', 'C0', 'S0', 'SS0', 'D194', 'DM2');
INSERT INTO dis_relationship_diagnosis_to_diagnosis_modifier VALUES ('D194', 'DM2');
INSERT INTO dis_relationship_master VALUES ('414SS188', 'C7', 'S92', 'SS188', 'D194', 'DM2');
INSERT INTO dis_relationship_master VALUES ('414SS179', 'C7', 'S92', 'SS179', 'D194', 'DM2');
INSERT INTO dis_relationship_master VALUES ('414SS168', 'C7', 'S92', 'SS168', 'D194', 'DM2');
INSERT INTO dis_relationship_master VALUES ('414SS165', 'C7', 'S92', 'SS165', 'D194', 'DM2');
INSERT INTO dis_relationship_master VALUES ('414SS153', 'C7', 'S92', 'SS153', 'D194', 'DM2');
INSERT INTO dis_relationship_master VALUES ('414SS149', 'C7', 'S92', 'SS149', 'D194', 'DM2');
INSERT INTO dis_relationship_master VALUES ('414SS128', 'C7', 'S92', 'SS128', 'D194', 'DM2');
INSERT INTO dis_relationship_master VALUES ('414SS109', 'C7', 'S92', 'SS109', 'D194', 'DM2');
INSERT INTO dis_relationship_master VALUES ('414SS108', 'C7', 'S92', 'SS108', 'D194', 'DM2');
INSERT INTO dis_relationship_master VALUES ('414SS104', 'C7', 'S92', 'SS104', 'D194', 'DM2');
INSERT INTO dis_relationship_master VALUES ('414SS79', 'C7', 'S92', 'SS79', 'D194', 'DM2');
INSERT INTO dis_relationship_master VALUES ('414SS62', 'C7', 'S92', 'SS62', 'D194', 'DM2');
INSERT INTO dis_relationship_master VALUES ('414SS60', 'C7', 'S92', 'SS60', 'D194', 'DM2');
INSERT INTO diagnoses VALUES ('D195', 'ADENOFIBROMA');
INSERT INTO dis_relationship_master VALUES ('1189SS172', 'C7', 'S97', 'SS172', 'D195', 'DM2');
INSERT INTO dis_relationship_diagnosis_to_diagnosis_modifier VALUES ('D195', 'DM2');
INSERT INTO dis_relationship_master VALUES ('1189SS171', 'C7', 'S97', 'SS171', 'D195', 'DM2');
INSERT INTO dis_relationship_master VALUES ('1189SS170', 'C7', 'S97', 'SS170', 'D195', 'DM2');
INSERT INTO dis_relationship_master VALUES ('1189SS127', 'C7', 'S97', 'SS127', 'D195', 'DM2');
INSERT INTO dis_relationship_master VALUES ('1189SS110', 'C7', 'S97', 'SS110', 'D195', 'DM2');
INSERT INTO dis_relationship_master VALUES ('1000SS137', 'C7', 'S35', 'SS137', 'D195', 'DM2');
INSERT INTO dis_relationship_master VALUES ('1000SS52', 'C7', 'S35', 'SS52', 'D195', 'DM2');
INSERT INTO dis_relationship_master VALUES ('1000SS80', 'C7', 'S35', 'SS80', 'D195', 'DM2');
INSERT INTO dis_relationship_master VALUES ('1000SS42', 'C7', 'S35', 'SS42', 'D195', 'DM2');
INSERT INTO dis_relationship_master VALUES ('1000SS41', 'C7', 'S35', 'SS41', 'D195', 'DM2');
INSERT INTO dis_relationship_master VALUES ('1810', 'C0', 'S0', 'SS0', 'D195', 'DM2');
INSERT INTO dis_relationship_master VALUES ('846SS125', 'C7', 'S94', 'SS125', 'D195', 'DM2');
INSERT INTO diagnosis_modifiers VALUES ('DM200', 'METANEPHRIC ADENOFIBROMA');
INSERT INTO dis_relationship_master VALUES ('762SS151', 'C7', 'S82', 'SS151', 'D195', 'DM200');
INSERT INTO dis_relationship_diagnosis_to_diagnosis_modifier VALUES ('D195', 'DM200');
INSERT INTO dis_relationship_master VALUES ('762SS105', 'C7', 'S82', 'SS105', 'D195', 'DM200');
INSERT INTO dis_relationship_master VALUES ('762SS42', 'C7', 'S82', 'SS42', 'D195', 'DM200');
INSERT INTO dis_relationship_master VALUES ('1619SS125', 'C1', 'S94', 'SS125', 'D190', 'DM2');
INSERT INTO dis_relationship_diagnosis_to_diagnosis_modifier VALUES ('D190', 'DM2');
INSERT INTO dis_relationship_master VALUES ('1063SS175', 'C7', 'S24', 'SS175', 'D190', 'DM2');
INSERT INTO dis_relationship_master VALUES ('1063SS123', 'C7', 'S24', 'SS123', 'D190', 'DM2');
INSERT INTO dis_relationship_master VALUES ('2357SS164', 'C7', 'S20', 'SS164', 'D190', 'DM2');
INSERT INTO dis_relationship_master VALUES ('2357SS118', 'C7', 'S20', 'SS118', 'D190', 'DM2');
INSERT INTO dis_relationship_master VALUES ('2357SS114', 'C7', 'S20', 'SS114', 'D190', 'DM2');
INSERT INTO dis_relationship_master VALUES ('2356SS157', 'C7', 'S1', 'SS157', 'D190', 'DM2');
INSERT INTO dis_relationship_master VALUES ('2356SS156', 'C7', 'S1', 'SS156', 'D190', 'DM2');
INSERT INTO dis_relationship_master VALUES ('2356SS98', 'C7', 'S1', 'SS98', 'D190', 'DM2');
INSERT INTO dis_relationship_master VALUES ('2356SS73', 'C7', 'S1', 'SS73', 'D190', 'DM2');
INSERT INTO dis_relationship_master VALUES ('2356SS66', 'C7', 'S1', 'SS66', 'D190', 'DM2');
INSERT INTO dis_relationship_master VALUES ('2356SS65', 'C7', 'S1', 'SS65', 'D190', 'DM2');
INSERT INTO dis_relationship_master VALUES ('2356SS57', 'C7', 'S1', 'SS57', 'D190', 'DM2');
INSERT INTO dis_relationship_master VALUES ('2356SS19', 'C7', 'S1', 'SS19', 'D190', 'DM2');
INSERT INTO dis_relationship_master VALUES ('2356SS8', 'C7', 'S1', 'SS8', 'D190', 'DM2');
INSERT INTO dis_relationship_master VALUES ('2356SS2', 'C7', 'S1', 'SS2', 'D190', 'DM2');
INSERT INTO dis_relationship_master VALUES ('2350SS1', 'C7', 'S15', 'SS1', 'D190', 'DM2');
INSERT INTO dis_relationship_master VALUES ('2341', 'C7', 'S0', 'SS0', 'D190', 'DM2');
INSERT INTO dis_relationship_master VALUES ('2334SS151', 'C7', 'S82', 'SS151', 'D190', 'DM2');
INSERT INTO dis_relationship_master VALUES ('2334SS105', 'C7', 'S82', 'SS105', 'D190', 'DM2');
INSERT INTO dis_relationship_master VALUES ('2334SS42', 'C7', 'S82', 'SS42', 'D190', 'DM2');
INSERT INTO dis_relationship_master VALUES ('2332SS101', 'C7', 'S73', 'SS101', 'D190', 'DM2');
INSERT INTO dis_relationship_master VALUES ('2332SS148', 'C7', 'S73', 'SS148', 'D190', 'DM2');
INSERT INTO dis_relationship_master VALUES ('2332SS90', 'C7', 'S73', 'SS90', 'D190', 'DM2');
INSERT INTO dis_relationship_master VALUES ('2326SS1', 'C7', 'S49', 'SS1', 'D190', 'DM2');
INSERT INTO dis_relationship_master VALUES ('2321SS105', 'C7', 'S80', 'SS105', 'D190', 'DM2');
INSERT INTO dis_relationship_master VALUES ('2321SS42', 'C7', 'S80', 'SS42', 'D190', 'DM2');
INSERT INTO dis_relationship_master VALUES ('2317SS172', 'C7', 'S97', 'SS172', 'D190', 'DM2');
INSERT INTO dis_relationship_master VALUES ('2317SS171', 'C7', 'S97', 'SS171', 'D190', 'DM2');
INSERT INTO dis_relationship_master VALUES ('2317SS170', 'C7', 'S97', 'SS170', 'D190', 'DM2');
INSERT INTO dis_relationship_master VALUES ('2317SS127', 'C7', 'S97', 'SS127', 'D190', 'DM2');
INSERT INTO dis_relationship_master VALUES ('2317SS110', 'C7', 'S97', 'SS110', 'D190', 'DM2');
INSERT INTO dis_relationship_master VALUES ('2063', 'C0', 'S0', 'SS0', 'D190', 'DM2');
INSERT INTO dis_relationship_master VALUES ('812SS1', 'C7', 'S39', 'SS1', 'D190', 'DM2');
INSERT INTO dis_relationship_master VALUES ('726SS158', 'C5', 'S30', 'SS158', 'D190', 'DM2');
INSERT INTO dis_relationship_master VALUES ('726SS112', 'C5', 'S30', 'SS112', 'D190', 'DM2');
INSERT INTO dis_relationship_master VALUES ('726SS69', 'C5', 'S30', 'SS69', 'D190', 'DM2');
INSERT INTO dis_relationship_master VALUES ('726SS18', 'C5', 'S30', 'SS18', 'D190', 'DM2');
INSERT INTO dis_relationship_master VALUES ('641SS186', 'C5', 'S67', 'SS186', 'D190', 'DM2');
INSERT INTO dis_relationship_master VALUES ('641SS185', 'C5', 'S67', 'SS185', 'D190', 'DM2');
INSERT INTO dis_relationship_master VALUES ('641SS184', 'C5', 'S67', 'SS184', 'D190', 'DM2');
INSERT INTO dis_relationship_master VALUES ('641SS166', 'C5', 'S67', 'SS166', 'D190', 'DM2');
INSERT INTO dis_relationship_master VALUES ('641SS161', 'C5', 'S67', 'SS161', 'D190', 'DM2');
INSERT INTO dis_relationship_master VALUES ('641SS45', 'C5', 'S67', 'SS45', 'D190', 'DM2');
INSERT INTO dis_relationship_master VALUES ('641SS36', 'C5', 'S67', 'SS36', 'D190', 'DM2');
INSERT INTO dis_relationship_master VALUES ('641SS27', 'C5', 'S67', 'SS27', 'D190', 'DM2');
INSERT INTO dis_relationship_master VALUES ('641SS10', 'C5', 'S67', 'SS10', 'D190', 'DM2');
INSERT INTO dis_relationship_master VALUES ('338SS44', 'C7', 'S87', 'SS44', 'D190', 'DM2');
INSERT INTO diagnosis_modifiers VALUES ('DM201', 'ALVEOLAR');
INSERT INTO dis_relationship_master VALUES ('847SS125', 'C1', 'S94', 'SS125', 'D190', 'DM201');
INSERT INTO dis_relationship_diagnosis_to_diagnosis_modifier VALUES ('D190', 'DM201');
INSERT INTO diagnosis_modifiers VALUES ('DM202', 'BASAL CELL');
INSERT INTO dis_relationship_master VALUES ('1190SS172', 'C7', 'S97', 'SS172', 'D190', 'DM202');
INSERT INTO dis_relationship_diagnosis_to_diagnosis_modifier VALUES ('D190', 'DM202');
INSERT INTO dis_relationship_master VALUES ('1190SS171', 'C7', 'S97', 'SS171', 'D190', 'DM202');
INSERT INTO dis_relationship_master VALUES ('1190SS170', 'C7', 'S97', 'SS170', 'D190', 'DM202');
INSERT INTO dis_relationship_master VALUES ('1190SS127', 'C7', 'S97', 'SS127', 'D190', 'DM202');
INSERT INTO dis_relationship_master VALUES ('1190SS110', 'C7', 'S97', 'SS110', 'D190', 'DM202');
INSERT INTO diagnosis_modifiers VALUES ('DM203', 'CANALICULAR');
INSERT INTO dis_relationship_master VALUES ('1191SS172', 'C7', 'S97', 'SS172', 'D190', 'DM203');
INSERT INTO dis_relationship_diagnosis_to_diagnosis_modifier VALUES ('D190', 'DM203');
INSERT INTO dis_relationship_master VALUES ('1191SS171', 'C7', 'S97', 'SS171', 'D190', 'DM203');
INSERT INTO dis_relationship_master VALUES ('1191SS170', 'C7', 'S97', 'SS170', 'D190', 'DM203');
INSERT INTO dis_relationship_master VALUES ('1191SS127', 'C7', 'S97', 'SS127', 'D190', 'DM203');
INSERT INTO dis_relationship_master VALUES ('1191SS110', 'C7', 'S97', 'SS110', 'D190', 'DM203');
INSERT INTO diagnosis_modifiers VALUES ('DM204', 'CONNS SYNDROME');
INSERT INTO dis_relationship_master VALUES ('3SS105', 'C7', 'S80', 'SS105', 'D190', 'DM204');
INSERT INTO dis_relationship_diagnosis_to_diagnosis_modifier VALUES ('D190', 'DM204');
INSERT INTO dis_relationship_master VALUES ('3SS42', 'C7', 'S80', 'SS42', 'D190', 'DM204');
INSERT INTO diagnosis_modifiers VALUES ('DM205', 'CUSHINGS DISEASE');
INSERT INTO dis_relationship_master VALUES ('4SS105', 'C7', 'S80', 'SS105', 'D190', 'DM205');
INSERT INTO dis_relationship_diagnosis_to_diagnosis_modifier VALUES ('D190', 'DM205');
INSERT INTO dis_relationship_master VALUES ('4SS42', 'C7', 'S80', 'SS42', 'D190', 'DM205');
INSERT INTO diagnosis_modifiers VALUES ('DM206', 'FOLLICULAR');
INSERT INTO dis_relationship_master VALUES ('1483SS101', 'C7', 'S73', 'SS101', 'D190', 'DM206');
INSERT INTO dis_relationship_diagnosis_to_diagnosis_modifier VALUES ('D190', 'DM206');
INSERT INTO dis_relationship_master VALUES ('1483SS148', 'C7', 'S73', 'SS148', 'D190', 'DM206');
INSERT INTO dis_relationship_master VALUES ('1483SS90', 'C7', 'S73', 'SS90', 'D190', 'DM206');
INSERT INTO diagnosis_modifiers VALUES ('DM207', 'HURTHLE CELL');
INSERT INTO dis_relationship_master VALUES ('1484SS101', 'C7', 'S73', 'SS101', 'D190', 'DM207');
INSERT INTO dis_relationship_diagnosis_to_diagnosis_modifier VALUES ('D190', 'DM207');
INSERT INTO dis_relationship_master VALUES ('1484SS148', 'C7', 'S73', 'SS148', 'D190', 'DM207');
INSERT INTO dis_relationship_master VALUES ('1484SS90', 'C7', 'S73', 'SS90', 'D190', 'DM207');
INSERT INTO diagnosis_modifiers VALUES ('DM208', 'LIPOADENOMA');
INSERT INTO dis_relationship_master VALUES ('1192SS172', 'C7', 'S97', 'SS172', 'D190', 'DM208');
INSERT INTO dis_relationship_diagnosis_to_diagnosis_modifier VALUES ('D190', 'DM208');
INSERT INTO dis_relationship_master VALUES ('1192SS171', 'C7', 'S97', 'SS171', 'D190', 'DM208');
INSERT INTO dis_relationship_master VALUES ('1192SS170', 'C7', 'S97', 'SS170', 'D190', 'DM208');
INSERT INTO dis_relationship_master VALUES ('1192SS127', 'C7', 'S97', 'SS127', 'D190', 'DM208');
INSERT INTO dis_relationship_master VALUES ('1192SS110', 'C7', 'S97', 'SS110', 'D190', 'DM208');
INSERT INTO diagnosis_modifiers VALUES ('DM209', 'LYMPHADENOMA');
INSERT INTO dis_relationship_master VALUES ('1193SS172', 'C7', 'S97', 'SS172', 'D190', 'DM209');
INSERT INTO dis_relationship_diagnosis_to_diagnosis_modifier VALUES ('D190', 'DM209');
INSERT INTO dis_relationship_master VALUES ('1193SS171', 'C7', 'S97', 'SS171', 'D190', 'DM209');
INSERT INTO dis_relationship_master VALUES ('1193SS170', 'C7', 'S97', 'SS170', 'D190', 'DM209');
INSERT INTO dis_relationship_master VALUES ('1193SS127', 'C7', 'S97', 'SS127', 'D190', 'DM209');
INSERT INTO dis_relationship_master VALUES ('1193SS110', 'C7', 'S97', 'SS110', 'D190', 'DM209');
INSERT INTO diagnosis_modifiers VALUES ('DM210', 'METANEPHRIC ADENOMA');
INSERT INTO dis_relationship_master VALUES ('763SS151', 'C7', 'S82', 'SS151', 'D190', 'DM210');
INSERT INTO dis_relationship_diagnosis_to_diagnosis_modifier VALUES ('D190', 'DM210');
INSERT INTO dis_relationship_master VALUES ('763SS105', 'C7', 'S82', 'SS105', 'D190', 'DM210');
INSERT INTO dis_relationship_master VALUES ('763SS42', 'C7', 'S82', 'SS42', 'D190', 'DM210');
INSERT INTO diagnosis_modifiers VALUES ('DM211', 'MUCUS GLAND');
INSERT INTO dis_relationship_master VALUES ('848SS125', 'C1', 'S94', 'SS125', 'D190', 'DM211');
INSERT INTO dis_relationship_diagnosis_to_diagnosis_modifier VALUES ('D190', 'DM211');
INSERT INTO dis_relationship_master VALUES ('1105SS1', 'C7', 'S15', 'SS1', 'D190', 'DM72');
INSERT INTO dis_relationship_diagnosis_to_diagnosis_modifier VALUES ('D190', 'DM72');
INSERT INTO diagnosis_modifiers VALUES ('DM212', 'NON-FUNCTIONAL');
INSERT INTO dis_relationship_master VALUES ('1129SS1', 'C7', 'S49', 'SS1', 'D190', 'DM212');
INSERT INTO dis_relationship_diagnosis_to_diagnosis_modifier VALUES ('D190', 'DM212');
INSERT INTO dis_relationship_master VALUES ('849SS125', 'C1', 'S94', 'SS125', 'D190', 'DM12');
INSERT INTO dis_relationship_diagnosis_to_diagnosis_modifier VALUES ('D190', 'DM12');
INSERT INTO diagnosis_modifiers VALUES ('DM213', 'PAPILLARY ADENOMA');
INSERT INTO dis_relationship_master VALUES ('764SS151', 'C7', 'S82', 'SS151', 'D190', 'DM213');
INSERT INTO dis_relationship_diagnosis_to_diagnosis_modifier VALUES ('D190', 'DM213');
INSERT INTO dis_relationship_master VALUES ('764SS105', 'C7', 'S82', 'SS105', 'D190', 'DM213');
INSERT INTO dis_relationship_master VALUES ('764SS42', 'C7', 'S82', 'SS42', 'D190', 'DM213');
INSERT INTO dis_relationship_master VALUES ('1194SS172', 'C7', 'S97', 'SS172', 'D190', 'DM137');
INSERT INTO dis_relationship_diagnosis_to_diagnosis_modifier VALUES ('D190', 'DM137');
INSERT INTO dis_relationship_master VALUES ('1194SS171', 'C7', 'S97', 'SS171', 'D190', 'DM137');
INSERT INTO dis_relationship_master VALUES ('1194SS170', 'C7', 'S97', 'SS170', 'D190', 'DM137');
INSERT INTO dis_relationship_master VALUES ('1194SS127', 'C7', 'S97', 'SS127', 'D190', 'DM137');
INSERT INTO dis_relationship_master VALUES ('1194SS110', 'C7', 'S97', 'SS110', 'D190', 'DM137');
INSERT INTO diagnosis_modifiers VALUES ('DM214', 'PLEOMORPHIC / BENIGN MIXED TUMOR');
INSERT INTO dis_relationship_master VALUES ('49', 'C7', 'S0', 'SS0', 'D190', 'DM214');
INSERT INTO dis_relationship_diagnosis_to_diagnosis_modifier VALUES ('D190', 'DM214');
INSERT INTO diagnosis_modifiers VALUES ('DM215', 'SALIVARY GLAND SUBTYPE');
INSERT INTO dis_relationship_master VALUES ('850SS125', 'C7', 'S94', 'SS125', 'D190', 'DM215');
INSERT INTO dis_relationship_diagnosis_to_diagnosis_modifier VALUES ('D190', 'DM215');
INSERT INTO diagnosis_modifiers VALUES ('DM216', 'SEBACEOUS');
INSERT INTO dis_relationship_master VALUES ('1245SS157', 'C7', 'S1', 'SS157', 'D190', 'DM216');
INSERT INTO dis_relationship_diagnosis_to_diagnosis_modifier VALUES ('D190', 'DM216');
INSERT INTO dis_relationship_master VALUES ('1245SS156', 'C7', 'S1', 'SS156', 'D190', 'DM216');
INSERT INTO dis_relationship_master VALUES ('1245SS98', 'C7', 'S1', 'SS98', 'D190', 'DM216');
INSERT INTO dis_relationship_master VALUES ('1245SS73', 'C7', 'S1', 'SS73', 'D190', 'DM216');
INSERT INTO dis_relationship_master VALUES ('1245SS66', 'C7', 'S1', 'SS66', 'D190', 'DM216');
INSERT INTO dis_relationship_master VALUES ('1245SS65', 'C7', 'S1', 'SS65', 'D190', 'DM216');
INSERT INTO dis_relationship_master VALUES ('1245SS57', 'C7', 'S1', 'SS57', 'D190', 'DM216');
INSERT INTO dis_relationship_master VALUES ('1245SS19', 'C7', 'S1', 'SS19', 'D190', 'DM216');
INSERT INTO dis_relationship_master VALUES ('1245SS8', 'C7', 'S1', 'SS8', 'D190', 'DM216');
INSERT INTO dis_relationship_master VALUES ('1245SS2', 'C7', 'S1', 'SS2', 'D190', 'DM216');
INSERT INTO dis_relationship_master VALUES ('1195SS172', 'C7', 'S97', 'SS172', 'D190', 'DM216');
INSERT INTO dis_relationship_master VALUES ('1195SS171', 'C7', 'S97', 'SS171', 'D190', 'DM216');
INSERT INTO dis_relationship_master VALUES ('1195SS170', 'C7', 'S97', 'SS170', 'D190', 'DM216');
INSERT INTO dis_relationship_master VALUES ('1195SS127', 'C7', 'S97', 'SS127', 'D190', 'DM216');
INSERT INTO dis_relationship_master VALUES ('1195SS110', 'C7', 'S97', 'SS110', 'D190', 'DM216');
INSERT INTO diagnosis_modifiers VALUES ('DM217', 'SEBACEOUS LYMPHADENOMA');
INSERT INTO dis_relationship_master VALUES ('1196SS172', 'C7', 'S97', 'SS172', 'D190', 'DM217');
INSERT INTO dis_relationship_diagnosis_to_diagnosis_modifier VALUES ('D190', 'DM217');
INSERT INTO dis_relationship_master VALUES ('1196SS171', 'C7', 'S97', 'SS171', 'D190', 'DM217');
INSERT INTO dis_relationship_master VALUES ('1196SS170', 'C7', 'S97', 'SS170', 'D190', 'DM217');
INSERT INTO dis_relationship_master VALUES ('1196SS127', 'C7', 'S97', 'SS127', 'D190', 'DM217');
INSERT INTO dis_relationship_master VALUES ('1196SS110', 'C7', 'S97', 'SS110', 'D190', 'DM217');
INSERT INTO diagnosis_modifiers VALUES ('DM218', 'STATE SPECIFIC HORMONE');
INSERT INTO dis_relationship_master VALUES ('1130SS1', 'C7', 'S49', 'SS1', 'D190', 'DM218');
INSERT INTO dis_relationship_diagnosis_to_diagnosis_modifier VALUES ('D190', 'DM218');
INSERT INTO diagnosis_modifiers VALUES ('DM219', 'TUBULAR');
INSERT INTO dis_relationship_master VALUES ('555SS164', 'C7', 'S20', 'SS164', 'D190', 'DM219');
INSERT INTO dis_relationship_diagnosis_to_diagnosis_modifier VALUES ('D190', 'DM219');
INSERT INTO dis_relationship_master VALUES ('555SS118', 'C7', 'S20', 'SS118', 'D190', 'DM219');
INSERT INTO dis_relationship_master VALUES ('555SS114', 'C7', 'S20', 'SS114', 'D190', 'DM219');
INSERT INTO diagnosis_modifiers VALUES ('DM220', 'VIRILIZATION');
INSERT INTO dis_relationship_master VALUES ('5SS105', 'C7', 'S80', 'SS105', 'D190', 'DM220');
INSERT INTO dis_relationship_diagnosis_to_diagnosis_modifier VALUES ('D190', 'DM220');
INSERT INTO dis_relationship_master VALUES ('5SS42', 'C7', 'S80', 'SS42', 'D190', 'DM220');
INSERT INTO diagnoses VALUES ('D196', 'ADENOMA - SESSILE SERRATED');
INSERT INTO dis_relationship_master VALUES ('1301SS166', 'C5', 'S76', 'SS166', 'D196', 'DM2');
INSERT INTO dis_relationship_diagnosis_to_diagnosis_modifier VALUES ('D196', 'DM2');
INSERT INTO dis_relationship_master VALUES ('1301SS91', 'C5', 'S76', 'SS91', 'D196', 'DM2');
INSERT INTO dis_relationship_master VALUES ('1301SS85', 'C5', 'S76', 'SS85', 'D196', 'DM2');
INSERT INTO dis_relationship_master VALUES ('1301SS84', 'C5', 'S76', 'SS84', 'D196', 'DM2');
INSERT INTO dis_relationship_master VALUES ('1301SS83', 'C5', 'S76', 'SS83', 'D196', 'DM2');
INSERT INTO dis_relationship_master VALUES ('1301SS48', 'C5', 'S76', 'SS48', 'D196', 'DM2');
INSERT INTO dis_relationship_master VALUES ('1165SS166', 'C5', 'S64', 'SS166', 'D196', 'DM2');
INSERT INTO dis_relationship_master VALUES ('293SS166', 'C5', 'S60', 'SS166', 'D196', 'DM2');
INSERT INTO dis_relationship_master VALUES ('1941', 'C0', 'S0', 'SS0', 'D196', 'DM2');
INSERT INTO dis_relationship_master VALUES ('642SS186', 'C5', 'S67', 'SS186', 'D196', 'DM2');
INSERT INTO dis_relationship_master VALUES ('642SS185', 'C5', 'S67', 'SS185', 'D196', 'DM2');
INSERT INTO dis_relationship_master VALUES ('642SS184', 'C5', 'S67', 'SS184', 'D196', 'DM2');
INSERT INTO dis_relationship_master VALUES ('642SS166', 'C5', 'S67', 'SS166', 'D196', 'DM2');
INSERT INTO dis_relationship_master VALUES ('642SS161', 'C5', 'S67', 'SS161', 'D196', 'DM2');
INSERT INTO dis_relationship_master VALUES ('642SS45', 'C5', 'S67', 'SS45', 'D196', 'DM2');
INSERT INTO dis_relationship_master VALUES ('642SS36', 'C5', 'S67', 'SS36', 'D196', 'DM2');
INSERT INTO dis_relationship_master VALUES ('642SS27', 'C5', 'S67', 'SS27', 'D196', 'DM2');
INSERT INTO dis_relationship_master VALUES ('642SS10', 'C5', 'S67', 'SS10', 'D196', 'DM2');
INSERT INTO diagnoses VALUES ('D197', 'ADENOMA - TRADITIONAL SERRATED');
INSERT INTO dis_relationship_master VALUES ('1302SS166', 'C5', 'S76', 'SS166', 'D197', 'DM2');
INSERT INTO dis_relationship_diagnosis_to_diagnosis_modifier VALUES ('D197', 'DM2');
INSERT INTO dis_relationship_master VALUES ('1302SS91', 'C5', 'S76', 'SS91', 'D197', 'DM2');
INSERT INTO dis_relationship_master VALUES ('1302SS85', 'C5', 'S76', 'SS85', 'D197', 'DM2');
INSERT INTO dis_relationship_master VALUES ('1302SS84', 'C5', 'S76', 'SS84', 'D197', 'DM2');
INSERT INTO dis_relationship_master VALUES ('1302SS83', 'C5', 'S76', 'SS83', 'D197', 'DM2');
INSERT INTO dis_relationship_master VALUES ('1302SS48', 'C5', 'S76', 'SS48', 'D197', 'DM2');
INSERT INTO dis_relationship_master VALUES ('1166SS166', 'C5', 'S64', 'SS166', 'D197', 'DM2');
INSERT INTO dis_relationship_master VALUES ('643SS186', 'C5', 'S67', 'SS186', 'D197', 'DM2');
INSERT INTO dis_relationship_master VALUES ('643SS185', 'C5', 'S67', 'SS185', 'D197', 'DM2');
INSERT INTO dis_relationship_master VALUES ('643SS184', 'C5', 'S67', 'SS184', 'D197', 'DM2');
INSERT INTO dis_relationship_master VALUES ('643SS166', 'C5', 'S67', 'SS166', 'D197', 'DM2');
INSERT INTO dis_relationship_master VALUES ('643SS161', 'C5', 'S67', 'SS161', 'D197', 'DM2');
INSERT INTO dis_relationship_master VALUES ('643SS45', 'C5', 'S67', 'SS45', 'D197', 'DM2');
INSERT INTO dis_relationship_master VALUES ('643SS36', 'C5', 'S67', 'SS36', 'D197', 'DM2');
INSERT INTO dis_relationship_master VALUES ('643SS27', 'C5', 'S67', 'SS27', 'D197', 'DM2');
INSERT INTO dis_relationship_master VALUES ('643SS10', 'C5', 'S67', 'SS10', 'D197', 'DM2');
INSERT INTO dis_relationship_master VALUES ('2027', 'C0', 'S0', 'SS0', 'D197', 'DM2');
INSERT INTO dis_relationship_master VALUES ('294SS166', 'C5', 'S60', 'SS166', 'D197', 'DM2');
INSERT INTO diagnoses VALUES ('D198', 'ADENOMA - TUBULAR');
INSERT INTO dis_relationship_master VALUES ('1303SS166', 'C5', 'S76', 'SS166', 'D198', 'DM2');
INSERT INTO dis_relationship_diagnosis_to_diagnosis_modifier VALUES ('D198', 'DM2');
INSERT INTO dis_relationship_master VALUES ('1303SS91', 'C5', 'S76', 'SS91', 'D198', 'DM2');
INSERT INTO dis_relationship_master VALUES ('1303SS85', 'C5', 'S76', 'SS85', 'D198', 'DM2');
INSERT INTO dis_relationship_master VALUES ('1303SS84', 'C5', 'S76', 'SS84', 'D198', 'DM2');
INSERT INTO dis_relationship_master VALUES ('1303SS83', 'C5', 'S76', 'SS83', 'D198', 'DM2');
INSERT INTO dis_relationship_master VALUES ('1303SS48', 'C5', 'S76', 'SS48', 'D198', 'DM2');
INSERT INTO dis_relationship_master VALUES ('1167SS166', 'C5', 'S64', 'SS166', 'D198', 'DM2');
INSERT INTO dis_relationship_master VALUES ('1775', 'C0', 'S0', 'SS0', 'D198', 'DM2');
INSERT INTO dis_relationship_master VALUES ('644SS186', 'C5', 'S67', 'SS186', 'D198', 'DM2');
INSERT INTO dis_relationship_master VALUES ('644SS185', 'C5', 'S67', 'SS185', 'D198', 'DM2');
INSERT INTO dis_relationship_master VALUES ('644SS184', 'C5', 'S67', 'SS184', 'D198', 'DM2');
INSERT INTO dis_relationship_master VALUES ('644SS166', 'C5', 'S67', 'SS166', 'D198', 'DM2');
INSERT INTO dis_relationship_master VALUES ('644SS161', 'C5', 'S67', 'SS161', 'D198', 'DM2');
INSERT INTO dis_relationship_master VALUES ('644SS45', 'C5', 'S67', 'SS45', 'D198', 'DM2');
INSERT INTO dis_relationship_master VALUES ('644SS36', 'C5', 'S67', 'SS36', 'D198', 'DM2');
INSERT INTO dis_relationship_master VALUES ('644SS27', 'C5', 'S67', 'SS27', 'D198', 'DM2');
INSERT INTO dis_relationship_master VALUES ('644SS10', 'C5', 'S67', 'SS10', 'D198', 'DM2');
INSERT INTO dis_relationship_master VALUES ('295SS166', 'C5', 'S60', 'SS166', 'D198', 'DM2');
INSERT INTO anatomic_sites VALUES ('S98', 'AMPULLA OF VATER');
INSERT INTO dis_relationship_master VALUES ('24SS1', 'C5', 'S98', 'SS1', 'D198', 'DM2');
INSERT INTO dis_relationship_site_to_subsite VALUES ('S98', 'SS1');
INSERT INTO diagnoses VALUES ('D199', 'ADENOMA - TUBULOVILLOUS');
INSERT INTO dis_relationship_master VALUES ('1304SS166', 'C5', 'S76', 'SS166', 'D199', 'DM2');
INSERT INTO dis_relationship_diagnosis_to_diagnosis_modifier VALUES ('D199', 'DM2');
INSERT INTO dis_relationship_master VALUES ('1304SS91', 'C5', 'S76', 'SS91', 'D199', 'DM2');
INSERT INTO dis_relationship_master VALUES ('1304SS85', 'C5', 'S76', 'SS85', 'D199', 'DM2');
INSERT INTO dis_relationship_master VALUES ('1304SS84', 'C5', 'S76', 'SS84', 'D199', 'DM2');
INSERT INTO dis_relationship_master VALUES ('1304SS83', 'C5', 'S76', 'SS83', 'D199', 'DM2');
INSERT INTO dis_relationship_master VALUES ('1304SS48', 'C5', 'S76', 'SS48', 'D199', 'DM2');
INSERT INTO dis_relationship_master VALUES ('1168SS166', 'C5', 'S64', 'SS166', 'D199', 'DM2');
INSERT INTO dis_relationship_master VALUES ('1860', 'C0', 'S0', 'SS0', 'D199', 'DM2');
INSERT INTO dis_relationship_master VALUES ('646SS186', 'C5', 'S67', 'SS186', 'D199', 'DM2');
INSERT INTO dis_relationship_master VALUES ('646SS185', 'C5', 'S67', 'SS185', 'D199', 'DM2');
INSERT INTO dis_relationship_master VALUES ('646SS184', 'C5', 'S67', 'SS184', 'D199', 'DM2');
INSERT INTO dis_relationship_master VALUES ('646SS166', 'C5', 'S67', 'SS166', 'D199', 'DM2');
INSERT INTO dis_relationship_master VALUES ('646SS161', 'C5', 'S67', 'SS161', 'D199', 'DM2');
INSERT INTO dis_relationship_master VALUES ('646SS45', 'C5', 'S67', 'SS45', 'D199', 'DM2');
INSERT INTO dis_relationship_master VALUES ('646SS36', 'C5', 'S67', 'SS36', 'D199', 'DM2');
INSERT INTO dis_relationship_master VALUES ('646SS27', 'C5', 'S67', 'SS27', 'D199', 'DM2');
INSERT INTO dis_relationship_master VALUES ('646SS10', 'C5', 'S67', 'SS10', 'D199', 'DM2');
INSERT INTO dis_relationship_master VALUES ('645SS186', 'C5', 'S67', 'SS186', 'D199', 'DM2');
INSERT INTO dis_relationship_master VALUES ('645SS185', 'C5', 'S67', 'SS185', 'D199', 'DM2');
INSERT INTO dis_relationship_master VALUES ('645SS184', 'C5', 'S67', 'SS184', 'D199', 'DM2');
INSERT INTO dis_relationship_master VALUES ('645SS166', 'C5', 'S67', 'SS166', 'D199', 'DM2');
INSERT INTO dis_relationship_master VALUES ('645SS161', 'C5', 'S67', 'SS161', 'D199', 'DM2');
INSERT INTO dis_relationship_master VALUES ('645SS45', 'C5', 'S67', 'SS45', 'D199', 'DM2');
INSERT INTO dis_relationship_master VALUES ('645SS36', 'C5', 'S67', 'SS36', 'D199', 'DM2');
INSERT INTO dis_relationship_master VALUES ('645SS27', 'C5', 'S67', 'SS27', 'D199', 'DM2');
INSERT INTO dis_relationship_master VALUES ('645SS10', 'C5', 'S67', 'SS10', 'D199', 'DM2');
INSERT INTO dis_relationship_master VALUES ('296SS166', 'C5', 'S60', 'SS166', 'D199', 'DM2');
INSERT INTO dis_relationship_master VALUES ('25SS1', 'C5', 'S98', 'SS1', 'D199', 'DM2');
INSERT INTO diagnoses VALUES ('D200', 'ADENOMA - VILLOUS');
INSERT INTO dis_relationship_master VALUES ('1305SS166', 'C5', 'S76', 'SS166', 'D200', 'DM2');
INSERT INTO dis_relationship_diagnosis_to_diagnosis_modifier VALUES ('D200', 'DM2');
INSERT INTO dis_relationship_master VALUES ('1305SS91', 'C5', 'S76', 'SS91', 'D200', 'DM2');
INSERT INTO dis_relationship_master VALUES ('1305SS85', 'C5', 'S76', 'SS85', 'D200', 'DM2');
INSERT INTO dis_relationship_master VALUES ('1305SS84', 'C5', 'S76', 'SS84', 'D200', 'DM2');
INSERT INTO dis_relationship_master VALUES ('1305SS83', 'C5', 'S76', 'SS83', 'D200', 'DM2');
INSERT INTO dis_relationship_master VALUES ('1305SS48', 'C5', 'S76', 'SS48', 'D200', 'DM2');
INSERT INTO dis_relationship_master VALUES ('1169SS166', 'C5', 'S64', 'SS166', 'D200', 'DM2');
INSERT INTO dis_relationship_master VALUES ('2045', 'C0', 'S0', 'SS0', 'D200', 'DM2');
INSERT INTO dis_relationship_master VALUES ('647SS186', 'C5', 'S67', 'SS186', 'D200', 'DM2');
INSERT INTO dis_relationship_master VALUES ('647SS185', 'C5', 'S67', 'SS185', 'D200', 'DM2');
INSERT INTO dis_relationship_master VALUES ('647SS184', 'C5', 'S67', 'SS184', 'D200', 'DM2');
INSERT INTO dis_relationship_master VALUES ('647SS166', 'C5', 'S67', 'SS166', 'D200', 'DM2');
INSERT INTO dis_relationship_master VALUES ('647SS161', 'C5', 'S67', 'SS161', 'D200', 'DM2');
INSERT INTO dis_relationship_master VALUES ('647SS45', 'C5', 'S67', 'SS45', 'D200', 'DM2');
INSERT INTO dis_relationship_master VALUES ('647SS36', 'C5', 'S67', 'SS36', 'D200', 'DM2');
INSERT INTO dis_relationship_master VALUES ('647SS27', 'C5', 'S67', 'SS27', 'D200', 'DM2');
INSERT INTO dis_relationship_master VALUES ('647SS10', 'C5', 'S67', 'SS10', 'D200', 'DM2');
INSERT INTO dis_relationship_master VALUES ('297SS166', 'C5', 'S60', 'SS166', 'D200', 'DM2');
INSERT INTO dis_relationship_master VALUES ('26SS1', 'C5', 'S98', 'SS1', 'D200', 'DM2');
INSERT INTO diagnoses VALUES ('D201', 'ADENOMA WITH HIGH GRADE DYSPLASIA');
INSERT INTO dis_relationship_master VALUES ('1426SS166', 'C5', 'S100', 'SS166', 'D201', 'DM2');
INSERT INTO dis_relationship_diagnosis_to_diagnosis_modifier VALUES ('D201', 'DM2');
INSERT INTO dis_relationship_master VALUES ('1426SS147', 'C5', 'S100', 'SS147', 'D201', 'DM2');
INSERT INTO dis_relationship_master VALUES ('1426SS145', 'C5', 'S100', 'SS145', 'D201', 'DM2');
INSERT INTO dis_relationship_master VALUES ('1426SS68', 'C5', 'S100', 'SS68', 'D201', 'DM2');
INSERT INTO dis_relationship_master VALUES ('1426SS5', 'C5', 'S100', 'SS5', 'D201', 'DM2');
INSERT INTO dis_relationship_master VALUES ('1426SS24', 'C5', 'S100', 'SS24', 'D201', 'DM2');
INSERT INTO dis_relationship_master VALUES ('1306SS166', 'C5', 'S76', 'SS166', 'D201', 'DM2');
INSERT INTO dis_relationship_master VALUES ('1306SS91', 'C5', 'S76', 'SS91', 'D201', 'DM2');
INSERT INTO dis_relationship_master VALUES ('1306SS85', 'C5', 'S76', 'SS85', 'D201', 'DM2');
INSERT INTO dis_relationship_master VALUES ('1306SS84', 'C5', 'S76', 'SS84', 'D201', 'DM2');
INSERT INTO dis_relationship_master VALUES ('1306SS83', 'C5', 'S76', 'SS83', 'D201', 'DM2');
INSERT INTO dis_relationship_master VALUES ('1306SS48', 'C5', 'S76', 'SS48', 'D201', 'DM2');
INSERT INTO dis_relationship_master VALUES ('1170SS166', 'C5', 'S64', 'SS166', 'D201', 'DM2');
INSERT INTO dis_relationship_master VALUES ('648SS186', 'C5', 'S67', 'SS186', 'D201', 'DM2');
INSERT INTO dis_relationship_master VALUES ('648SS185', 'C5', 'S67', 'SS185', 'D201', 'DM2');
INSERT INTO dis_relationship_master VALUES ('648SS184', 'C5', 'S67', 'SS184', 'D201', 'DM2');
INSERT INTO dis_relationship_master VALUES ('648SS166', 'C5', 'S67', 'SS166', 'D201', 'DM2');
INSERT INTO dis_relationship_master VALUES ('648SS161', 'C5', 'S67', 'SS161', 'D201', 'DM2');
INSERT INTO dis_relationship_master VALUES ('648SS45', 'C5', 'S67', 'SS45', 'D201', 'DM2');
INSERT INTO dis_relationship_master VALUES ('648SS36', 'C5', 'S67', 'SS36', 'D201', 'DM2');
INSERT INTO dis_relationship_master VALUES ('648SS27', 'C5', 'S67', 'SS27', 'D201', 'DM2');
INSERT INTO dis_relationship_master VALUES ('648SS10', 'C5', 'S67', 'SS10', 'D201', 'DM2');
INSERT INTO diagnoses VALUES ('D202', 'ADENOMA WITH LOW GRADE DYSPLASIA');
INSERT INTO dis_relationship_master VALUES ('1427SS166', 'C5', 'S100', 'SS166', 'D202', 'DM2');
INSERT INTO dis_relationship_diagnosis_to_diagnosis_modifier VALUES ('D202', 'DM2');
INSERT INTO dis_relationship_master VALUES ('1427SS147', 'C5', 'S100', 'SS147', 'D202', 'DM2');
INSERT INTO dis_relationship_master VALUES ('1427SS145', 'C5', 'S100', 'SS145', 'D202', 'DM2');
INSERT INTO dis_relationship_master VALUES ('1427SS68', 'C5', 'S100', 'SS68', 'D202', 'DM2');
INSERT INTO dis_relationship_master VALUES ('1427SS5', 'C5', 'S100', 'SS5', 'D202', 'DM2');
INSERT INTO dis_relationship_master VALUES ('1427SS24', 'C5', 'S100', 'SS24', 'D202', 'DM2');
INSERT INTO dis_relationship_master VALUES ('1871', 'C0', 'S0', 'SS0', 'D202', 'DM2');
INSERT INTO diagnoses VALUES ('D203', 'ADENOMATOID TUMOR');
INSERT INTO dis_relationship_master VALUES ('1452SS1', 'C7', 'S42', 'SS1', 'D203', 'DM2');
INSERT INTO dis_relationship_diagnosis_to_diagnosis_modifier VALUES ('D203', 'DM2');
INSERT INTO dis_relationship_master VALUES ('2064', 'C0', 'S0', 'SS0', 'D203', 'DM2');
INSERT INTO diagnoses VALUES ('D204', 'ADENOMYOEPITHELIOMA');
INSERT INTO dis_relationship_master VALUES ('1824', 'C0', 'S0', 'SS0', 'D204', 'DM2');
INSERT INTO dis_relationship_diagnosis_to_diagnosis_modifier VALUES ('D204', 'DM2');
INSERT INTO dis_relationship_master VALUES ('556SS164', 'C1', 'S20', 'SS164', 'D204', 'DM2');
INSERT INTO dis_relationship_master VALUES ('556SS118', 'C1', 'S20', 'SS118', 'D204', 'DM2');
INSERT INTO dis_relationship_master VALUES ('556SS114', 'C1', 'S20', 'SS114', 'D204', 'DM2');
INSERT INTO diagnoses VALUES ('D205', 'ADENOMYOSIS');
INSERT INTO dis_relationship_master VALUES ('1532SS166', 'C7', 'S70', 'SS166', 'D205', 'DM2');
INSERT INTO dis_relationship_diagnosis_to_diagnosis_modifier VALUES ('D205', 'DM2');
INSERT INTO dis_relationship_master VALUES ('1532SS136', 'C7', 'S70', 'SS136', 'D205', 'DM2');
INSERT INTO dis_relationship_master VALUES ('1532SS132', 'C7', 'S70', 'SS132', 'D205', 'DM2');
INSERT INTO dis_relationship_master VALUES ('1532SS115', 'C7', 'S70', 'SS115', 'D205', 'DM2');
INSERT INTO dis_relationship_master VALUES ('1532SS54', 'C7', 'S70', 'SS54', 'D205', 'DM2');
INSERT INTO dis_relationship_master VALUES ('1920', 'C0', 'S0', 'SS0', 'D205', 'DM2');
INSERT INTO diagnoses VALUES ('D206', 'ADENOSARCOMA');
INSERT INTO dis_relationship_master VALUES ('1533SS166', 'C6', 'S70', 'SS166', 'D206', 'DM2');
INSERT INTO dis_relationship_diagnosis_to_diagnosis_modifier VALUES ('D206', 'DM2');
INSERT INTO dis_relationship_master VALUES ('1533SS136', 'C6', 'S70', 'SS136', 'D206', 'DM2');
INSERT INTO dis_relationship_master VALUES ('1533SS132', 'C6', 'S70', 'SS132', 'D206', 'DM2');
INSERT INTO dis_relationship_master VALUES ('1533SS115', 'C6', 'S70', 'SS115', 'D206', 'DM2');
INSERT INTO dis_relationship_master VALUES ('1533SS54', 'C6', 'S70', 'SS54', 'D206', 'DM2');
INSERT INTO dis_relationship_master VALUES ('2073', 'C0', 'S0', 'SS0', 'D206', 'DM2');
INSERT INTO diagnoses VALUES ('D207', 'ADENOSQUAMOUS CARCINOMA');
INSERT INTO dis_relationship_master VALUES ('1534SS166', 'C6', 'S70', 'SS166', 'D207', 'DM2');
INSERT INTO dis_relationship_diagnosis_to_diagnosis_modifier VALUES ('D207', 'DM2');
INSERT INTO dis_relationship_master VALUES ('1534SS136', 'C6', 'S70', 'SS136', 'D207', 'DM2');
INSERT INTO dis_relationship_master VALUES ('1534SS132', 'C6', 'S70', 'SS132', 'D207', 'DM2');
INSERT INTO dis_relationship_master VALUES ('1534SS115', 'C6', 'S70', 'SS115', 'D207', 'DM2');
INSERT INTO dis_relationship_master VALUES ('1534SS54', 'C6', 'S70', 'SS54', 'D207', 'DM2');
INSERT INTO dis_relationship_master VALUES ('1197SS172', 'C6', 'S97', 'SS172', 'D207', 'DM2');
INSERT INTO dis_relationship_master VALUES ('1197SS171', 'C6', 'S97', 'SS171', 'D207', 'DM2');
INSERT INTO dis_relationship_master VALUES ('1197SS170', 'C6', 'S97', 'SS170', 'D207', 'DM2');
INSERT INTO dis_relationship_master VALUES ('1197SS127', 'C6', 'S97', 'SS127', 'D207', 'DM2');
INSERT INTO dis_relationship_master VALUES ('1197SS110', 'C6', 'S97', 'SS110', 'D207', 'DM2');
INSERT INTO dis_relationship_master VALUES ('1149SS183', 'C6', 'S14', 'SS183', 'D207', 'DM2');
INSERT INTO dis_relationship_master VALUES ('1149SS138', 'C6', 'S14', 'SS138', 'D207', 'DM2');
INSERT INTO dis_relationship_master VALUES ('1149SS134', 'C6', 'S14', 'SS134', 'D207', 'DM2');
INSERT INTO dis_relationship_master VALUES ('1765', 'C0', 'S0', 'SS0', 'D207', 'DM2');
INSERT INTO diagnoses VALUES ('D208', 'ADHESIONS');
INSERT INTO dis_relationship_master VALUES ('1001SS137', 'C2', 'S35', 'SS137', 'D208', 'DM2');
INSERT INTO dis_relationship_diagnosis_to_diagnosis_modifier VALUES ('D208', 'DM2');
INSERT INTO dis_relationship_master VALUES ('1001SS52', 'C2', 'S35', 'SS52', 'D208', 'DM2');
INSERT INTO dis_relationship_master VALUES ('1001SS80', 'C2', 'S35', 'SS80', 'D208', 'DM2');
INSERT INTO dis_relationship_master VALUES ('1001SS42', 'C2', 'S35', 'SS42', 'D208', 'DM2');
INSERT INTO dis_relationship_master VALUES ('1001SS41', 'C2', 'S35', 'SS41', 'D208', 'DM2');
INSERT INTO dis_relationship_master VALUES ('2044', 'C0', 'S0', 'SS0', 'D208', 'DM2');
INSERT INTO diagnoses VALUES ('D209', 'ALCOHOLIC ATROPHY');
INSERT INTO dis_relationship_master VALUES ('1453SS1', 'C2', 'S42', 'SS1', 'D209', 'DM2');
INSERT INTO dis_relationship_diagnosis_to_diagnosis_modifier VALUES ('D209', 'DM2');
INSERT INTO dis_relationship_master VALUES ('2139', 'C0', 'S0', 'SS0', 'D209', 'DM2');
INSERT INTO diagnoses VALUES ('D210', 'ALLERGIC INFLAMMATION');
INSERT INTO dis_relationship_master VALUES ('1758', 'C0', 'S0', 'SS0', 'D210', 'DM2');
INSERT INTO dis_relationship_diagnosis_to_diagnosis_modifier VALUES ('D210', 'DM2');
INSERT INTO dis_relationship_master VALUES ('50', 'C2', 'S0', 'SS0', 'D210', 'DM2');
INSERT INTO diagnoses VALUES ('D211', 'AMELOBLASTOMA');
INSERT INTO dis_relationship_master VALUES ('979SS181', 'C1', 'S51', 'SS181', 'D211', 'DM2');
INSERT INTO dis_relationship_diagnosis_to_diagnosis_modifier VALUES ('D211', 'DM2');
INSERT INTO dis_relationship_master VALUES ('979SS167', 'C1', 'S51', 'SS167', 'D211', 'DM2');
INSERT INTO dis_relationship_master VALUES ('979SS139', 'C1', 'S51', 'SS139', 'D211', 'DM2');
INSERT INTO dis_relationship_master VALUES ('979SS121', 'C1', 'S51', 'SS121', 'D211', 'DM2');
INSERT INTO dis_relationship_master VALUES ('979SS100', 'C1', 'S51', 'SS100', 'D211', 'DM2');
INSERT INTO dis_relationship_master VALUES ('979SS75', 'C1', 'S51', 'SS75', 'D211', 'DM2');
INSERT INTO dis_relationship_master VALUES ('979SS72', 'C1', 'S51', 'SS72', 'D211', 'DM2');
INSERT INTO dis_relationship_master VALUES ('979SS55', 'C1', 'S51', 'SS55', 'D211', 'DM2');
INSERT INTO dis_relationship_master VALUES ('960SS1', 'C1', 'S72', 'SS1', 'D211', 'DM2');
INSERT INTO dis_relationship_master VALUES ('1992', 'C0', 'S0', 'SS0', 'D211', 'DM2');
INSERT INTO dis_relationship_master VALUES ('415SS188', 'C1', 'S92', 'SS188', 'D211', 'DM2');
INSERT INTO dis_relationship_master VALUES ('415SS179', 'C1', 'S92', 'SS179', 'D211', 'DM2');
INSERT INTO dis_relationship_master VALUES ('415SS168', 'C1', 'S92', 'SS168', 'D211', 'DM2');
INSERT INTO dis_relationship_master VALUES ('415SS165', 'C1', 'S92', 'SS165', 'D211', 'DM2');
INSERT INTO dis_relationship_master VALUES ('415SS153', 'C1', 'S92', 'SS153', 'D211', 'DM2');
INSERT INTO dis_relationship_master VALUES ('415SS149', 'C1', 'S92', 'SS149', 'D211', 'DM2');
INSERT INTO dis_relationship_master VALUES ('415SS128', 'C1', 'S92', 'SS128', 'D211', 'DM2');
INSERT INTO dis_relationship_master VALUES ('415SS109', 'C1', 'S92', 'SS109', 'D211', 'DM2');
INSERT INTO dis_relationship_master VALUES ('415SS108', 'C1', 'S92', 'SS108', 'D211', 'DM2');
INSERT INTO dis_relationship_master VALUES ('415SS104', 'C1', 'S92', 'SS104', 'D211', 'DM2');
INSERT INTO dis_relationship_master VALUES ('415SS79', 'C1', 'S92', 'SS79', 'D211', 'DM2');
INSERT INTO dis_relationship_master VALUES ('415SS62', 'C1', 'S92', 'SS62', 'D211', 'DM2');
INSERT INTO dis_relationship_master VALUES ('415SS60', 'C1', 'S92', 'SS60', 'D211', 'DM2');
INSERT INTO diagnoses VALUES ('D212', 'ANGIOENDOTHELIOMA');
INSERT INTO dis_relationship_master VALUES ('1567SS173', 'C5', 'S88', 'SS173', 'D212', 'DM2');
INSERT INTO dis_relationship_diagnosis_to_diagnosis_modifier VALUES ('D212', 'DM2');
INSERT INTO dis_relationship_master VALUES ('1567SS150', 'C5', 'S88', 'SS150', 'D212', 'DM2');
INSERT INTO dis_relationship_master VALUES ('1567SS93', 'C5', 'S88', 'SS93', 'D212', 'DM2');
INSERT INTO dis_relationship_master VALUES ('1567SS87', 'C5', 'S88', 'SS87', 'D212', 'DM2');
INSERT INTO dis_relationship_master VALUES ('1567SS58', 'C5', 'S88', 'SS58', 'D212', 'DM2');
INSERT INTO dis_relationship_master VALUES ('2134', 'C0', 'S0', 'SS0', 'D212', 'DM2');
INSERT INTO dis_relationship_master VALUES ('307SS194', 'C5', 'S9', 'SS194', 'D212', 'DM2');
INSERT INTO dis_relationship_master VALUES ('307SS166', 'C5', 'S9', 'SS166', 'D212', 'DM2');
INSERT INTO dis_relationship_master VALUES ('307SS150', 'C5', 'S9', 'SS150', 'D212', 'DM2');
INSERT INTO dis_relationship_master VALUES ('307SS143', 'C5', 'S9', 'SS143', 'D212', 'DM2');
INSERT INTO dis_relationship_master VALUES ('307SS30', 'C5', 'S9', 'SS30', 'D212', 'DM2');
INSERT INTO dis_relationship_master VALUES ('307SS28', 'C5', 'S9', 'SS28', 'D212', 'DM2');
INSERT INTO dis_relationship_master VALUES ('307SS26', 'C5', 'S9', 'SS26', 'D212', 'DM2');
INSERT INTO dis_relationship_master VALUES ('307SS6', 'C5', 'S9', 'SS6', 'D212', 'DM2');
INSERT INTO diagnoses VALUES ('D213', 'ANGIOFIBROMA');
INSERT INTO dis_relationship_master VALUES ('961SS1', 'C7', 'S72', 'SS1', 'D213', 'DM2');
INSERT INTO dis_relationship_diagnosis_to_diagnosis_modifier VALUES ('D213', 'DM2');
INSERT INTO dis_relationship_master VALUES ('1922', 'C0', 'S0', 'SS0', 'D213', 'DM2');
INSERT INTO diagnoses VALUES ('D214', 'ANGIOMYOLIPOMA');
INSERT INTO dis_relationship_master VALUES ('1965', 'C0', 'S0', 'SS0', 'D214', 'DM2');
INSERT INTO dis_relationship_diagnosis_to_diagnosis_modifier VALUES ('D214', 'DM2');
INSERT INTO dis_relationship_master VALUES ('765SS151', 'C7', 'S82', 'SS151', 'D214', 'DM2');
INSERT INTO dis_relationship_master VALUES ('765SS105', 'C7', 'S82', 'SS105', 'D214', 'DM2');
INSERT INTO dis_relationship_master VALUES ('765SS42', 'C7', 'S82', 'SS42', 'D214', 'DM2');
INSERT INTO dis_relationship_master VALUES ('6SS105', 'C7', 'S80', 'SS105', 'D214', 'DM2');
INSERT INTO dis_relationship_master VALUES ('6SS42', 'C7', 'S80', 'SS42', 'D214', 'DM2');
INSERT INTO diagnoses VALUES ('D215', 'ANGIOSARCOMA');
INSERT INTO dis_relationship_master VALUES ('2083', 'C0', 'S0', 'SS0', 'D215', 'DM2');
INSERT INTO dis_relationship_diagnosis_to_diagnosis_modifier VALUES ('D215', 'DM2');
INSERT INTO dis_relationship_master VALUES ('813SS1', 'C6', 'S39', 'SS1', 'D215', 'DM2');
INSERT INTO dis_relationship_master VALUES ('557SS164', 'C6', 'S20', 'SS164', 'D215', 'DM2');
INSERT INTO dis_relationship_master VALUES ('557SS118', 'C6', 'S20', 'SS118', 'D215', 'DM2');
INSERT INTO dis_relationship_master VALUES ('557SS114', 'C6', 'S20', 'SS114', 'D215', 'DM2');
INSERT INTO diagnoses VALUES ('D216', 'APAH');
INSERT INTO dis_relationship_master VALUES ('1569SS173', 'C2', 'S88', 'SS173', 'D216', 'DM2');
INSERT INTO dis_relationship_diagnosis_to_diagnosis_modifier VALUES ('D216', 'DM2');
INSERT INTO dis_relationship_master VALUES ('1569SS150', 'C2', 'S88', 'SS150', 'D216', 'DM2');
INSERT INTO dis_relationship_master VALUES ('1569SS93', 'C2', 'S88', 'SS93', 'D216', 'DM2');
INSERT INTO dis_relationship_master VALUES ('1569SS87', 'C2', 'S88', 'SS87', 'D216', 'DM2');
INSERT INTO dis_relationship_master VALUES ('1569SS58', 'C2', 'S88', 'SS58', 'D216', 'DM2');
INSERT INTO dis_relationship_master VALUES ('2042', 'C0', 'S0', 'SS0', 'D216', 'DM2');
INSERT INTO dis_relationship_master VALUES ('309SS194', 'C2', 'S9', 'SS194', 'D216', 'DM2');
INSERT INTO dis_relationship_master VALUES ('309SS166', 'C2', 'S9', 'SS166', 'D216', 'DM2');
INSERT INTO dis_relationship_master VALUES ('309SS150', 'C2', 'S9', 'SS150', 'D216', 'DM2');
INSERT INTO dis_relationship_master VALUES ('309SS143', 'C2', 'S9', 'SS143', 'D216', 'DM2');
INSERT INTO dis_relationship_master VALUES ('309SS30', 'C2', 'S9', 'SS30', 'D216', 'DM2');
INSERT INTO dis_relationship_master VALUES ('309SS28', 'C2', 'S9', 'SS28', 'D216', 'DM2');
INSERT INTO dis_relationship_master VALUES ('309SS26', 'C2', 'S9', 'SS26', 'D216', 'DM2');
INSERT INTO dis_relationship_master VALUES ('309SS6', 'C2', 'S9', 'SS6', 'D216', 'DM2');
INSERT INTO diagnoses VALUES ('D217', 'APOCRINE TUMOR');
INSERT INTO dis_relationship_master VALUES ('1247SS157', 'C7', 'S1', 'SS157', 'D217', 'DM2');
INSERT INTO dis_relationship_diagnosis_to_diagnosis_modifier VALUES ('D217', 'DM2');
INSERT INTO dis_relationship_master VALUES ('1247SS156', 'C7', 'S1', 'SS156', 'D217', 'DM2');
INSERT INTO dis_relationship_master VALUES ('1247SS98', 'C7', 'S1', 'SS98', 'D217', 'DM2');
INSERT INTO dis_relationship_master VALUES ('1247SS73', 'C7', 'S1', 'SS73', 'D217', 'DM2');
INSERT INTO dis_relationship_master VALUES ('1247SS66', 'C7', 'S1', 'SS66', 'D217', 'DM2');
INSERT INTO dis_relationship_master VALUES ('1247SS65', 'C7', 'S1', 'SS65', 'D217', 'DM2');
INSERT INTO dis_relationship_master VALUES ('1247SS57', 'C7', 'S1', 'SS57', 'D217', 'DM2');
INSERT INTO dis_relationship_master VALUES ('1247SS19', 'C7', 'S1', 'SS19', 'D217', 'DM2');
INSERT INTO dis_relationship_master VALUES ('1247SS8', 'C7', 'S1', 'SS8', 'D217', 'DM2');
INSERT INTO dis_relationship_master VALUES ('1247SS2', 'C7', 'S1', 'SS2', 'D217', 'DM2');
INSERT INTO dis_relationship_master VALUES ('1759', 'C0', 'S0', 'SS0', 'D217', 'DM2');
INSERT INTO dis_relationship_master VALUES ('500SS192', 'C1', 'S31', 'SS192', 'D144', 'DM3');
INSERT INTO dis_relationship_diagnosis_to_diagnosis_modifier VALUES ('D144', 'DM3');
INSERT INTO dis_relationship_master VALUES ('500SS177', 'C1', 'S31', 'SS177', 'D144', 'DM3');
INSERT INTO dis_relationship_master VALUES ('500SS176', 'C1', 'S31', 'SS176', 'D144', 'DM3');
INSERT INTO dis_relationship_master VALUES ('500SS126', 'C1', 'S31', 'SS126', 'D144', 'DM3');
INSERT INTO dis_relationship_master VALUES ('500SS119', 'C1', 'S31', 'SS119', 'D144', 'DM3');
INSERT INTO dis_relationship_master VALUES ('500SS82', 'C1', 'S31', 'SS82', 'D144', 'DM3');
INSERT INTO dis_relationship_master VALUES ('500SS78', 'C1', 'S31', 'SS78', 'D144', 'DM3');
INSERT INTO dis_relationship_master VALUES ('500SS67', 'C1', 'S31', 'SS67', 'D144', 'DM3');
INSERT INTO dis_relationship_master VALUES ('500SS49', 'C1', 'S31', 'SS49', 'D144', 'DM3');
INSERT INTO dis_relationship_master VALUES ('500SS42', 'C1', 'S31', 'SS42', 'D144', 'DM3');
INSERT INTO dis_relationship_master VALUES ('500SS40', 'C1', 'S31', 'SS40', 'D144', 'DM3');
INSERT INTO dis_relationship_master VALUES ('500SS35', 'C1', 'S31', 'SS35', 'D144', 'DM3');
INSERT INTO dis_relationship_master VALUES ('500SS31', 'C1', 'S31', 'SS31', 'D144', 'DM3');
INSERT INTO dis_relationship_master VALUES ('500SS29', 'C1', 'S31', 'SS29', 'D144', 'DM3');
INSERT INTO dis_relationship_master VALUES ('500SS17', 'C1', 'S31', 'SS17', 'D144', 'DM3');
INSERT INTO diagnosis_modifiers VALUES ('DM221', 'DIFFUSE');
INSERT INTO dis_relationship_master VALUES ('501SS192', 'C1', 'S31', 'SS192', 'D144', 'DM221');
INSERT INTO dis_relationship_diagnosis_to_diagnosis_modifier VALUES ('D144', 'DM221');
INSERT INTO dis_relationship_master VALUES ('501SS177', 'C1', 'S31', 'SS177', 'D144', 'DM221');
INSERT INTO dis_relationship_master VALUES ('501SS176', 'C1', 'S31', 'SS176', 'D144', 'DM221');
INSERT INTO dis_relationship_master VALUES ('501SS126', 'C1', 'S31', 'SS126', 'D144', 'DM221');
INSERT INTO dis_relationship_master VALUES ('501SS119', 'C1', 'S31', 'SS119', 'D144', 'DM221');
INSERT INTO dis_relationship_master VALUES ('501SS82', 'C1', 'S31', 'SS82', 'D144', 'DM221');
INSERT INTO dis_relationship_master VALUES ('501SS78', 'C1', 'S31', 'SS78', 'D144', 'DM221');
INSERT INTO dis_relationship_master VALUES ('501SS67', 'C1', 'S31', 'SS67', 'D144', 'DM221');
INSERT INTO dis_relationship_master VALUES ('501SS49', 'C1', 'S31', 'SS49', 'D144', 'DM221');
INSERT INTO dis_relationship_master VALUES ('501SS42', 'C1', 'S31', 'SS42', 'D144', 'DM221');
INSERT INTO dis_relationship_master VALUES ('501SS40', 'C1', 'S31', 'SS40', 'D144', 'DM221');
INSERT INTO dis_relationship_master VALUES ('501SS35', 'C1', 'S31', 'SS35', 'D144', 'DM221');
INSERT INTO dis_relationship_master VALUES ('501SS31', 'C1', 'S31', 'SS31', 'D144', 'DM221');
INSERT INTO dis_relationship_master VALUES ('501SS29', 'C1', 'S31', 'SS29', 'D144', 'DM221');
INSERT INTO dis_relationship_master VALUES ('501SS17', 'C1', 'S31', 'SS17', 'D144', 'DM221');
INSERT INTO diagnoses VALUES ('D218', 'ATRIAL MYXOMA');
INSERT INTO dis_relationship_master VALUES ('1793', 'C0', 'S0', 'SS0', 'D218', 'DM2');
INSERT INTO dis_relationship_diagnosis_to_diagnosis_modifier VALUES ('D218', 'DM2');
INSERT INTO dis_relationship_master VALUES ('747SS193', 'C7', 'S3', 'SS193', 'D218', 'DM2');
INSERT INTO dis_relationship_master VALUES ('747SS192', 'C7', 'S3', 'SS192', 'D218', 'DM2');
INSERT INTO dis_relationship_master VALUES ('747SS191', 'C7', 'S3', 'SS191', 'D218', 'DM2');
INSERT INTO dis_relationship_master VALUES ('747SS187', 'C7', 'S3', 'SS187', 'D218', 'DM2');
INSERT INTO dis_relationship_master VALUES ('747SS162', 'C7', 'S3', 'SS162', 'D218', 'DM2');
INSERT INTO dis_relationship_master VALUES ('747SS144', 'C7', 'S3', 'SS144', 'D218', 'DM2');
INSERT INTO dis_relationship_master VALUES ('747SS111', 'C7', 'S3', 'SS111', 'D218', 'DM2');
INSERT INTO dis_relationship_master VALUES ('747SS34', 'C7', 'S3', 'SS34', 'D218', 'DM2');
INSERT INTO dis_relationship_master VALUES ('747SS25', 'C7', 'S3', 'SS25', 'D218', 'DM2');
INSERT INTO dis_relationship_master VALUES ('747SS15', 'C7', 'S3', 'SS15', 'D218', 'DM2');
INSERT INTO dis_relationship_master VALUES ('747SS12', 'C7', 'S3', 'SS12', 'D218', 'DM2');
INSERT INTO dis_relationship_master VALUES ('747SS11', 'C7', 'S3', 'SS11', 'D218', 'DM2');
INSERT INTO dis_relationship_master VALUES ('747SS7', 'C7', 'S3', 'SS7', 'D218', 'DM2');
INSERT INTO diagnosis_modifiers VALUES ('DM222', 'AGE-RELATED');
INSERT INTO dis_relationship_master VALUES ('53', 'C2', 'S0', 'SS0', 'D145', 'DM222');
INSERT INTO dis_relationship_diagnosis_to_diagnosis_modifier VALUES ('D145', 'DM222');
INSERT INTO diagnoses VALUES ('D219', 'ATYPICAL ADENOMATOUS HYPERPLASIA');
INSERT INTO dis_relationship_master VALUES ('1536SS166', 'C5', 'S70', 'SS166', 'D219', 'DM2');
INSERT INTO dis_relationship_diagnosis_to_diagnosis_modifier VALUES ('D219', 'DM2');
INSERT INTO dis_relationship_master VALUES ('1536SS136', 'C5', 'S70', 'SS136', 'D219', 'DM2');
INSERT INTO dis_relationship_master VALUES ('1536SS132', 'C5', 'S70', 'SS132', 'D219', 'DM2');
INSERT INTO dis_relationship_master VALUES ('1536SS115', 'C5', 'S70', 'SS115', 'D219', 'DM2');
INSERT INTO dis_relationship_master VALUES ('1536SS54', 'C5', 'S70', 'SS54', 'D219', 'DM2');
INSERT INTO dis_relationship_master VALUES ('2092', 'C0', 'S0', 'SS0', 'D219', 'DM2');
INSERT INTO diagnosis_modifiers VALUES ('DM223', 'ADDISONS DISEASE');
INSERT INTO dis_relationship_master VALUES ('8SS105', 'C2', 'S80', 'SS105', 'D146', 'DM223');
INSERT INTO dis_relationship_diagnosis_to_diagnosis_modifier VALUES ('D146', 'DM223');
INSERT INTO dis_relationship_master VALUES ('8SS42', 'C2', 'S80', 'SS42', 'D146', 'DM223');
INSERT INTO diagnosis_modifiers VALUES ('DM224', 'GOODPASTURES DISEASE');
INSERT INTO dis_relationship_master VALUES ('1570SS173', 'C2', 'S88', 'SS173', 'D146', 'DM224');
INSERT INTO dis_relationship_diagnosis_to_diagnosis_modifier VALUES ('D146', 'DM224');
INSERT INTO dis_relationship_master VALUES ('1570SS150', 'C2', 'S88', 'SS150', 'D146', 'DM224');
INSERT INTO dis_relationship_master VALUES ('1570SS93', 'C2', 'S88', 'SS93', 'D146', 'DM224');
INSERT INTO dis_relationship_master VALUES ('1570SS87', 'C2', 'S88', 'SS87', 'D146', 'DM224');
INSERT INTO dis_relationship_master VALUES ('1570SS58', 'C2', 'S88', 'SS58', 'D146', 'DM224');
INSERT INTO dis_relationship_master VALUES ('852SS125', 'C2', 'S94', 'SS125', 'D146', 'DM224');
INSERT INTO dis_relationship_master VALUES ('767SS151', 'C2', 'S82', 'SS151', 'D146', 'DM224');
INSERT INTO dis_relationship_master VALUES ('767SS105', 'C2', 'S82', 'SS105', 'D146', 'DM224');
INSERT INTO dis_relationship_master VALUES ('767SS42', 'C2', 'S82', 'SS42', 'D146', 'DM224');
INSERT INTO dis_relationship_master VALUES ('310SS194', 'C2', 'S9', 'SS194', 'D146', 'DM224');
INSERT INTO dis_relationship_master VALUES ('310SS166', 'C2', 'S9', 'SS166', 'D146', 'DM224');
INSERT INTO dis_relationship_master VALUES ('310SS150', 'C2', 'S9', 'SS150', 'D146', 'DM224');
INSERT INTO dis_relationship_master VALUES ('310SS143', 'C2', 'S9', 'SS143', 'D146', 'DM224');
INSERT INTO dis_relationship_master VALUES ('310SS30', 'C2', 'S9', 'SS30', 'D146', 'DM224');
INSERT INTO dis_relationship_master VALUES ('310SS28', 'C2', 'S9', 'SS28', 'D146', 'DM224');
INSERT INTO dis_relationship_master VALUES ('310SS26', 'C2', 'S9', 'SS26', 'D146', 'DM224');
INSERT INTO dis_relationship_master VALUES ('310SS6', 'C2', 'S9', 'SS6', 'D146', 'DM224');
INSERT INTO diagnosis_modifiers VALUES ('DM225', 'GRAVES DISEASE');
INSERT INTO dis_relationship_master VALUES ('1486SS101', 'C2', 'S73', 'SS101', 'D146', 'DM225');
INSERT INTO dis_relationship_diagnosis_to_diagnosis_modifier VALUES ('D146', 'DM225');
INSERT INTO dis_relationship_master VALUES ('1486SS148', 'C2', 'S73', 'SS148', 'D146', 'DM225');
INSERT INTO dis_relationship_master VALUES ('1486SS90', 'C2', 'S73', 'SS90', 'D146', 'DM225');
INSERT INTO diagnosis_modifiers VALUES ('DM226', 'HASHIMOTOS DISEASE');
INSERT INTO dis_relationship_master VALUES ('1487SS101', 'C2', 'S73', 'SS101', 'D146', 'DM226');
INSERT INTO dis_relationship_diagnosis_to_diagnosis_modifier VALUES ('D146', 'DM226');
INSERT INTO dis_relationship_master VALUES ('1487SS148', 'C2', 'S73', 'SS148', 'D146', 'DM226');
INSERT INTO dis_relationship_master VALUES ('1487SS90', 'C2', 'S73', 'SS90', 'D146', 'DM226');
INSERT INTO diagnosis_modifiers VALUES ('DM227', 'HYPOPARATHYROIDISM');
INSERT INTO dis_relationship_master VALUES ('1107SS1', 'C2', 'S15', 'SS1', 'D146', 'DM227');
INSERT INTO dis_relationship_diagnosis_to_diagnosis_modifier VALUES ('D146', 'DM227');
INSERT INTO diagnosis_modifiers VALUES ('DM228', 'LUPUS - DISCOID');
INSERT INTO dis_relationship_master VALUES ('1248SS157', 'C2', 'S1', 'SS157', 'D146', 'DM228');
INSERT INTO dis_relationship_diagnosis_to_diagnosis_modifier VALUES ('D146', 'DM228');
INSERT INTO dis_relationship_master VALUES ('1248SS156', 'C2', 'S1', 'SS156', 'D146', 'DM228');
INSERT INTO dis_relationship_master VALUES ('1248SS98', 'C2', 'S1', 'SS98', 'D146', 'DM228');
INSERT INTO dis_relationship_master VALUES ('1248SS73', 'C2', 'S1', 'SS73', 'D146', 'DM228');
INSERT INTO dis_relationship_master VALUES ('1248SS66', 'C2', 'S1', 'SS66', 'D146', 'DM228');
INSERT INTO dis_relationship_master VALUES ('1248SS65', 'C2', 'S1', 'SS65', 'D146', 'DM228');
INSERT INTO dis_relationship_master VALUES ('1248SS57', 'C2', 'S1', 'SS57', 'D146', 'DM228');
INSERT INTO dis_relationship_master VALUES ('1248SS19', 'C2', 'S1', 'SS19', 'D146', 'DM228');
INSERT INTO dis_relationship_master VALUES ('1248SS8', 'C2', 'S1', 'SS8', 'D146', 'DM228');
INSERT INTO dis_relationship_master VALUES ('1248SS2', 'C2', 'S1', 'SS2', 'D146', 'DM228');
INSERT INTO diagnosis_modifiers VALUES ('DM229', 'MIXED CONNECTIVE TISSUE');
INSERT INTO dis_relationship_master VALUES ('1445SS160', 'C2', 'S41', 'SS160', 'D146', 'DM229');
INSERT INTO dis_relationship_diagnosis_to_diagnosis_modifier VALUES ('D146', 'DM229');
INSERT INTO dis_relationship_master VALUES ('1445SS94', 'C2', 'S41', 'SS94', 'D146', 'DM229');
INSERT INTO dis_relationship_master VALUES ('1445SS77', 'C2', 'S41', 'SS77', 'D146', 'DM229');
INSERT INTO diagnosis_modifiers VALUES ('DM230', 'MYASTHENIA GRAVIS');
INSERT INTO dis_relationship_master VALUES ('1475SS105', 'C2', 'S85', 'SS105', 'D146', 'DM230');
INSERT INTO dis_relationship_diagnosis_to_diagnosis_modifier VALUES ('D146', 'DM230');
INSERT INTO dis_relationship_master VALUES ('1475SS42', 'C2', 'S85', 'SS42', 'D146', 'DM230');
INSERT INTO diagnosis_modifiers VALUES ('DM231', 'RHEUMATOID');
INSERT INTO dis_relationship_master VALUES ('1571SS173', 'C2', 'S88', 'SS173', 'D146', 'DM231');
INSERT INTO dis_relationship_diagnosis_to_diagnosis_modifier VALUES ('D146', 'DM231');
INSERT INTO dis_relationship_master VALUES ('1571SS150', 'C2', 'S88', 'SS150', 'D146', 'DM231');
INSERT INTO dis_relationship_master VALUES ('1571SS93', 'C2', 'S88', 'SS93', 'D146', 'DM231');
INSERT INTO dis_relationship_master VALUES ('1571SS87', 'C2', 'S88', 'SS87', 'D146', 'DM231');
INSERT INTO dis_relationship_master VALUES ('1571SS58', 'C2', 'S88', 'SS58', 'D146', 'DM231');
INSERT INTO dis_relationship_master VALUES ('1449SS1', 'C2', 'S55', 'SS1', 'D146', 'DM231');
INSERT INTO dis_relationship_master VALUES ('624SS116', 'C2', 'S34', 'SS116', 'D146', 'DM231');
INSERT INTO dis_relationship_master VALUES ('624SS61', 'C2', 'S34', 'SS61', 'D146', 'DM231');
INSERT INTO dis_relationship_master VALUES ('624SS59', 'C2', 'S34', 'SS59', 'D146', 'DM231');
INSERT INTO dis_relationship_master VALUES ('624SS9', 'C2', 'S34', 'SS9', 'D146', 'DM231');
INSERT INTO dis_relationship_master VALUES ('311SS194', 'C2', 'S9', 'SS194', 'D146', 'DM231');
INSERT INTO dis_relationship_master VALUES ('311SS166', 'C2', 'S9', 'SS166', 'D146', 'DM231');
INSERT INTO dis_relationship_master VALUES ('311SS150', 'C2', 'S9', 'SS150', 'D146', 'DM231');
INSERT INTO dis_relationship_master VALUES ('311SS143', 'C2', 'S9', 'SS143', 'D146', 'DM231');
INSERT INTO dis_relationship_master VALUES ('311SS30', 'C2', 'S9', 'SS30', 'D146', 'DM231');
INSERT INTO dis_relationship_master VALUES ('311SS28', 'C2', 'S9', 'SS28', 'D146', 'DM231');
INSERT INTO dis_relationship_master VALUES ('311SS26', 'C2', 'S9', 'SS26', 'D146', 'DM231');
INSERT INTO dis_relationship_master VALUES ('311SS6', 'C2', 'S9', 'SS6', 'D146', 'DM231');
INSERT INTO diagnosis_modifiers VALUES ('DM232', 'RHEUMATOID ARTHRITIS');
INSERT INTO dis_relationship_master VALUES ('54', 'C2', 'S0', 'SS0', 'D146', 'DM232');
INSERT INTO dis_relationship_diagnosis_to_diagnosis_modifier VALUES ('D146', 'DM232');
INSERT INTO diagnosis_modifiers VALUES ('DM233', 'SJGRENS DISEASE');
INSERT INTO dis_relationship_master VALUES ('1201SS172', 'C2', 'S97', 'SS172', 'D146', 'DM233');
INSERT INTO dis_relationship_diagnosis_to_diagnosis_modifier VALUES ('D146', 'DM233');
INSERT INTO dis_relationship_master VALUES ('1201SS171', 'C2', 'S97', 'SS171', 'D146', 'DM233');
INSERT INTO dis_relationship_master VALUES ('1201SS170', 'C2', 'S97', 'SS170', 'D146', 'DM233');
INSERT INTO dis_relationship_master VALUES ('1201SS127', 'C2', 'S97', 'SS127', 'D146', 'DM233');
INSERT INTO dis_relationship_master VALUES ('1201SS110', 'C2', 'S97', 'SS110', 'D146', 'DM233');
INSERT INTO diagnosis_modifiers VALUES ('DM234', 'SYSTEMIC LUPUS ERYTHEMATOUS');
INSERT INTO dis_relationship_master VALUES ('55', 'C2', 'S0', 'SS0', 'D146', 'DM234');
INSERT INTO dis_relationship_diagnosis_to_diagnosis_modifier VALUES ('D146', 'DM234');
INSERT INTO diagnosis_modifiers VALUES ('DM235', 'WEGENERS GRANULOMATOSIS');
INSERT INTO dis_relationship_master VALUES ('1572SS173', 'C2', 'S88', 'SS173', 'D146', 'DM235');
INSERT INTO dis_relationship_diagnosis_to_diagnosis_modifier VALUES ('D146', 'DM235');
INSERT INTO dis_relationship_master VALUES ('1572SS150', 'C2', 'S88', 'SS150', 'D146', 'DM235');
INSERT INTO dis_relationship_master VALUES ('1572SS93', 'C2', 'S88', 'SS93', 'D146', 'DM235');
INSERT INTO dis_relationship_master VALUES ('1572SS87', 'C2', 'S88', 'SS87', 'D146', 'DM235');
INSERT INTO dis_relationship_master VALUES ('1572SS58', 'C2', 'S88', 'SS58', 'D146', 'DM235');
INSERT INTO dis_relationship_master VALUES ('853SS125', 'C2', 'S94', 'SS125', 'D146', 'DM235');
INSERT INTO dis_relationship_master VALUES ('312SS194', 'C2', 'S9', 'SS194', 'D146', 'DM235');
INSERT INTO dis_relationship_master VALUES ('312SS166', 'C2', 'S9', 'SS166', 'D146', 'DM235');
INSERT INTO dis_relationship_master VALUES ('312SS150', 'C2', 'S9', 'SS150', 'D146', 'DM235');
INSERT INTO dis_relationship_master VALUES ('312SS143', 'C2', 'S9', 'SS143', 'D146', 'DM235');
INSERT INTO dis_relationship_master VALUES ('312SS30', 'C2', 'S9', 'SS30', 'D146', 'DM235');
INSERT INTO dis_relationship_master VALUES ('312SS28', 'C2', 'S9', 'SS28', 'D146', 'DM235');
INSERT INTO dis_relationship_master VALUES ('312SS26', 'C2', 'S9', 'SS26', 'D146', 'DM235');
INSERT INTO dis_relationship_master VALUES ('312SS6', 'C2', 'S9', 'SS6', 'D146', 'DM235');
INSERT INTO diagnoses VALUES ('D220', 'AUTOLYSIS');
INSERT INTO dis_relationship_master VALUES ('1966', 'C0', 'S0', 'SS0', 'D220', 'DM2');
INSERT INTO dis_relationship_diagnosis_to_diagnosis_modifier VALUES ('D220', 'DM2');
INSERT INTO dis_relationship_master VALUES ('56', 'C2', 'S0', 'SS0', 'D220', 'DM2');
INSERT INTO diagnoses VALUES ('D221', 'BEHCETS SYNDROME');
INSERT INTO dis_relationship_master VALUES ('1809', 'C0', 'S0', 'SS0', 'D221', 'DM2');
INSERT INTO dis_relationship_diagnosis_to_diagnosis_modifier VALUES ('D221', 'DM2');
INSERT INTO dis_relationship_master VALUES ('57', 'C2', 'S0', 'SS0', 'D221', 'DM2');
INSERT INTO diagnoses VALUES ('D222', 'BENIGN MIXED TUMOR');
INSERT INTO dis_relationship_master VALUES ('1202SS172', 'C7', 'S97', 'SS172', 'D222', 'DM2');
INSERT INTO dis_relationship_diagnosis_to_diagnosis_modifier VALUES ('D222', 'DM2');
INSERT INTO dis_relationship_master VALUES ('1202SS171', 'C7', 'S97', 'SS171', 'D222', 'DM2');
INSERT INTO dis_relationship_master VALUES ('1202SS170', 'C7', 'S97', 'SS170', 'D222', 'DM2');
INSERT INTO dis_relationship_master VALUES ('1202SS127', 'C7', 'S97', 'SS127', 'D222', 'DM2');
INSERT INTO dis_relationship_master VALUES ('1202SS110', 'C7', 'S97', 'SS110', 'D222', 'DM2');
INSERT INTO dis_relationship_master VALUES ('1934', 'C0', 'S0', 'SS0', 'D222', 'DM2');
INSERT INTO diagnosis_modifiers VALUES ('DM236', 'FRACTURE');
INSERT INTO dis_relationship_master VALUES ('418SS188', 'C2', 'S92', 'SS188', 'D147', 'DM236');
INSERT INTO dis_relationship_diagnosis_to_diagnosis_modifier VALUES ('D147', 'DM236');
INSERT INTO dis_relationship_master VALUES ('418SS179', 'C2', 'S92', 'SS179', 'D147', 'DM236');
INSERT INTO dis_relationship_master VALUES ('418SS168', 'C2', 'S92', 'SS168', 'D147', 'DM236');
INSERT INTO dis_relationship_master VALUES ('418SS165', 'C2', 'S92', 'SS165', 'D147', 'DM236');
INSERT INTO dis_relationship_master VALUES ('418SS153', 'C2', 'S92', 'SS153', 'D147', 'DM236');
INSERT INTO dis_relationship_master VALUES ('418SS149', 'C2', 'S92', 'SS149', 'D147', 'DM236');
INSERT INTO dis_relationship_master VALUES ('418SS128', 'C2', 'S92', 'SS128', 'D147', 'DM236');
INSERT INTO dis_relationship_master VALUES ('418SS109', 'C2', 'S92', 'SS109', 'D147', 'DM236');
INSERT INTO dis_relationship_master VALUES ('418SS108', 'C2', 'S92', 'SS108', 'D147', 'DM236');
INSERT INTO dis_relationship_master VALUES ('418SS104', 'C2', 'S92', 'SS104', 'D147', 'DM236');
INSERT INTO dis_relationship_master VALUES ('418SS79', 'C2', 'S92', 'SS79', 'D147', 'DM236');
INSERT INTO dis_relationship_master VALUES ('418SS62', 'C2', 'S92', 'SS62', 'D147', 'DM236');
INSERT INTO dis_relationship_master VALUES ('418SS60', 'C2', 'S92', 'SS60', 'D147', 'DM236');
INSERT INTO diagnosis_modifiers VALUES ('DM237', 'INFARCTION (OSTEONECROSIS)');
INSERT INTO dis_relationship_master VALUES ('419SS188', 'C2', 'S92', 'SS188', 'D147', 'DM237');
INSERT INTO dis_relationship_diagnosis_to_diagnosis_modifier VALUES ('D147', 'DM237');
INSERT INTO dis_relationship_master VALUES ('419SS179', 'C2', 'S92', 'SS179', 'D147', 'DM237');
INSERT INTO dis_relationship_master VALUES ('419SS168', 'C2', 'S92', 'SS168', 'D147', 'DM237');
INSERT INTO dis_relationship_master VALUES ('419SS165', 'C2', 'S92', 'SS165', 'D147', 'DM237');
INSERT INTO dis_relationship_master VALUES ('419SS153', 'C2', 'S92', 'SS153', 'D147', 'DM237');
INSERT INTO dis_relationship_master VALUES ('419SS149', 'C2', 'S92', 'SS149', 'D147', 'DM237');
INSERT INTO dis_relationship_master VALUES ('419SS128', 'C2', 'S92', 'SS128', 'D147', 'DM237');
INSERT INTO dis_relationship_master VALUES ('419SS109', 'C2', 'S92', 'SS109', 'D147', 'DM237');
INSERT INTO dis_relationship_master VALUES ('419SS108', 'C2', 'S92', 'SS108', 'D147', 'DM237');
INSERT INTO dis_relationship_master VALUES ('419SS104', 'C2', 'S92', 'SS104', 'D147', 'DM237');
INSERT INTO dis_relationship_master VALUES ('419SS79', 'C2', 'S92', 'SS79', 'D147', 'DM237');
INSERT INTO dis_relationship_master VALUES ('419SS62', 'C2', 'S92', 'SS62', 'D147', 'DM237');
INSERT INTO dis_relationship_master VALUES ('419SS60', 'C2', 'S92', 'SS60', 'D147', 'DM237');
INSERT INTO diagnosis_modifiers VALUES ('DM238', 'METABOLIC BONE DISEASE');
INSERT INTO dis_relationship_master VALUES ('420SS188', 'C2', 'S92', 'SS188', 'D147', 'DM238');
INSERT INTO dis_relationship_diagnosis_to_diagnosis_modifier VALUES ('D147', 'DM238');
INSERT INTO dis_relationship_master VALUES ('420SS179', 'C2', 'S92', 'SS179', 'D147', 'DM238');
INSERT INTO dis_relationship_master VALUES ('420SS168', 'C2', 'S92', 'SS168', 'D147', 'DM238');
INSERT INTO dis_relationship_master VALUES ('420SS165', 'C2', 'S92', 'SS165', 'D147', 'DM238');
INSERT INTO dis_relationship_master VALUES ('420SS153', 'C2', 'S92', 'SS153', 'D147', 'DM238');
INSERT INTO dis_relationship_master VALUES ('420SS149', 'C2', 'S92', 'SS149', 'D147', 'DM238');
INSERT INTO dis_relationship_master VALUES ('420SS128', 'C2', 'S92', 'SS128', 'D147', 'DM238');
INSERT INTO dis_relationship_master VALUES ('420SS109', 'C2', 'S92', 'SS109', 'D147', 'DM238');
INSERT INTO dis_relationship_master VALUES ('420SS108', 'C2', 'S92', 'SS108', 'D147', 'DM238');
INSERT INTO dis_relationship_master VALUES ('420SS104', 'C2', 'S92', 'SS104', 'D147', 'DM238');
INSERT INTO dis_relationship_master VALUES ('420SS79', 'C2', 'S92', 'SS79', 'D147', 'DM238');
INSERT INTO dis_relationship_master VALUES ('420SS62', 'C2', 'S92', 'SS62', 'D147', 'DM238');
INSERT INTO dis_relationship_master VALUES ('420SS60', 'C2', 'S92', 'SS60', 'D147', 'DM238');
INSERT INTO diagnosis_modifiers VALUES ('DM239', 'OSTEOARTHRITIS');
INSERT INTO dis_relationship_master VALUES ('761SS160', 'C2', 'S90', 'SS160', 'D147', 'DM239');
INSERT INTO dis_relationship_diagnosis_to_diagnosis_modifier VALUES ('D147', 'DM239');
INSERT INTO dis_relationship_master VALUES ('761SS94', 'C2', 'S90', 'SS94', 'D147', 'DM239');
INSERT INTO dis_relationship_master VALUES ('761SS92', 'C2', 'S90', 'SS92', 'D147', 'DM239');
INSERT INTO dis_relationship_master VALUES ('761SS77', 'C2', 'S90', 'SS77', 'D147', 'DM239');
INSERT INTO diagnosis_modifiers VALUES ('DM240', 'OSTEOMALACIA');
INSERT INTO dis_relationship_master VALUES ('421SS188', 'C2', 'S92', 'SS188', 'D147', 'DM240');
INSERT INTO dis_relationship_diagnosis_to_diagnosis_modifier VALUES ('D147', 'DM240');
INSERT INTO dis_relationship_master VALUES ('421SS179', 'C2', 'S92', 'SS179', 'D147', 'DM240');
INSERT INTO dis_relationship_master VALUES ('421SS168', 'C2', 'S92', 'SS168', 'D147', 'DM240');
INSERT INTO dis_relationship_master VALUES ('421SS165', 'C2', 'S92', 'SS165', 'D147', 'DM240');
INSERT INTO dis_relationship_master VALUES ('421SS153', 'C2', 'S92', 'SS153', 'D147', 'DM240');
INSERT INTO dis_relationship_master VALUES ('421SS149', 'C2', 'S92', 'SS149', 'D147', 'DM240');
INSERT INTO dis_relationship_master VALUES ('421SS128', 'C2', 'S92', 'SS128', 'D147', 'DM240');
INSERT INTO dis_relationship_master VALUES ('421SS109', 'C2', 'S92', 'SS109', 'D147', 'DM240');
INSERT INTO dis_relationship_master VALUES ('421SS108', 'C2', 'S92', 'SS108', 'D147', 'DM240');
INSERT INTO dis_relationship_master VALUES ('421SS104', 'C2', 'S92', 'SS104', 'D147', 'DM240');
INSERT INTO dis_relationship_master VALUES ('421SS79', 'C2', 'S92', 'SS79', 'D147', 'DM240');
INSERT INTO dis_relationship_master VALUES ('421SS62', 'C2', 'S92', 'SS62', 'D147', 'DM240');
INSERT INTO dis_relationship_master VALUES ('421SS60', 'C2', 'S92', 'SS60', 'D147', 'DM240');
INSERT INTO diagnosis_modifiers VALUES ('DM241', 'OSTEOPOROSIS');
INSERT INTO dis_relationship_master VALUES ('422SS188', 'C2', 'S92', 'SS188', 'D147', 'DM241');
INSERT INTO dis_relationship_diagnosis_to_diagnosis_modifier VALUES ('D147', 'DM241');
INSERT INTO dis_relationship_master VALUES ('422SS179', 'C2', 'S92', 'SS179', 'D147', 'DM241');
INSERT INTO dis_relationship_master VALUES ('422SS168', 'C2', 'S92', 'SS168', 'D147', 'DM241');
INSERT INTO dis_relationship_master VALUES ('422SS165', 'C2', 'S92', 'SS165', 'D147', 'DM241');
INSERT INTO dis_relationship_master VALUES ('422SS153', 'C2', 'S92', 'SS153', 'D147', 'DM241');
INSERT INTO dis_relationship_master VALUES ('422SS149', 'C2', 'S92', 'SS149', 'D147', 'DM241');
INSERT INTO dis_relationship_master VALUES ('422SS128', 'C2', 'S92', 'SS128', 'D147', 'DM241');
INSERT INTO dis_relationship_master VALUES ('422SS109', 'C2', 'S92', 'SS109', 'D147', 'DM241');
INSERT INTO dis_relationship_master VALUES ('422SS108', 'C2', 'S92', 'SS108', 'D147', 'DM241');
INSERT INTO dis_relationship_master VALUES ('422SS104', 'C2', 'S92', 'SS104', 'D147', 'DM241');
INSERT INTO dis_relationship_master VALUES ('422SS79', 'C2', 'S92', 'SS79', 'D147', 'DM241');
INSERT INTO dis_relationship_master VALUES ('422SS62', 'C2', 'S92', 'SS62', 'D147', 'DM241');
INSERT INTO dis_relationship_master VALUES ('422SS60', 'C2', 'S92', 'SS60', 'D147', 'DM241');
INSERT INTO diagnosis_modifiers VALUES ('DM242', 'ANY DYSPLASTIC/INDETERMINATE SUBTYPE');
INSERT INTO dis_relationship_master VALUES ('1003SS137', 'C1', 'S35', 'SS137', 'D148', 'DM242');
INSERT INTO dis_relationship_diagnosis_to_diagnosis_modifier VALUES ('D148', 'DM242');
INSERT INTO dis_relationship_master VALUES ('1003SS52', 'C1', 'S35', 'SS52', 'D148', 'DM242');
INSERT INTO dis_relationship_master VALUES ('1003SS80', 'C1', 'S35', 'SS80', 'D148', 'DM242');
INSERT INTO dis_relationship_master VALUES ('1003SS42', 'C1', 'S35', 'SS42', 'D148', 'DM242');
INSERT INTO dis_relationship_master VALUES ('1003SS41', 'C1', 'S35', 'SS41', 'D148', 'DM242');
INSERT INTO dis_relationship_master VALUES ('1004SS137', 'C1', 'S35', 'SS137', 'D148', 'DM9');
INSERT INTO dis_relationship_diagnosis_to_diagnosis_modifier VALUES ('D148', 'DM9');
INSERT INTO dis_relationship_master VALUES ('1004SS52', 'C1', 'S35', 'SS52', 'D148', 'DM9');
INSERT INTO dis_relationship_master VALUES ('1004SS80', 'C1', 'S35', 'SS80', 'D148', 'DM9');
INSERT INTO dis_relationship_master VALUES ('1004SS42', 'C1', 'S35', 'SS42', 'D148', 'DM9');
INSERT INTO dis_relationship_master VALUES ('1004SS41', 'C1', 'S35', 'SS41', 'D148', 'DM9');
INSERT INTO diagnosis_modifiers VALUES ('DM243', 'ENDOMETRIOID');
INSERT INTO dis_relationship_master VALUES ('1005SS137', 'C1', 'S35', 'SS137', 'D148', 'DM243');
INSERT INTO dis_relationship_diagnosis_to_diagnosis_modifier VALUES ('D148', 'DM243');
INSERT INTO dis_relationship_master VALUES ('1005SS52', 'C1', 'S35', 'SS52', 'D148', 'DM243');
INSERT INTO dis_relationship_master VALUES ('1005SS80', 'C1', 'S35', 'SS80', 'D148', 'DM243');
INSERT INTO dis_relationship_master VALUES ('1005SS42', 'C1', 'S35', 'SS42', 'D148', 'DM243');
INSERT INTO dis_relationship_master VALUES ('1005SS41', 'C1', 'S35', 'SS41', 'D148', 'DM243');
INSERT INTO diagnosis_modifiers VALUES ('DM244', 'MIXED EPITHELIAL');
INSERT INTO dis_relationship_master VALUES ('1006SS137', 'C1', 'S35', 'SS137', 'D148', 'DM244');
INSERT INTO dis_relationship_diagnosis_to_diagnosis_modifier VALUES ('D148', 'DM244');
INSERT INTO dis_relationship_master VALUES ('1006SS52', 'C1', 'S35', 'SS52', 'D148', 'DM244');
INSERT INTO dis_relationship_master VALUES ('1006SS80', 'C1', 'S35', 'SS80', 'D148', 'DM244');
INSERT INTO dis_relationship_master VALUES ('1006SS42', 'C1', 'S35', 'SS42', 'D148', 'DM244');
INSERT INTO dis_relationship_master VALUES ('1006SS41', 'C1', 'S35', 'SS41', 'D148', 'DM244');
INSERT INTO diagnosis_modifiers VALUES ('DM245', 'MUCINOUS');
INSERT INTO dis_relationship_master VALUES ('1007SS137', 'C1', 'S35', 'SS137', 'D148', 'DM245');
INSERT INTO dis_relationship_diagnosis_to_diagnosis_modifier VALUES ('D148', 'DM245');
INSERT INTO dis_relationship_master VALUES ('1007SS52', 'C1', 'S35', 'SS52', 'D148', 'DM245');
INSERT INTO dis_relationship_master VALUES ('1007SS80', 'C1', 'S35', 'SS80', 'D148', 'DM245');
INSERT INTO dis_relationship_master VALUES ('1007SS42', 'C1', 'S35', 'SS42', 'D148', 'DM245');
INSERT INTO dis_relationship_master VALUES ('1007SS41', 'C1', 'S35', 'SS41', 'D148', 'DM245');
INSERT INTO diagnosis_modifiers VALUES ('DM246', 'SEROUS');
INSERT INTO dis_relationship_master VALUES ('1008SS137', 'C1', 'S35', 'SS137', 'D148', 'DM246');
INSERT INTO dis_relationship_diagnosis_to_diagnosis_modifier VALUES ('D148', 'DM246');
INSERT INTO dis_relationship_master VALUES ('1008SS52', 'C1', 'S35', 'SS52', 'D148', 'DM246');
INSERT INTO dis_relationship_master VALUES ('1008SS80', 'C1', 'S35', 'SS80', 'D148', 'DM246');
INSERT INTO dis_relationship_master VALUES ('1008SS42', 'C1', 'S35', 'SS42', 'D148', 'DM246');
INSERT INTO dis_relationship_master VALUES ('1008SS41', 'C1', 'S35', 'SS41', 'D148', 'DM246');
INSERT INTO diagnosis_modifiers VALUES ('DM247', 'TRANSITIONAL (PROLIFERATING BRENNER TUMOR)');
INSERT INTO dis_relationship_master VALUES ('1009SS137', 'C1', 'S35', 'SS137', 'D148', 'DM247');
INSERT INTO dis_relationship_diagnosis_to_diagnosis_modifier VALUES ('D148', 'DM247');
INSERT INTO dis_relationship_master VALUES ('1009SS52', 'C1', 'S35', 'SS52', 'D148', 'DM247');
INSERT INTO dis_relationship_master VALUES ('1009SS80', 'C1', 'S35', 'SS80', 'D148', 'DM247');
INSERT INTO dis_relationship_master VALUES ('1009SS42', 'C1', 'S35', 'SS42', 'D148', 'DM247');
INSERT INTO dis_relationship_master VALUES ('1009SS41', 'C1', 'S35', 'SS41', 'D148', 'DM247');
INSERT INTO dis_relationship_master VALUES ('1011SS137', 'C6', 'S35', 'SS137', 'D149', 'DM9');
INSERT INTO dis_relationship_diagnosis_to_diagnosis_modifier VALUES ('D149', 'DM9');
INSERT INTO dis_relationship_master VALUES ('1011SS52', 'C6', 'S35', 'SS52', 'D149', 'DM9');
INSERT INTO dis_relationship_master VALUES ('1011SS80', 'C6', 'S35', 'SS80', 'D149', 'DM9');
INSERT INTO dis_relationship_master VALUES ('1011SS42', 'C6', 'S35', 'SS42', 'D149', 'DM9');
INSERT INTO dis_relationship_master VALUES ('1011SS41', 'C6', 'S35', 'SS41', 'D149', 'DM9');
INSERT INTO dis_relationship_master VALUES ('1010SS137', 'C6', 'S35', 'SS137', 'D149', 'DM9');
INSERT INTO dis_relationship_master VALUES ('1010SS52', 'C6', 'S35', 'SS52', 'D149', 'DM9');
INSERT INTO dis_relationship_master VALUES ('1010SS80', 'C6', 'S35', 'SS80', 'D149', 'DM9');
INSERT INTO dis_relationship_master VALUES ('1010SS42', 'C6', 'S35', 'SS42', 'D149', 'DM9');
INSERT INTO dis_relationship_master VALUES ('1010SS41', 'C6', 'S35', 'SS41', 'D149', 'DM9');
INSERT INTO dis_relationship_master VALUES ('1013SS137', 'C6', 'S35', 'SS137', 'D149', 'DM243');
INSERT INTO dis_relationship_diagnosis_to_diagnosis_modifier VALUES ('D149', 'DM243');
INSERT INTO dis_relationship_master VALUES ('1013SS52', 'C6', 'S35', 'SS52', 'D149', 'DM243');
INSERT INTO dis_relationship_master VALUES ('1013SS80', 'C6', 'S35', 'SS80', 'D149', 'DM243');
INSERT INTO dis_relationship_master VALUES ('1013SS42', 'C6', 'S35', 'SS42', 'D149', 'DM243');
INSERT INTO dis_relationship_master VALUES ('1013SS41', 'C6', 'S35', 'SS41', 'D149', 'DM243');
INSERT INTO dis_relationship_master VALUES ('1012SS137', 'C6', 'S35', 'SS137', 'D149', 'DM243');
INSERT INTO dis_relationship_master VALUES ('1012SS52', 'C6', 'S35', 'SS52', 'D149', 'DM243');
INSERT INTO dis_relationship_master VALUES ('1012SS80', 'C6', 'S35', 'SS80', 'D149', 'DM243');
INSERT INTO dis_relationship_master VALUES ('1012SS42', 'C6', 'S35', 'SS42', 'D149', 'DM243');
INSERT INTO dis_relationship_master VALUES ('1012SS41', 'C6', 'S35', 'SS41', 'D149', 'DM243');
INSERT INTO dis_relationship_master VALUES ('1014SS137', 'C6', 'S35', 'SS137', 'D149', 'DM244');
INSERT INTO dis_relationship_diagnosis_to_diagnosis_modifier VALUES ('D149', 'DM244');
INSERT INTO dis_relationship_master VALUES ('1014SS52', 'C6', 'S35', 'SS52', 'D149', 'DM244');
INSERT INTO dis_relationship_master VALUES ('1014SS80', 'C6', 'S35', 'SS80', 'D149', 'DM244');
INSERT INTO dis_relationship_master VALUES ('1014SS42', 'C6', 'S35', 'SS42', 'D149', 'DM244');
INSERT INTO dis_relationship_master VALUES ('1014SS41', 'C6', 'S35', 'SS41', 'D149', 'DM244');
INSERT INTO dis_relationship_master VALUES ('1015SS137', 'C6', 'S35', 'SS137', 'D149', 'DM244');
INSERT INTO dis_relationship_master VALUES ('1015SS52', 'C6', 'S35', 'SS52', 'D149', 'DM244');
INSERT INTO dis_relationship_master VALUES ('1015SS80', 'C6', 'S35', 'SS80', 'D149', 'DM244');
INSERT INTO dis_relationship_master VALUES ('1015SS42', 'C6', 'S35', 'SS42', 'D149', 'DM244');
INSERT INTO dis_relationship_master VALUES ('1015SS41', 'C6', 'S35', 'SS41', 'D149', 'DM244');
INSERT INTO dis_relationship_master VALUES ('1017SS137', 'C6', 'S35', 'SS137', 'D149', 'DM245');
INSERT INTO dis_relationship_diagnosis_to_diagnosis_modifier VALUES ('D149', 'DM245');
INSERT INTO dis_relationship_master VALUES ('1017SS52', 'C6', 'S35', 'SS52', 'D149', 'DM245');
INSERT INTO dis_relationship_master VALUES ('1017SS80', 'C6', 'S35', 'SS80', 'D149', 'DM245');
INSERT INTO dis_relationship_master VALUES ('1017SS42', 'C6', 'S35', 'SS42', 'D149', 'DM245');
INSERT INTO dis_relationship_master VALUES ('1017SS41', 'C6', 'S35', 'SS41', 'D149', 'DM245');
INSERT INTO dis_relationship_master VALUES ('1016SS137', 'C6', 'S35', 'SS137', 'D149', 'DM245');
INSERT INTO dis_relationship_master VALUES ('1016SS52', 'C6', 'S35', 'SS52', 'D149', 'DM245');
INSERT INTO dis_relationship_master VALUES ('1016SS80', 'C6', 'S35', 'SS80', 'D149', 'DM245');
INSERT INTO dis_relationship_master VALUES ('1016SS42', 'C6', 'S35', 'SS42', 'D149', 'DM245');
INSERT INTO dis_relationship_master VALUES ('1016SS41', 'C6', 'S35', 'SS41', 'D149', 'DM245');
INSERT INTO dis_relationship_master VALUES ('1019SS137', 'C6', 'S35', 'SS137', 'D149', 'DM246');
INSERT INTO dis_relationship_diagnosis_to_diagnosis_modifier VALUES ('D149', 'DM246');
INSERT INTO dis_relationship_master VALUES ('1019SS52', 'C6', 'S35', 'SS52', 'D149', 'DM246');
INSERT INTO dis_relationship_master VALUES ('1019SS80', 'C6', 'S35', 'SS80', 'D149', 'DM246');
INSERT INTO dis_relationship_master VALUES ('1019SS42', 'C6', 'S35', 'SS42', 'D149', 'DM246');
INSERT INTO dis_relationship_master VALUES ('1019SS41', 'C6', 'S35', 'SS41', 'D149', 'DM246');
INSERT INTO dis_relationship_master VALUES ('1018SS137', 'C6', 'S35', 'SS137', 'D149', 'DM246');
INSERT INTO dis_relationship_master VALUES ('1018SS52', 'C6', 'S35', 'SS52', 'D149', 'DM246');
INSERT INTO dis_relationship_master VALUES ('1018SS80', 'C6', 'S35', 'SS80', 'D149', 'DM246');
INSERT INTO dis_relationship_master VALUES ('1018SS42', 'C6', 'S35', 'SS42', 'D149', 'DM246');
INSERT INTO dis_relationship_master VALUES ('1018SS41', 'C6', 'S35', 'SS41', 'D149', 'DM246');
INSERT INTO diagnoses VALUES ('D223', 'BOWENS DISEASE');
INSERT INTO dis_relationship_master VALUES ('1558SS81', 'C5', 'S95', 'SS81', 'D223', 'DM2');
INSERT INTO dis_relationship_diagnosis_to_diagnosis_modifier VALUES ('D223', 'DM2');
INSERT INTO dis_relationship_master VALUES ('1249SS157', 'C5', 'S1', 'SS157', 'D223', 'DM2');
INSERT INTO dis_relationship_master VALUES ('1249SS156', 'C5', 'S1', 'SS156', 'D223', 'DM2');
INSERT INTO dis_relationship_master VALUES ('1249SS98', 'C5', 'S1', 'SS98', 'D223', 'DM2');
INSERT INTO dis_relationship_master VALUES ('1249SS73', 'C5', 'S1', 'SS73', 'D223', 'DM2');
INSERT INTO dis_relationship_master VALUES ('1249SS66', 'C5', 'S1', 'SS66', 'D223', 'DM2');
INSERT INTO dis_relationship_master VALUES ('1249SS65', 'C5', 'S1', 'SS65', 'D223', 'DM2');
INSERT INTO dis_relationship_master VALUES ('1249SS57', 'C5', 'S1', 'SS57', 'D223', 'DM2');
INSERT INTO dis_relationship_master VALUES ('1249SS19', 'C5', 'S1', 'SS19', 'D223', 'DM2');
INSERT INTO dis_relationship_master VALUES ('1249SS8', 'C5', 'S1', 'SS8', 'D223', 'DM2');
INSERT INTO dis_relationship_master VALUES ('1249SS2', 'C5', 'S1', 'SS2', 'D223', 'DM2');
INSERT INTO dis_relationship_master VALUES ('2129', 'C0', 'S0', 'SS0', 'D223', 'DM2');
INSERT INTO diagnoses VALUES ('D224', 'BRENNER TUMOR');
INSERT INTO dis_relationship_master VALUES ('1020SS137', 'C7', 'S35', 'SS137', 'D224', 'DM2');
INSERT INTO dis_relationship_diagnosis_to_diagnosis_modifier VALUES ('D224', 'DM2');
INSERT INTO dis_relationship_master VALUES ('1020SS52', 'C7', 'S35', 'SS52', 'D224', 'DM2');
INSERT INTO dis_relationship_master VALUES ('1020SS80', 'C7', 'S35', 'SS80', 'D224', 'DM2');
INSERT INTO dis_relationship_master VALUES ('1020SS42', 'C7', 'S35', 'SS42', 'D224', 'DM2');
INSERT INTO dis_relationship_master VALUES ('1020SS41', 'C7', 'S35', 'SS41', 'D224', 'DM2');
INSERT INTO dis_relationship_master VALUES ('1928', 'C0', 'S0', 'SS0', 'D224', 'DM2');
INSERT INTO diagnoses VALUES ('D225', 'BRONCHIOLOALVEOLAR CARCINOMA NON-INVASIVE');
INSERT INTO dis_relationship_master VALUES ('1948', 'C0', 'S0', 'SS0', 'D225', 'DM2');
INSERT INTO dis_relationship_diagnosis_to_diagnosis_modifier VALUES ('D225', 'DM2');
INSERT INTO dis_relationship_master VALUES ('854SS125', 'C1', 'S94', 'SS125', 'D225', 'DM2');
INSERT INTO dis_relationship_master VALUES ('1494SS101', 'C5', 'S73', 'SS101', 'D150', 'DM73');
INSERT INTO dis_relationship_diagnosis_to_diagnosis_modifier VALUES ('D150', 'DM73');
INSERT INTO dis_relationship_master VALUES ('1494SS148', 'C5', 'S73', 'SS148', 'D150', 'DM73');
INSERT INTO dis_relationship_master VALUES ('1494SS90', 'C5', 'S73', 'SS90', 'D150', 'DM73');
INSERT INTO dis_relationship_master VALUES ('1495SS101', 'C5', 'S73', 'SS101', 'D150', 'DM74');
INSERT INTO dis_relationship_diagnosis_to_diagnosis_modifier VALUES ('D150', 'DM74');
INSERT INTO dis_relationship_master VALUES ('1495SS148', 'C5', 'S73', 'SS148', 'D150', 'DM74');
INSERT INTO dis_relationship_master VALUES ('1495SS90', 'C5', 'S73', 'SS90', 'D150', 'DM74');
INSERT INTO diagnoses VALUES ('D226', 'CARCINOID');
INSERT INTO dis_relationship_master VALUES ('1021SS137', 'C6', 'S35', 'SS137', 'D226', 'DM2');
INSERT INTO dis_relationship_diagnosis_to_diagnosis_modifier VALUES ('D226', 'DM2');
INSERT INTO dis_relationship_master VALUES ('1021SS52', 'C6', 'S35', 'SS52', 'D226', 'DM2');
INSERT INTO dis_relationship_master VALUES ('1021SS80', 'C6', 'S35', 'SS80', 'D226', 'DM2');
INSERT INTO dis_relationship_master VALUES ('1021SS42', 'C6', 'S35', 'SS42', 'D226', 'DM2');
INSERT INTO dis_relationship_master VALUES ('1021SS41', 'C6', 'S35', 'SS41', 'D226', 'DM2');
INSERT INTO dis_relationship_master VALUES ('2051', 'C0', 'S0', 'SS0', 'D226', 'DM2');
INSERT INTO diagnoses VALUES ('D227', 'CARCINOID TUMOR');
INSERT INTO dis_relationship_master VALUES ('1630SS125', 'C1', 'S94', 'SS125', 'D227', 'DM2');
INSERT INTO dis_relationship_diagnosis_to_diagnosis_modifier VALUES ('D227', 'DM2');
INSERT INTO dis_relationship_master VALUES ('1628SS89', 'C1', 'S63', 'SS89', 'D227', 'DM2');
INSERT INTO dis_relationship_master VALUES ('1616SS175', 'C1', 'S24', 'SS175', 'D227', 'DM2');
INSERT INTO dis_relationship_master VALUES ('1616SS123', 'C1', 'S24', 'SS123', 'D227', 'DM2');
INSERT INTO dis_relationship_master VALUES ('1615SS166', 'C1', 'S64', 'SS166', 'D227', 'DM2');
INSERT INTO dis_relationship_master VALUES ('1614SS166', 'C1', 'S76', 'SS166', 'D227', 'DM2');
INSERT INTO dis_relationship_master VALUES ('1614SS91', 'C1', 'S76', 'SS91', 'D227', 'DM2');
INSERT INTO dis_relationship_master VALUES ('1614SS85', 'C1', 'S76', 'SS85', 'D227', 'DM2');
INSERT INTO dis_relationship_master VALUES ('1614SS84', 'C1', 'S76', 'SS84', 'D227', 'DM2');
INSERT INTO dis_relationship_master VALUES ('1614SS83', 'C1', 'S76', 'SS83', 'D227', 'DM2');
INSERT INTO dis_relationship_master VALUES ('1614SS48', 'C1', 'S76', 'SS48', 'D227', 'DM2');
INSERT INTO dis_relationship_master VALUES ('1607SS166', 'C1', 'S60', 'SS166', 'D227', 'DM2');
INSERT INTO dis_relationship_master VALUES ('1622SS105', 'C1', 'S85', 'SS105', 'D227', 'DM2');
INSERT INTO dis_relationship_master VALUES ('1622SS42', 'C1', 'S85', 'SS42', 'D227', 'DM2');
INSERT INTO dis_relationship_master VALUES ('1755', 'C0', 'S0', 'SS0', 'D227', 'DM2');
INSERT INTO dis_relationship_master VALUES ('650SS186', 'C1', 'S67', 'SS186', 'D227', 'DM2');
INSERT INTO dis_relationship_master VALUES ('650SS185', 'C1', 'S67', 'SS185', 'D227', 'DM2');
INSERT INTO dis_relationship_master VALUES ('650SS184', 'C1', 'S67', 'SS184', 'D227', 'DM2');
INSERT INTO dis_relationship_master VALUES ('650SS166', 'C1', 'S67', 'SS166', 'D227', 'DM2');
INSERT INTO dis_relationship_master VALUES ('650SS161', 'C1', 'S67', 'SS161', 'D227', 'DM2');
INSERT INTO dis_relationship_master VALUES ('650SS45', 'C1', 'S67', 'SS45', 'D227', 'DM2');
INSERT INTO dis_relationship_master VALUES ('650SS36', 'C1', 'S67', 'SS36', 'D227', 'DM2');
INSERT INTO dis_relationship_master VALUES ('650SS27', 'C1', 'S67', 'SS27', 'D227', 'DM2');
INSERT INTO dis_relationship_master VALUES ('650SS10', 'C1', 'S67', 'SS10', 'D227', 'DM2');
INSERT INTO dis_relationship_master VALUES ('1476SS105', 'C1', 'S85', 'SS105', 'D227', 'DM8');
INSERT INTO dis_relationship_diagnosis_to_diagnosis_modifier VALUES ('D227', 'DM8');
INSERT INTO dis_relationship_master VALUES ('1476SS42', 'C1', 'S85', 'SS42', 'D227', 'DM8');
INSERT INTO dis_relationship_master VALUES ('1172SS166', 'C1', 'S64', 'SS166', 'D227', 'DM8');
INSERT INTO dis_relationship_master VALUES ('1065SS175', 'C1', 'S24', 'SS175', 'D227', 'DM8');
INSERT INTO dis_relationship_master VALUES ('1065SS123', 'C1', 'S24', 'SS123', 'D227', 'DM8');
INSERT INTO dis_relationship_master VALUES ('1308SS166', 'C1', 'S76', 'SS166', 'D227', 'DM8');
INSERT INTO dis_relationship_master VALUES ('1308SS91', 'C1', 'S76', 'SS91', 'D227', 'DM8');
INSERT INTO dis_relationship_master VALUES ('1308SS85', 'C1', 'S76', 'SS85', 'D227', 'DM8');
INSERT INTO dis_relationship_master VALUES ('1308SS84', 'C1', 'S76', 'SS84', 'D227', 'DM8');
INSERT INTO dis_relationship_master VALUES ('1308SS83', 'C1', 'S76', 'SS83', 'D227', 'DM8');
INSERT INTO dis_relationship_master VALUES ('1308SS48', 'C1', 'S76', 'SS48', 'D227', 'DM8');
INSERT INTO dis_relationship_master VALUES ('855SS125', 'C1', 'S94', 'SS125', 'D227', 'DM8');
INSERT INTO dis_relationship_master VALUES ('613SS89', 'C1', 'S63', 'SS89', 'D227', 'DM8');
INSERT INTO dis_relationship_master VALUES ('299SS166', 'C1', 'S60', 'SS166', 'D227', 'DM8');
INSERT INTO dis_relationship_master VALUES ('1132SS1', 'C6', 'S49', 'SS1', 'D191', 'DM2');
INSERT INTO dis_relationship_diagnosis_to_diagnosis_modifier VALUES ('D191', 'DM2');
INSERT INTO dis_relationship_master VALUES ('1108SS1', 'C6', 'S15', 'SS1', 'D191', 'DM2');
INSERT INTO dis_relationship_master VALUES ('2284SS53', 'C6', 'S62', 'SS53', 'D191', 'DM2');
INSERT INTO dis_relationship_master VALUES ('2284SS51', 'C6', 'S62', 'SS51', 'D191', 'DM2');
INSERT INTO dis_relationship_master VALUES ('2284SS50', 'C6', 'S62', 'SS50', 'D191', 'DM2');
INSERT INTO dis_relationship_master VALUES ('2283SS1', 'C6', 'S98', 'SS1', 'D191', 'DM2');
INSERT INTO dis_relationship_master VALUES ('2279SS175', 'C6', 'S24', 'SS175', 'D191', 'DM2');
INSERT INTO dis_relationship_master VALUES ('2279SS123', 'C6', 'S24', 'SS123', 'D191', 'DM2');
INSERT INTO dis_relationship_master VALUES ('2277SS186', 'C6', 'S67', 'SS186', 'D191', 'DM2');
INSERT INTO dis_relationship_master VALUES ('2277SS185', 'C6', 'S67', 'SS185', 'D191', 'DM2');
INSERT INTO dis_relationship_master VALUES ('2277SS184', 'C6', 'S67', 'SS184', 'D191', 'DM2');
INSERT INTO dis_relationship_master VALUES ('2277SS166', 'C6', 'S67', 'SS166', 'D191', 'DM2');
INSERT INTO dis_relationship_master VALUES ('2277SS161', 'C6', 'S67', 'SS161', 'D191', 'DM2');
INSERT INTO dis_relationship_master VALUES ('2277SS45', 'C6', 'S67', 'SS45', 'D191', 'DM2');
INSERT INTO dis_relationship_master VALUES ('2277SS36', 'C6', 'S67', 'SS36', 'D191', 'DM2');
INSERT INTO dis_relationship_master VALUES ('2277SS27', 'C6', 'S67', 'SS27', 'D191', 'DM2');
INSERT INTO dis_relationship_master VALUES ('2277SS10', 'C6', 'S67', 'SS10', 'D191', 'DM2');
INSERT INTO anatomic_sites VALUES ('S93', 'FALLOPIAN TUBE');
INSERT INTO subsites VALUES ('SS63', 'FIMBRIATED END');
INSERT INTO dis_relationship_master VALUES ('2276SS63', 'C6', 'S93', 'SS63', 'D191', 'DM2');
INSERT INTO dis_relationship_site_to_subsite VALUES ('S93', 'SS63');
INSERT INTO dis_relationship_master VALUES ('2272SS1', 'C6', 'S72', 'SS1', 'D191', 'DM2');
INSERT INTO dis_relationship_master VALUES ('2271SS166', 'C6', 'S100', 'SS166', 'D191', 'DM2');
INSERT INTO dis_relationship_master VALUES ('2271SS147', 'C6', 'S100', 'SS147', 'D191', 'DM2');
INSERT INTO dis_relationship_master VALUES ('2271SS145', 'C6', 'S100', 'SS145', 'D191', 'DM2');
INSERT INTO dis_relationship_master VALUES ('2271SS68', 'C6', 'S100', 'SS68', 'D191', 'DM2');
INSERT INTO dis_relationship_master VALUES ('2271SS5', 'C6', 'S100', 'SS5', 'D191', 'DM2');
INSERT INTO dis_relationship_master VALUES ('2271SS24', 'C6', 'S100', 'SS24', 'D191', 'DM2');
INSERT INTO dis_relationship_master VALUES ('2269SS166', 'C6', 'S60', 'SS166', 'D191', 'DM2');
INSERT INTO dis_relationship_master VALUES ('2259SS166', 'C6', 'S64', 'SS166', 'D191', 'DM2');
INSERT INTO dis_relationship_master VALUES ('2257SS81', 'C6', 'S95', 'SS81', 'D191', 'DM2');
INSERT INTO dis_relationship_master VALUES ('2250SS166', 'C6', 'S76', 'SS166', 'D191', 'DM2');
INSERT INTO dis_relationship_master VALUES ('2250SS91', 'C6', 'S76', 'SS91', 'D191', 'DM2');
INSERT INTO dis_relationship_master VALUES ('2250SS85', 'C6', 'S76', 'SS85', 'D191', 'DM2');
INSERT INTO dis_relationship_master VALUES ('2250SS84', 'C6', 'S76', 'SS84', 'D191', 'DM2');
INSERT INTO dis_relationship_master VALUES ('2250SS83', 'C6', 'S76', 'SS83', 'D191', 'DM2');
INSERT INTO dis_relationship_master VALUES ('2250SS48', 'C6', 'S76', 'SS48', 'D191', 'DM2');
INSERT INTO dis_relationship_master VALUES ('2244SS1', 'C6', 'S7', 'SS1', 'D191', 'DM2');
INSERT INTO dis_relationship_master VALUES ('2244SS71', 'C6', 'S7', 'SS71', 'D191', 'DM2');
INSERT INTO dis_relationship_master VALUES ('2244SS56', 'C6', 'S7', 'SS56', 'D191', 'DM2');
INSERT INTO dis_relationship_master VALUES ('2243SS172', 'C6', 'S97', 'SS172', 'D191', 'DM2');
INSERT INTO dis_relationship_master VALUES ('2243SS171', 'C6', 'S97', 'SS171', 'D191', 'DM2');
INSERT INTO dis_relationship_master VALUES ('2243SS170', 'C6', 'S97', 'SS170', 'D191', 'DM2');
INSERT INTO dis_relationship_master VALUES ('2243SS127', 'C6', 'S97', 'SS127', 'D191', 'DM2');
INSERT INTO dis_relationship_master VALUES ('2243SS110', 'C6', 'S97', 'SS110', 'D191', 'DM2');
INSERT INTO dis_relationship_master VALUES ('2242SS166', 'C6', 'S26', 'SS166', 'D191', 'DM2');
INSERT INTO dis_relationship_master VALUES ('2242SS158', 'C6', 'S26', 'SS158', 'D191', 'DM2');
INSERT INTO dis_relationship_master VALUES ('2242SS112', 'C6', 'S26', 'SS112', 'D191', 'DM2');
INSERT INTO dis_relationship_master VALUES ('2241SS105', 'C6', 'S80', 'SS105', 'D191', 'DM2');
INSERT INTO dis_relationship_master VALUES ('2241SS42', 'C6', 'S80', 'SS42', 'D191', 'DM2');
INSERT INTO anatomic_sites VALUES ('S61', 'MESOTHELIUM');
INSERT INTO subsites VALUES ('SS141', 'PLEURAL');
INSERT INTO dis_relationship_master VALUES ('2239SS141', 'C6', 'S61', 'SS141', 'D191', 'DM2');
INSERT INTO dis_relationship_site_to_subsite VALUES ('S61', 'SS141');
INSERT INTO subsites VALUES ('SS135', 'PERITONEAL');
INSERT INTO dis_relationship_master VALUES ('2239SS135', 'C6', 'S61', 'SS135', 'D191', 'DM2');
INSERT INTO dis_relationship_site_to_subsite VALUES ('S61', 'SS135');
INSERT INTO dis_relationship_master VALUES ('2237SS1', 'C6', 'S45', 'SS1', 'D191', 'DM2');
INSERT INTO dis_relationship_master VALUES ('2236SS183', 'C6', 'S14', 'SS183', 'D191', 'DM2');
INSERT INTO dis_relationship_master VALUES ('2236SS138', 'C6', 'S14', 'SS138', 'D191', 'DM2');
INSERT INTO dis_relationship_master VALUES ('2236SS134', 'C6', 'S14', 'SS134', 'D191', 'DM2');
INSERT INTO dis_relationship_master VALUES ('2230SS74', 'C6', 'S28', 'SS74', 'D191', 'DM2');
INSERT INTO dis_relationship_master VALUES ('2224SS44', 'C6', 'S87', 'SS44', 'D191', 'DM2');
INSERT INTO dis_relationship_master VALUES ('2222SS96', 'C6', 'S78', 'SS96', 'D191', 'DM2');
INSERT INTO dis_relationship_master VALUES ('2222SS95', 'C6', 'S78', 'SS95', 'D191', 'DM2');
INSERT INTO dis_relationship_master VALUES ('2221SS105', 'C6', 'S85', 'SS105', 'D191', 'DM2');
INSERT INTO dis_relationship_master VALUES ('2221SS42', 'C6', 'S85', 'SS42', 'D191', 'DM2');
INSERT INTO dis_relationship_master VALUES ('2220', 'C6', 'S54', 'SS0', 'D191', 'DM2');
INSERT INTO dis_relationship_master VALUES ('2219SS101', 'C6', 'S73', 'SS101', 'D191', 'DM2');
INSERT INTO dis_relationship_master VALUES ('2219SS148', 'C6', 'S73', 'SS148', 'D191', 'DM2');
INSERT INTO dis_relationship_master VALUES ('2219SS90', 'C6', 'S73', 'SS90', 'D191', 'DM2');
INSERT INTO dis_relationship_master VALUES ('2218SS158', 'C6', 'S30', 'SS158', 'D191', 'DM2');
INSERT INTO dis_relationship_master VALUES ('2218SS112', 'C6', 'S30', 'SS112', 'D191', 'DM2');
INSERT INTO dis_relationship_master VALUES ('2218SS69', 'C6', 'S30', 'SS69', 'D191', 'DM2');
INSERT INTO dis_relationship_master VALUES ('2218SS18', 'C6', 'S30', 'SS18', 'D191', 'DM2');
INSERT INTO dis_relationship_master VALUES ('2216SS137', 'C6', 'S35', 'SS137', 'D191', 'DM2');
INSERT INTO dis_relationship_master VALUES ('2216SS52', 'C6', 'S35', 'SS52', 'D191', 'DM2');
INSERT INTO dis_relationship_master VALUES ('2216SS80', 'C6', 'S35', 'SS80', 'D191', 'DM2');
INSERT INTO dis_relationship_master VALUES ('2216SS42', 'C6', 'S35', 'SS42', 'D191', 'DM2');
INSERT INTO dis_relationship_master VALUES ('2216SS41', 'C6', 'S35', 'SS41', 'D191', 'DM2');
INSERT INTO dis_relationship_master VALUES ('2214SS1', 'C6', 'S42', 'SS1', 'D191', 'DM2');
INSERT INTO dis_relationship_master VALUES ('2213SS1', 'C6', 'S6', 'SS1', 'D191', 'DM2');
INSERT INTO dis_relationship_master VALUES ('2212', 'C6', 'S46', 'SS0', 'D191', 'DM2');
INSERT INTO dis_relationship_master VALUES ('2211SS1', 'C6', 'S11', 'SS1', 'D191', 'DM2');
INSERT INTO dis_relationship_master VALUES ('2202SS199', 'C6', 'S58', 'SS199', 'D191', 'DM2');
INSERT INTO dis_relationship_master VALUES ('2202SS152', 'C6', 'S58', 'SS152', 'D191', 'DM2');
INSERT INTO dis_relationship_master VALUES ('2202SS99', 'C6', 'S58', 'SS99', 'D191', 'DM2');
INSERT INTO dis_relationship_master VALUES ('2202SS97', 'C6', 'S58', 'SS97', 'D191', 'DM2');
INSERT INTO dis_relationship_master VALUES ('2202SS39', 'C6', 'S58', 'SS39', 'D191', 'DM2');
INSERT INTO dis_relationship_master VALUES ('2202SS37', 'C6', 'S58', 'SS37', 'D191', 'DM2');
INSERT INTO dis_relationship_master VALUES ('2200', 'C6', 'S0', 'SS0', 'D191', 'DM2');
INSERT INTO dis_relationship_master VALUES ('2197SS1', 'C6', 'S39', 'SS1', 'D191', 'DM2');
INSERT INTO dis_relationship_master VALUES ('2195SS125', 'C6', 'S94', 'SS125', 'D191', 'DM2');
INSERT INTO dis_relationship_master VALUES ('2194SS181', 'C6', 'S51', 'SS181', 'D191', 'DM2');
INSERT INTO dis_relationship_master VALUES ('2194SS167', 'C6', 'S51', 'SS167', 'D191', 'DM2');
INSERT INTO dis_relationship_master VALUES ('2194SS139', 'C6', 'S51', 'SS139', 'D191', 'DM2');
INSERT INTO dis_relationship_master VALUES ('2194SS121', 'C6', 'S51', 'SS121', 'D191', 'DM2');
INSERT INTO dis_relationship_master VALUES ('2194SS100', 'C6', 'S51', 'SS100', 'D191', 'DM2');
INSERT INTO dis_relationship_master VALUES ('2194SS75', 'C6', 'S51', 'SS75', 'D191', 'DM2');
INSERT INTO dis_relationship_master VALUES ('2194SS72', 'C6', 'S51', 'SS72', 'D191', 'DM2');
INSERT INTO dis_relationship_master VALUES ('2194SS55', 'C6', 'S51', 'SS55', 'D191', 'DM2');
INSERT INTO dis_relationship_master VALUES ('2193SS157', 'C6', 'S1', 'SS157', 'D191', 'DM2');
INSERT INTO dis_relationship_master VALUES ('2193SS156', 'C6', 'S1', 'SS156', 'D191', 'DM2');
INSERT INTO dis_relationship_master VALUES ('2193SS98', 'C6', 'S1', 'SS98', 'D191', 'DM2');
INSERT INTO dis_relationship_master VALUES ('2193SS73', 'C6', 'S1', 'SS73', 'D191', 'DM2');
INSERT INTO dis_relationship_master VALUES ('2193SS66', 'C6', 'S1', 'SS66', 'D191', 'DM2');
INSERT INTO dis_relationship_master VALUES ('2193SS65', 'C6', 'S1', 'SS65', 'D191', 'DM2');
INSERT INTO dis_relationship_master VALUES ('2193SS57', 'C6', 'S1', 'SS57', 'D191', 'DM2');
INSERT INTO dis_relationship_master VALUES ('2193SS19', 'C6', 'S1', 'SS19', 'D191', 'DM2');
INSERT INTO dis_relationship_master VALUES ('2193SS8', 'C6', 'S1', 'SS8', 'D191', 'DM2');
INSERT INTO dis_relationship_master VALUES ('2193SS2', 'C6', 'S1', 'SS2', 'D191', 'DM2');
INSERT INTO dis_relationship_master VALUES ('2192SS197', 'C6', 'S84', 'SS197', 'D191', 'DM2');
INSERT INTO dis_relationship_master VALUES ('2192SS113', 'C6', 'S84', 'SS113', 'D191', 'DM2');
INSERT INTO dis_relationship_master VALUES ('2191SS151', 'C6', 'S82', 'SS151', 'D191', 'DM2');
INSERT INTO dis_relationship_master VALUES ('2191SS105', 'C6', 'S82', 'SS105', 'D191', 'DM2');
INSERT INTO dis_relationship_master VALUES ('2191SS42', 'C6', 'S82', 'SS42', 'D191', 'DM2');
INSERT INTO dis_relationship_master VALUES ('2189SS164', 'C6', 'S20', 'SS164', 'D191', 'DM2');
INSERT INTO dis_relationship_master VALUES ('2189SS118', 'C6', 'S20', 'SS118', 'D191', 'DM2');
INSERT INTO dis_relationship_master VALUES ('2189SS114', 'C6', 'S20', 'SS114', 'D191', 'DM2');
INSERT INTO dis_relationship_master VALUES ('2188SS89', 'C6', 'S63', 'SS89', 'D191', 'DM2');
INSERT INTO dis_relationship_master VALUES ('2095', 'C0', 'S0', 'SS0', 'D191', 'DM2');
INSERT INTO diagnosis_modifiers VALUES ('DM248', 'ACINIC CELL');
INSERT INTO dis_relationship_master VALUES ('1203SS172', 'C6', 'S97', 'SS172', 'D191', 'DM248');
INSERT INTO dis_relationship_diagnosis_to_diagnosis_modifier VALUES ('D191', 'DM248');
INSERT INTO dis_relationship_master VALUES ('1203SS171', 'C6', 'S97', 'SS171', 'D191', 'DM248');
INSERT INTO dis_relationship_master VALUES ('1203SS170', 'C6', 'S97', 'SS170', 'D191', 'DM248');
INSERT INTO dis_relationship_master VALUES ('1203SS127', 'C6', 'S97', 'SS127', 'D191', 'DM248');
INSERT INTO dis_relationship_master VALUES ('1203SS110', 'C6', 'S97', 'SS110', 'D191', 'DM248');
INSERT INTO dis_relationship_master VALUES ('1066SS175', 'C6', 'S24', 'SS175', 'D191', 'DM248');
INSERT INTO dis_relationship_master VALUES ('1066SS123', 'C6', 'S24', 'SS123', 'D191', 'DM248');
INSERT INTO dis_relationship_master VALUES ('58', 'C6', 'S0', 'SS0', 'D191', 'DM248');
INSERT INTO diagnosis_modifiers VALUES ('DM249', 'ADENOCARCINOMA');
INSERT INTO dis_relationship_master VALUES ('1599SS96', 'C6', 'S78', 'SS96', 'D191', 'DM249');
INSERT INTO dis_relationship_diagnosis_to_diagnosis_modifier VALUES ('D191', 'DM249');
INSERT INTO dis_relationship_master VALUES ('1599SS95', 'C6', 'S78', 'SS95', 'D191', 'DM249');
INSERT INTO dis_relationship_master VALUES ('1559SS81', 'C6', 'S95', 'SS81', 'D191', 'DM249');
INSERT INTO dis_relationship_master VALUES ('1504', 'C6', 'S54', 'SS0', 'D191', 'DM249');
INSERT INTO dis_relationship_master VALUES ('1309SS166', 'C6', 'S76', 'SS166', 'D191', 'DM249');
INSERT INTO dis_relationship_master VALUES ('1309SS91', 'C6', 'S76', 'SS91', 'D191', 'DM249');
INSERT INTO dis_relationship_master VALUES ('1309SS85', 'C6', 'S76', 'SS85', 'D191', 'DM249');
INSERT INTO dis_relationship_master VALUES ('1309SS84', 'C6', 'S76', 'SS84', 'D191', 'DM249');
INSERT INTO dis_relationship_master VALUES ('1309SS83', 'C6', 'S76', 'SS83', 'D191', 'DM249');
INSERT INTO dis_relationship_master VALUES ('1309SS48', 'C6', 'S76', 'SS48', 'D191', 'DM249');
INSERT INTO dis_relationship_master VALUES ('1204SS172', 'C6', 'S97', 'SS172', 'D191', 'DM249');
INSERT INTO dis_relationship_master VALUES ('1204SS171', 'C6', 'S97', 'SS171', 'D191', 'DM249');
INSERT INTO dis_relationship_master VALUES ('1204SS170', 'C6', 'S97', 'SS170', 'D191', 'DM249');
INSERT INTO dis_relationship_master VALUES ('1204SS127', 'C6', 'S97', 'SS127', 'D191', 'DM249');
INSERT INTO dis_relationship_master VALUES ('1204SS110', 'C6', 'S97', 'SS110', 'D191', 'DM249');
INSERT INTO dis_relationship_master VALUES ('1173SS166', 'C6', 'S64', 'SS166', 'D191', 'DM249');
INSERT INTO dis_relationship_master VALUES ('1117SS1', 'C6', 'S45', 'SS1', 'D191', 'DM249');
INSERT INTO dis_relationship_master VALUES ('1112SS74', 'C6', 'S28', 'SS74', 'D191', 'DM249');
INSERT INTO dis_relationship_master VALUES ('1067SS175', 'C6', 'S24', 'SS175', 'D191', 'DM249');
INSERT INTO dis_relationship_master VALUES ('1067SS123', 'C6', 'S24', 'SS123', 'D191', 'DM249');
INSERT INTO dis_relationship_master VALUES ('981SS181', 'C6', 'S51', 'SS181', 'D191', 'DM249');
INSERT INTO dis_relationship_master VALUES ('981SS167', 'C6', 'S51', 'SS167', 'D191', 'DM249');
INSERT INTO dis_relationship_master VALUES ('981SS139', 'C6', 'S51', 'SS139', 'D191', 'DM249');
INSERT INTO dis_relationship_master VALUES ('981SS121', 'C6', 'S51', 'SS121', 'D191', 'DM249');
INSERT INTO dis_relationship_master VALUES ('981SS100', 'C6', 'S51', 'SS100', 'D191', 'DM249');
INSERT INTO dis_relationship_master VALUES ('981SS75', 'C6', 'S51', 'SS75', 'D191', 'DM249');
INSERT INTO dis_relationship_master VALUES ('981SS72', 'C6', 'S51', 'SS72', 'D191', 'DM249');
INSERT INTO dis_relationship_master VALUES ('981SS55', 'C6', 'S51', 'SS55', 'D191', 'DM249');
INSERT INTO dis_relationship_master VALUES ('963SS1', 'C6', 'S72', 'SS1', 'D191', 'DM249');
INSERT INTO dis_relationship_master VALUES ('962SS1', 'C6', 'S72', 'SS1', 'D191', 'DM249');
INSERT INTO dis_relationship_master VALUES ('856SS125', 'C6', 'S94', 'SS125', 'D191', 'DM249');
INSERT INTO dis_relationship_master VALUES ('800SS197', 'C6', 'S84', 'SS197', 'D191', 'DM249');
INSERT INTO dis_relationship_master VALUES ('800SS113', 'C6', 'S84', 'SS113', 'D191', 'DM249');
INSERT INTO dis_relationship_master VALUES ('728SS158', 'C6', 'S30', 'SS158', 'D191', 'DM249');
INSERT INTO dis_relationship_master VALUES ('728SS112', 'C6', 'S30', 'SS112', 'D191', 'DM249');
INSERT INTO dis_relationship_master VALUES ('728SS69', 'C6', 'S30', 'SS69', 'D191', 'DM249');
INSERT INTO dis_relationship_master VALUES ('728SS18', 'C6', 'S30', 'SS18', 'D191', 'DM249');
INSERT INTO dis_relationship_master VALUES ('680SS1', 'C6', 'S7', 'SS1', 'D191', 'DM249');
INSERT INTO dis_relationship_master VALUES ('680SS71', 'C6', 'S7', 'SS71', 'D191', 'DM249');
INSERT INTO dis_relationship_master VALUES ('680SS56', 'C6', 'S7', 'SS56', 'D191', 'DM249');
INSERT INTO dis_relationship_master VALUES ('651SS186', 'C6', 'S67', 'SS186', 'D191', 'DM249');
INSERT INTO dis_relationship_master VALUES ('651SS185', 'C6', 'S67', 'SS185', 'D191', 'DM249');
INSERT INTO dis_relationship_master VALUES ('651SS184', 'C6', 'S67', 'SS184', 'D191', 'DM249');
INSERT INTO dis_relationship_master VALUES ('651SS166', 'C6', 'S67', 'SS166', 'D191', 'DM249');
INSERT INTO dis_relationship_master VALUES ('651SS161', 'C6', 'S67', 'SS161', 'D191', 'DM249');
INSERT INTO dis_relationship_master VALUES ('651SS45', 'C6', 'S67', 'SS45', 'D191', 'DM249');
INSERT INTO dis_relationship_master VALUES ('651SS36', 'C6', 'S67', 'SS36', 'D191', 'DM249');
INSERT INTO dis_relationship_master VALUES ('651SS27', 'C6', 'S67', 'SS27', 'D191', 'DM249');
INSERT INTO dis_relationship_master VALUES ('651SS10', 'C6', 'S67', 'SS10', 'D191', 'DM249');
INSERT INTO dis_relationship_master VALUES ('627SS53', 'C6', 'S62', 'SS53', 'D191', 'DM249');
INSERT INTO dis_relationship_master VALUES ('627SS51', 'C6', 'S62', 'SS51', 'D191', 'DM249');
INSERT INTO dis_relationship_master VALUES ('627SS50', 'C6', 'S62', 'SS50', 'D191', 'DM249');
INSERT INTO dis_relationship_master VALUES ('614SS89', 'C6', 'S63', 'SS89', 'D191', 'DM249');
INSERT INTO dis_relationship_master VALUES ('347SS166', 'C6', 'S26', 'SS166', 'D191', 'DM249');
INSERT INTO dis_relationship_master VALUES ('347SS158', 'C6', 'S26', 'SS158', 'D191', 'DM249');
INSERT INTO dis_relationship_master VALUES ('347SS112', 'C6', 'S26', 'SS112', 'D191', 'DM249');
INSERT INTO dis_relationship_master VALUES ('340SS44', 'C6', 'S87', 'SS44', 'D191', 'DM249');
INSERT INTO dis_relationship_master VALUES ('300SS166', 'C6', 'S60', 'SS166', 'D191', 'DM249');
INSERT INTO dis_relationship_master VALUES ('59', 'C6', 'S0', 'SS0', 'D191', 'DM249');
INSERT INTO dis_relationship_master VALUES ('31SS1', 'C6', 'S6', 'SS1', 'D191', 'DM249');
INSERT INTO dis_relationship_master VALUES ('28SS1', 'C6', 'S98', 'SS1', 'D191', 'DM249');
INSERT INTO diagnosis_modifiers VALUES ('DM250', 'ADENOCARCINOMA ARISING IN POLYP');
INSERT INTO dis_relationship_master VALUES ('1174SS166', 'C6', 'S64', 'SS166', 'D191', 'DM250');
INSERT INTO dis_relationship_diagnosis_to_diagnosis_modifier VALUES ('D191', 'DM250');
INSERT INTO dis_relationship_master VALUES ('652SS186', 'C6', 'S67', 'SS186', 'D191', 'DM250');
INSERT INTO dis_relationship_master VALUES ('652SS185', 'C6', 'S67', 'SS185', 'D191', 'DM250');
INSERT INTO dis_relationship_master VALUES ('652SS184', 'C6', 'S67', 'SS184', 'D191', 'DM250');
INSERT INTO dis_relationship_master VALUES ('652SS166', 'C6', 'S67', 'SS166', 'D191', 'DM250');
INSERT INTO dis_relationship_master VALUES ('652SS161', 'C6', 'S67', 'SS161', 'D191', 'DM250');
INSERT INTO dis_relationship_master VALUES ('652SS45', 'C6', 'S67', 'SS45', 'D191', 'DM250');
INSERT INTO dis_relationship_master VALUES ('652SS36', 'C6', 'S67', 'SS36', 'D191', 'DM250');
INSERT INTO dis_relationship_master VALUES ('652SS27', 'C6', 'S67', 'SS27', 'D191', 'DM250');
INSERT INTO dis_relationship_master VALUES ('652SS10', 'C6', 'S67', 'SS10', 'D191', 'DM250');
INSERT INTO diagnosis_modifiers VALUES ('DM251', 'ADENOCARCINOMA WITH SIGNET RING CELLS');
INSERT INTO dis_relationship_master VALUES ('681SS1', 'C6', 'S7', 'SS1', 'D191', 'DM251');
INSERT INTO dis_relationship_diagnosis_to_diagnosis_modifier VALUES ('D191', 'DM251');
INSERT INTO dis_relationship_master VALUES ('681SS71', 'C6', 'S7', 'SS71', 'D191', 'DM251');
INSERT INTO dis_relationship_master VALUES ('681SS56', 'C6', 'S7', 'SS56', 'D191', 'DM251');
INSERT INTO dis_relationship_master VALUES ('653SS186', 'C6', 'S67', 'SS186', 'D191', 'DM251');
INSERT INTO dis_relationship_master VALUES ('653SS185', 'C6', 'S67', 'SS185', 'D191', 'DM251');
INSERT INTO dis_relationship_master VALUES ('653SS184', 'C6', 'S67', 'SS184', 'D191', 'DM251');
INSERT INTO dis_relationship_master VALUES ('653SS166', 'C6', 'S67', 'SS166', 'D191', 'DM251');
INSERT INTO dis_relationship_master VALUES ('653SS161', 'C6', 'S67', 'SS161', 'D191', 'DM251');
INSERT INTO dis_relationship_master VALUES ('653SS45', 'C6', 'S67', 'SS45', 'D191', 'DM251');
INSERT INTO dis_relationship_master VALUES ('653SS36', 'C6', 'S67', 'SS36', 'D191', 'DM251');
INSERT INTO dis_relationship_master VALUES ('653SS27', 'C6', 'S67', 'SS27', 'D191', 'DM251');
INSERT INTO dis_relationship_master VALUES ('653SS10', 'C6', 'S67', 'SS10', 'D191', 'DM251');
INSERT INTO diagnosis_modifiers VALUES ('DM252', 'ADENOID CYSTIC');
INSERT INTO dis_relationship_master VALUES ('1511', 'C6', 'S46', 'SS0', 'D191', 'DM252');
INSERT INTO dis_relationship_diagnosis_to_diagnosis_modifier VALUES ('D191', 'DM252');
INSERT INTO dis_relationship_master VALUES ('1205SS172', 'C6', 'S97', 'SS172', 'D191', 'DM252');
INSERT INTO dis_relationship_master VALUES ('1205SS171', 'C6', 'S97', 'SS171', 'D191', 'DM252');
INSERT INTO dis_relationship_master VALUES ('1205SS170', 'C6', 'S97', 'SS170', 'D191', 'DM252');
INSERT INTO dis_relationship_master VALUES ('1205SS127', 'C6', 'S97', 'SS127', 'D191', 'DM252');
INSERT INTO dis_relationship_master VALUES ('1205SS110', 'C6', 'S97', 'SS110', 'D191', 'DM252');
INSERT INTO dis_relationship_master VALUES ('857SS125', 'C6', 'S94', 'SS125', 'D191', 'DM252');
INSERT INTO dis_relationship_master VALUES ('559SS164', 'C6', 'S20', 'SS164', 'D191', 'DM252');
INSERT INTO dis_relationship_master VALUES ('559SS118', 'C6', 'S20', 'SS118', 'D191', 'DM252');
INSERT INTO dis_relationship_master VALUES ('559SS114', 'C6', 'S20', 'SS114', 'D191', 'DM252');
INSERT INTO dis_relationship_master VALUES ('60', 'C6', 'S0', 'SS0', 'D191', 'DM252');
INSERT INTO diagnosis_modifiers VALUES ('DM253', 'ADENOSQUAMOUS');
INSERT INTO dis_relationship_master VALUES ('1560SS81', 'C6', 'S95', 'SS81', 'D191', 'DM253');
INSERT INTO dis_relationship_diagnosis_to_diagnosis_modifier VALUES ('D191', 'DM253');
INSERT INTO dis_relationship_master VALUES ('1310SS166', 'C6', 'S76', 'SS166', 'D191', 'DM253');
INSERT INTO dis_relationship_master VALUES ('1310SS91', 'C6', 'S76', 'SS91', 'D191', 'DM253');
INSERT INTO dis_relationship_master VALUES ('1310SS85', 'C6', 'S76', 'SS85', 'D191', 'DM253');
INSERT INTO dis_relationship_master VALUES ('1310SS84', 'C6', 'S76', 'SS84', 'D191', 'DM253');
INSERT INTO dis_relationship_master VALUES ('1310SS83', 'C6', 'S76', 'SS83', 'D191', 'DM253');
INSERT INTO dis_relationship_master VALUES ('1310SS48', 'C6', 'S76', 'SS48', 'D191', 'DM253');
INSERT INTO dis_relationship_master VALUES ('1068SS175', 'C6', 'S24', 'SS175', 'D191', 'DM253');
INSERT INTO dis_relationship_master VALUES ('1068SS123', 'C6', 'S24', 'SS123', 'D191', 'DM253');
INSERT INTO dis_relationship_master VALUES ('1022SS137', 'C6', 'S35', 'SS137', 'D191', 'DM253');
INSERT INTO dis_relationship_master VALUES ('1022SS52', 'C6', 'S35', 'SS52', 'D191', 'DM253');
INSERT INTO dis_relationship_master VALUES ('1022SS80', 'C6', 'S35', 'SS80', 'D191', 'DM253');
INSERT INTO dis_relationship_master VALUES ('1022SS42', 'C6', 'S35', 'SS42', 'D191', 'DM253');
INSERT INTO dis_relationship_master VALUES ('1022SS41', 'C6', 'S35', 'SS41', 'D191', 'DM253');
INSERT INTO dis_relationship_master VALUES ('982SS181', 'C6', 'S51', 'SS181', 'D191', 'DM253');
INSERT INTO dis_relationship_master VALUES ('982SS167', 'C6', 'S51', 'SS167', 'D191', 'DM253');
INSERT INTO dis_relationship_master VALUES ('982SS139', 'C6', 'S51', 'SS139', 'D191', 'DM253');
INSERT INTO dis_relationship_master VALUES ('982SS121', 'C6', 'S51', 'SS121', 'D191', 'DM253');
INSERT INTO dis_relationship_master VALUES ('982SS100', 'C6', 'S51', 'SS100', 'D191', 'DM253');
INSERT INTO dis_relationship_master VALUES ('982SS75', 'C6', 'S51', 'SS75', 'D191', 'DM253');
INSERT INTO dis_relationship_master VALUES ('982SS72', 'C6', 'S51', 'SS72', 'D191', 'DM253');
INSERT INTO dis_relationship_master VALUES ('982SS55', 'C6', 'S51', 'SS55', 'D191', 'DM253');
INSERT INTO dis_relationship_master VALUES ('858SS125', 'C6', 'S94', 'SS125', 'D191', 'DM253');
INSERT INTO dis_relationship_master VALUES ('729SS158', 'C6', 'S30', 'SS158', 'D191', 'DM253');
INSERT INTO dis_relationship_master VALUES ('729SS112', 'C6', 'S30', 'SS112', 'D191', 'DM253');
INSERT INTO dis_relationship_master VALUES ('729SS69', 'C6', 'S30', 'SS69', 'D191', 'DM253');
INSERT INTO dis_relationship_master VALUES ('729SS18', 'C6', 'S30', 'SS18', 'D191', 'DM253');
INSERT INTO dis_relationship_master VALUES ('682SS1', 'C6', 'S7', 'SS1', 'D191', 'DM253');
INSERT INTO dis_relationship_master VALUES ('682SS71', 'C6', 'S7', 'SS71', 'D191', 'DM253');
INSERT INTO dis_relationship_master VALUES ('682SS56', 'C6', 'S7', 'SS56', 'D191', 'DM253');
INSERT INTO dis_relationship_master VALUES ('615SS89', 'C6', 'S63', 'SS89', 'D191', 'DM253');
INSERT INTO dis_relationship_master VALUES ('560SS164', 'C6', 'S20', 'SS164', 'D191', 'DM253');
INSERT INTO dis_relationship_master VALUES ('560SS118', 'C6', 'S20', 'SS118', 'D191', 'DM253');
INSERT INTO dis_relationship_master VALUES ('560SS114', 'C6', 'S20', 'SS114', 'D191', 'DM253');
INSERT INTO dis_relationship_master VALUES ('341SS44', 'C6', 'S87', 'SS44', 'D191', 'DM253');
INSERT INTO dis_relationship_master VALUES ('29SS1', 'C6', 'S98', 'SS1', 'D191', 'DM253');
INSERT INTO diagnosis_modifiers VALUES ('DM254', 'ADENOSQUAMOUS WITH HPV');
INSERT INTO dis_relationship_master VALUES ('628SS53', 'C6', 'S62', 'SS53', 'D191', 'DM254');
INSERT INTO dis_relationship_diagnosis_to_diagnosis_modifier VALUES ('D191', 'DM254');
INSERT INTO dis_relationship_master VALUES ('628SS51', 'C6', 'S62', 'SS51', 'D191', 'DM254');
INSERT INTO dis_relationship_master VALUES ('628SS50', 'C6', 'S62', 'SS50', 'D191', 'DM254');
INSERT INTO diagnosis_modifiers VALUES ('DM255', 'ADNEXAL');
INSERT INTO dis_relationship_master VALUES ('1250SS157', 'C6', 'S1', 'SS157', 'D191', 'DM255');
INSERT INTO dis_relationship_diagnosis_to_diagnosis_modifier VALUES ('D191', 'DM255');
INSERT INTO dis_relationship_master VALUES ('1250SS156', 'C6', 'S1', 'SS156', 'D191', 'DM255');
INSERT INTO dis_relationship_master VALUES ('1250SS98', 'C6', 'S1', 'SS98', 'D191', 'DM255');
INSERT INTO dis_relationship_master VALUES ('1250SS73', 'C6', 'S1', 'SS73', 'D191', 'DM255');
INSERT INTO dis_relationship_master VALUES ('1250SS66', 'C6', 'S1', 'SS66', 'D191', 'DM255');
INSERT INTO dis_relationship_master VALUES ('1250SS65', 'C6', 'S1', 'SS65', 'D191', 'DM255');
INSERT INTO dis_relationship_master VALUES ('1250SS57', 'C6', 'S1', 'SS57', 'D191', 'DM255');
INSERT INTO dis_relationship_master VALUES ('1250SS19', 'C6', 'S1', 'SS19', 'D191', 'DM255');
INSERT INTO dis_relationship_master VALUES ('1250SS8', 'C6', 'S1', 'SS8', 'D191', 'DM255');
INSERT INTO dis_relationship_master VALUES ('1250SS2', 'C6', 'S1', 'SS2', 'D191', 'DM255');
INSERT INTO diagnoses VALUES ('D228', 'CHEMODECTOMA');
INSERT INTO dis_relationship_master VALUES ('1930', 'C0', 'S0', 'SS0', 'D228', 'DM2');
INSERT INTO dis_relationship_diagnosis_to_diagnosis_modifier VALUES ('D228', 'DM2');
INSERT INTO anatomic_sites VALUES ('S33', 'CAROTID BODY');
INSERT INTO dis_relationship_master VALUES ('621SS1', 'C7', 'S33', 'SS1', 'D228', 'DM2');
INSERT INTO dis_relationship_site_to_subsite VALUES ('S33', 'SS1');
INSERT INTO dis_relationship_master VALUES ('292SS1', 'C7', 'S81', 'SS1', 'D228', 'DM2');
INSERT INTO diagnosis_modifiers VALUES ('DM256', 'APOCRINE CARCINOMA');
INSERT INTO dis_relationship_master VALUES ('561SS164', 'C6', 'S20', 'SS164', 'D191', 'DM256');
INSERT INTO dis_relationship_diagnosis_to_diagnosis_modifier VALUES ('D191', 'DM256');
INSERT INTO dis_relationship_master VALUES ('561SS118', 'C6', 'S20', 'SS118', 'D191', 'DM256');
INSERT INTO dis_relationship_master VALUES ('561SS114', 'C6', 'S20', 'SS114', 'D191', 'DM256');
INSERT INTO dis_relationship_master VALUES ('1251SS157', 'C6', 'S1', 'SS157', 'D191', 'DM202');
INSERT INTO dis_relationship_diagnosis_to_diagnosis_modifier VALUES ('D191', 'DM202');
INSERT INTO dis_relationship_master VALUES ('1251SS156', 'C6', 'S1', 'SS156', 'D191', 'DM202');
INSERT INTO dis_relationship_master VALUES ('1251SS98', 'C6', 'S1', 'SS98', 'D191', 'DM202');
INSERT INTO dis_relationship_master VALUES ('1251SS73', 'C6', 'S1', 'SS73', 'D191', 'DM202');
INSERT INTO dis_relationship_master VALUES ('1251SS66', 'C6', 'S1', 'SS66', 'D191', 'DM202');
INSERT INTO dis_relationship_master VALUES ('1251SS65', 'C6', 'S1', 'SS65', 'D191', 'DM202');
INSERT INTO dis_relationship_master VALUES ('1251SS57', 'C6', 'S1', 'SS57', 'D191', 'DM202');
INSERT INTO dis_relationship_master VALUES ('1251SS19', 'C6', 'S1', 'SS19', 'D191', 'DM202');
INSERT INTO dis_relationship_master VALUES ('1251SS8', 'C6', 'S1', 'SS8', 'D191', 'DM202');
INSERT INTO dis_relationship_master VALUES ('1251SS2', 'C6', 'S1', 'SS2', 'D191', 'DM202');
INSERT INTO dis_relationship_master VALUES ('1206SS172', 'C6', 'S97', 'SS172', 'D191', 'DM202');
INSERT INTO dis_relationship_master VALUES ('1206SS171', 'C6', 'S97', 'SS171', 'D191', 'DM202');
INSERT INTO dis_relationship_master VALUES ('1206SS170', 'C6', 'S97', 'SS170', 'D191', 'DM202');
INSERT INTO dis_relationship_master VALUES ('1206SS127', 'C6', 'S97', 'SS127', 'D191', 'DM202');
INSERT INTO dis_relationship_master VALUES ('1206SS110', 'C6', 'S97', 'SS110', 'D191', 'DM202');
INSERT INTO dis_relationship_master VALUES ('562SS164', 'C6', 'S20', 'SS164', 'D191', 'DM202');
INSERT INTO dis_relationship_master VALUES ('562SS118', 'C6', 'S20', 'SS118', 'D191', 'DM202');
INSERT INTO dis_relationship_master VALUES ('562SS114', 'C6', 'S20', 'SS114', 'D191', 'DM202');
INSERT INTO dis_relationship_master VALUES ('61', 'C6', 'S0', 'SS0', 'D191', 'DM202');
INSERT INTO diagnosis_modifiers VALUES ('DM257', 'BASALOID');
INSERT INTO dis_relationship_master VALUES ('859SS125', 'C6', 'S94', 'SS125', 'D191', 'DM257');
INSERT INTO dis_relationship_diagnosis_to_diagnosis_modifier VALUES ('D191', 'DM257');
INSERT INTO diagnosis_modifiers VALUES ('DM258', 'BRONCHOALVEOLAR');
INSERT INTO dis_relationship_master VALUES ('860SS125', 'C6', 'S94', 'SS125', 'D191', 'DM258');
INSERT INTO dis_relationship_diagnosis_to_diagnosis_modifier VALUES ('D191', 'DM258');
INSERT INTO diagnosis_modifiers VALUES ('DM259', 'CHOLANGIOCARCINOMA');
INSERT INTO dis_relationship_master VALUES ('342SS44', 'C6', 'S87', 'SS44', 'D191', 'DM259');
INSERT INTO dis_relationship_diagnosis_to_diagnosis_modifier VALUES ('D191', 'DM259');
INSERT INTO dis_relationship_master VALUES ('1561SS81', 'C6', 'S95', 'SS81', 'D191', 'DM9');
INSERT INTO dis_relationship_diagnosis_to_diagnosis_modifier VALUES ('D191', 'DM9');
INSERT INTO dis_relationship_master VALUES ('1537SS166', 'C6', 'S70', 'SS166', 'D191', 'DM9');
INSERT INTO dis_relationship_master VALUES ('1537SS136', 'C6', 'S70', 'SS136', 'D191', 'DM9');
INSERT INTO dis_relationship_master VALUES ('1537SS132', 'C6', 'S70', 'SS132', 'D191', 'DM9');
INSERT INTO dis_relationship_master VALUES ('1537SS115', 'C6', 'S70', 'SS115', 'D191', 'DM9');
INSERT INTO dis_relationship_master VALUES ('1537SS54', 'C6', 'S70', 'SS54', 'D191', 'DM9');
INSERT INTO dis_relationship_master VALUES ('710SS63', 'C6', 'S93', 'SS63', 'D191', 'DM9');
INSERT INTO dis_relationship_master VALUES ('629SS53', 'C6', 'S62', 'SS53', 'D191', 'DM9');
INSERT INTO dis_relationship_master VALUES ('629SS51', 'C6', 'S62', 'SS51', 'D191', 'DM9');
INSERT INTO dis_relationship_master VALUES ('629SS50', 'C6', 'S62', 'SS50', 'D191', 'DM9');
INSERT INTO diagnosis_modifiers VALUES ('DM260', 'CLEAR CELL (MESONEPHRIC)');
INSERT INTO dis_relationship_master VALUES ('1023SS137', 'C6', 'S35', 'SS137', 'D191', 'DM260');
INSERT INTO dis_relationship_diagnosis_to_diagnosis_modifier VALUES ('D191', 'DM260');
INSERT INTO dis_relationship_master VALUES ('1023SS52', 'C6', 'S35', 'SS52', 'D191', 'DM260');
INSERT INTO dis_relationship_master VALUES ('1023SS80', 'C6', 'S35', 'SS80', 'D191', 'DM260');
INSERT INTO dis_relationship_master VALUES ('1023SS42', 'C6', 'S35', 'SS42', 'D191', 'DM260');
INSERT INTO dis_relationship_master VALUES ('1023SS41', 'C6', 'S35', 'SS41', 'D191', 'DM260');
INSERT INTO diagnosis_modifiers VALUES ('DM261', 'COLLECTING DUCT');
INSERT INTO dis_relationship_master VALUES ('770SS151', 'C6', 'S82', 'SS151', 'D191', 'DM261');
INSERT INTO dis_relationship_diagnosis_to_diagnosis_modifier VALUES ('D191', 'DM261');
INSERT INTO dis_relationship_master VALUES ('770SS105', 'C6', 'S82', 'SS105', 'D191', 'DM261');
INSERT INTO dis_relationship_master VALUES ('770SS42', 'C6', 'S82', 'SS42', 'D191', 'DM261');
INSERT INTO diagnosis_modifiers VALUES ('DM262', 'COMBINED SMALL CELL & NON-SMALL CELL');
INSERT INTO dis_relationship_master VALUES ('861SS125', 'C6', 'S94', 'SS125', 'D191', 'DM262');
INSERT INTO dis_relationship_diagnosis_to_diagnosis_modifier VALUES ('D191', 'DM262');
INSERT INTO diagnosis_modifiers VALUES ('DM263', 'CORTICAL');
INSERT INTO dis_relationship_master VALUES ('9SS105', 'C6', 'S80', 'SS105', 'D191', 'DM263');
INSERT INTO dis_relationship_diagnosis_to_diagnosis_modifier VALUES ('D191', 'DM263');
INSERT INTO dis_relationship_master VALUES ('9SS42', 'C6', 'S80', 'SS42', 'D191', 'DM263');
INSERT INTO diagnosis_modifiers VALUES ('DM264', 'DUCTAL ADENOCARCINOMA');
INSERT INTO dis_relationship_master VALUES ('1069SS175', 'C6', 'S24', 'SS175', 'D191', 'DM264');
INSERT INTO dis_relationship_diagnosis_to_diagnosis_modifier VALUES ('D191', 'DM264');
INSERT INTO dis_relationship_master VALUES ('1069SS123', 'C6', 'S24', 'SS123', 'D191', 'DM264');
INSERT INTO dis_relationship_master VALUES ('563SS164', 'C6', 'S20', 'SS164', 'D191', 'DM264');
INSERT INTO dis_relationship_master VALUES ('563SS118', 'C6', 'S20', 'SS118', 'D191', 'DM264');
INSERT INTO dis_relationship_master VALUES ('563SS114', 'C6', 'S20', 'SS114', 'D191', 'DM264');
INSERT INTO diagnosis_modifiers VALUES ('DM265', 'ECCRINE');
INSERT INTO dis_relationship_master VALUES ('1600SS96', 'C6', 'S78', 'SS96', 'D191', 'DM265');
INSERT INTO dis_relationship_diagnosis_to_diagnosis_modifier VALUES ('D191', 'DM265');
INSERT INTO dis_relationship_master VALUES ('1600SS95', 'C6', 'S78', 'SS95', 'D191', 'DM265');
INSERT INTO dis_relationship_master VALUES ('1455SS1', 'C6', 'S42', 'SS1', 'D191', 'DM121');
INSERT INTO dis_relationship_diagnosis_to_diagnosis_modifier VALUES ('D191', 'DM121');
INSERT INTO dis_relationship_master VALUES ('1024SS137', 'C6', 'S35', 'SS137', 'D191', 'DM121');
INSERT INTO dis_relationship_master VALUES ('1024SS52', 'C6', 'S35', 'SS52', 'D191', 'DM121');
INSERT INTO dis_relationship_master VALUES ('1024SS80', 'C6', 'S35', 'SS80', 'D191', 'DM121');
INSERT INTO dis_relationship_master VALUES ('1024SS42', 'C6', 'S35', 'SS42', 'D191', 'DM121');
INSERT INTO dis_relationship_master VALUES ('1024SS41', 'C6', 'S35', 'SS41', 'D191', 'DM121');
INSERT INTO diagnosis_modifiers VALUES ('DM266', 'ENDOMETRIOID ADENOCARCINOMA');
INSERT INTO dis_relationship_master VALUES ('1538SS166', 'C6', 'S70', 'SS166', 'D191', 'DM266');
INSERT INTO dis_relationship_diagnosis_to_diagnosis_modifier VALUES ('D191', 'DM266');
INSERT INTO dis_relationship_master VALUES ('1538SS136', 'C6', 'S70', 'SS136', 'D191', 'DM266');
INSERT INTO dis_relationship_master VALUES ('1538SS132', 'C6', 'S70', 'SS132', 'D191', 'DM266');
INSERT INTO dis_relationship_master VALUES ('1538SS115', 'C6', 'S70', 'SS115', 'D191', 'DM266');
INSERT INTO dis_relationship_master VALUES ('1538SS54', 'C6', 'S70', 'SS54', 'D191', 'DM266');
INSERT INTO dis_relationship_master VALUES ('711SS63', 'C6', 'S93', 'SS63', 'D191', 'DM266');
INSERT INTO diagnosis_modifiers VALUES ('DM267', 'EPITHELIAL-MYOEPITHELIAL');
INSERT INTO dis_relationship_master VALUES ('1207SS172', 'C6', 'S97', 'SS172', 'D191', 'DM267');
INSERT INTO dis_relationship_diagnosis_to_diagnosis_modifier VALUES ('D191', 'DM267');
INSERT INTO dis_relationship_master VALUES ('1207SS171', 'C6', 'S97', 'SS171', 'D191', 'DM267');
INSERT INTO dis_relationship_master VALUES ('1207SS170', 'C6', 'S97', 'SS170', 'D191', 'DM267');
INSERT INTO dis_relationship_master VALUES ('1207SS127', 'C6', 'S97', 'SS127', 'D191', 'DM267');
INSERT INTO dis_relationship_master VALUES ('1207SS110', 'C6', 'S97', 'SS110', 'D191', 'DM267');
INSERT INTO dis_relationship_master VALUES ('62', 'C6', 'S0', 'SS0', 'D191', 'DM267');
INSERT INTO diagnosis_modifiers VALUES ('DM268', 'EX PLEOMORPHIC ADENOMA (MALIGNANT MIXED TUMOR)');
INSERT INTO dis_relationship_master VALUES ('1208SS172', 'C6', 'S97', 'SS172', 'D191', 'DM268');
INSERT INTO dis_relationship_diagnosis_to_diagnosis_modifier VALUES ('D191', 'DM268');
INSERT INTO dis_relationship_master VALUES ('1208SS171', 'C6', 'S97', 'SS171', 'D191', 'DM268');
INSERT INTO dis_relationship_master VALUES ('1208SS170', 'C6', 'S97', 'SS170', 'D191', 'DM268');
INSERT INTO dis_relationship_master VALUES ('1208SS127', 'C6', 'S97', 'SS127', 'D191', 'DM268');
INSERT INTO dis_relationship_master VALUES ('1208SS110', 'C6', 'S97', 'SS110', 'D191', 'DM268');
INSERT INTO dis_relationship_master VALUES ('63', 'C6', 'S0', 'SS0', 'D191', 'DM268');
INSERT INTO dis_relationship_master VALUES ('1488SS101', 'C6', 'S73', 'SS101', 'D191', 'DM206');
INSERT INTO dis_relationship_diagnosis_to_diagnosis_modifier VALUES ('D191', 'DM206');
INSERT INTO dis_relationship_master VALUES ('1488SS148', 'C6', 'S73', 'SS148', 'D191', 'DM206');
INSERT INTO dis_relationship_master VALUES ('1488SS90', 'C6', 'S73', 'SS90', 'D191', 'DM206');
INSERT INTO diagnosis_modifiers VALUES ('DM269', 'GIANT CELL');
INSERT INTO dis_relationship_master VALUES ('1512', 'C6', 'S46', 'SS0', 'D191', 'DM269');
INSERT INTO dis_relationship_diagnosis_to_diagnosis_modifier VALUES ('D191', 'DM269');
INSERT INTO dis_relationship_master VALUES ('1489SS101', 'C6', 'S73', 'SS101', 'D191', 'DM269');
INSERT INTO dis_relationship_master VALUES ('1489SS148', 'C6', 'S73', 'SS148', 'D191', 'DM269');
INSERT INTO dis_relationship_master VALUES ('1489SS90', 'C6', 'S73', 'SS90', 'D191', 'DM269');
INSERT INTO dis_relationship_master VALUES ('862SS125', 'C6', 'S94', 'SS125', 'D191', 'DM269');
INSERT INTO diagnosis_modifiers VALUES ('DM270', 'HEPATOCELLULAR');
INSERT INTO dis_relationship_master VALUES ('816SS1', 'C6', 'S39', 'SS1', 'D191', 'DM270');
INSERT INTO dis_relationship_diagnosis_to_diagnosis_modifier VALUES ('D191', 'DM270');
INSERT INTO diagnosis_modifiers VALUES ('DM271', 'HEPATOID');
INSERT INTO dis_relationship_master VALUES ('1025SS137', 'C6', 'S35', 'SS137', 'D191', 'DM271');
INSERT INTO dis_relationship_diagnosis_to_diagnosis_modifier VALUES ('D191', 'DM271');
INSERT INTO dis_relationship_master VALUES ('1025SS52', 'C6', 'S35', 'SS52', 'D191', 'DM271');
INSERT INTO dis_relationship_master VALUES ('1025SS80', 'C6', 'S35', 'SS80', 'D191', 'DM271');
INSERT INTO dis_relationship_master VALUES ('1025SS42', 'C6', 'S35', 'SS42', 'D191', 'DM271');
INSERT INTO dis_relationship_master VALUES ('1025SS41', 'C6', 'S35', 'SS41', 'D191', 'DM271');
INSERT INTO dis_relationship_master VALUES ('1490SS101', 'C6', 'S73', 'SS101', 'D191', 'DM207');
INSERT INTO dis_relationship_diagnosis_to_diagnosis_modifier VALUES ('D191', 'DM207');
INSERT INTO dis_relationship_master VALUES ('1490SS148', 'C6', 'S73', 'SS148', 'D191', 'DM207');
INSERT INTO dis_relationship_master VALUES ('1490SS90', 'C6', 'S73', 'SS90', 'D191', 'DM207');
INSERT INTO dis_relationship_master VALUES ('564SS164', 'C6', 'S20', 'SS164', 'D191', 'DM97');
INSERT INTO dis_relationship_diagnosis_to_diagnosis_modifier VALUES ('D191', 'DM97');
INSERT INTO dis_relationship_master VALUES ('564SS118', 'C6', 'S20', 'SS118', 'D191', 'DM97');
INSERT INTO dis_relationship_master VALUES ('564SS114', 'C6', 'S20', 'SS114', 'D191', 'DM97');
INSERT INTO dis_relationship_master VALUES ('565SS164', 'C6', 'S20', 'SS164', 'D191', 'DM174');
INSERT INTO dis_relationship_diagnosis_to_diagnosis_modifier VALUES ('D191', 'DM174');
INSERT INTO dis_relationship_master VALUES ('565SS118', 'C6', 'S20', 'SS118', 'D191', 'DM174');
INSERT INTO dis_relationship_master VALUES ('565SS114', 'C6', 'S20', 'SS114', 'D191', 'DM174');
INSERT INTO diagnosis_modifiers VALUES ('DM272', 'INVASIVE ALVEOLAR');
INSERT INTO dis_relationship_master VALUES ('566SS164', 'C6', 'S20', 'SS164', 'D191', 'DM272');
INSERT INTO dis_relationship_diagnosis_to_diagnosis_modifier VALUES ('D191', 'DM272');
INSERT INTO dis_relationship_master VALUES ('566SS118', 'C6', 'S20', 'SS118', 'D191', 'DM272');
INSERT INTO dis_relationship_master VALUES ('566SS114', 'C6', 'S20', 'SS114', 'D191', 'DM272');
INSERT INTO diagnosis_modifiers VALUES ('DM273', 'INVASIVE CRIBRIFORM');
INSERT INTO dis_relationship_master VALUES ('567SS164', 'C6', 'S20', 'SS164', 'D191', 'DM273');
INSERT INTO dis_relationship_diagnosis_to_diagnosis_modifier VALUES ('D191', 'DM273');
INSERT INTO dis_relationship_master VALUES ('567SS118', 'C6', 'S20', 'SS118', 'D191', 'DM273');
INSERT INTO dis_relationship_master VALUES ('567SS114', 'C6', 'S20', 'SS114', 'D191', 'DM273');
INSERT INTO diagnosis_modifiers VALUES ('DM274', 'INVASIVE DUCTAL');
INSERT INTO dis_relationship_master VALUES ('568SS164', 'C6', 'S20', 'SS164', 'D191', 'DM274');
INSERT INTO dis_relationship_diagnosis_to_diagnosis_modifier VALUES ('D191', 'DM274');
INSERT INTO dis_relationship_master VALUES ('568SS118', 'C6', 'S20', 'SS118', 'D191', 'DM274');
INSERT INTO dis_relationship_master VALUES ('568SS114', 'C6', 'S20', 'SS114', 'D191', 'DM274');
INSERT INTO diagnosis_modifiers VALUES ('DM275', 'INVASIVE LOBULAR');
INSERT INTO dis_relationship_master VALUES ('569SS164', 'C6', 'S20', 'SS164', 'D191', 'DM275');
INSERT INTO dis_relationship_diagnosis_to_diagnosis_modifier VALUES ('D191', 'DM275');
INSERT INTO dis_relationship_master VALUES ('569SS118', 'C6', 'S20', 'SS118', 'D191', 'DM275');
INSERT INTO dis_relationship_master VALUES ('569SS114', 'C6', 'S20', 'SS114', 'D191', 'DM275');
INSERT INTO diagnosis_modifiers VALUES ('DM276', 'INVASIVE LOBULAR - ALVEOLAR TYPE');
INSERT INTO dis_relationship_master VALUES ('570SS164', 'C6', 'S20', 'SS164', 'D191', 'DM276');
INSERT INTO dis_relationship_diagnosis_to_diagnosis_modifier VALUES ('D191', 'DM276');
INSERT INTO dis_relationship_master VALUES ('570SS118', 'C6', 'S20', 'SS118', 'D191', 'DM276');
INSERT INTO dis_relationship_master VALUES ('570SS114', 'C6', 'S20', 'SS114', 'D191', 'DM276');
INSERT INTO diagnosis_modifiers VALUES ('DM277', 'INVASIVE LOBULAR - PLEOMORPHIC');
INSERT INTO dis_relationship_master VALUES ('571SS164', 'C6', 'S20', 'SS164', 'D191', 'DM277');
INSERT INTO dis_relationship_diagnosis_to_diagnosis_modifier VALUES ('D191', 'DM277');
INSERT INTO dis_relationship_master VALUES ('571SS118', 'C6', 'S20', 'SS118', 'D191', 'DM277');
INSERT INTO dis_relationship_master VALUES ('571SS114', 'C6', 'S20', 'SS114', 'D191', 'DM277');
INSERT INTO diagnosis_modifiers VALUES ('DM278', 'INVASIVE LOBULAR - SOLID');
INSERT INTO dis_relationship_master VALUES ('572SS164', 'C6', 'S20', 'SS164', 'D191', 'DM278');
INSERT INTO dis_relationship_diagnosis_to_diagnosis_modifier VALUES ('D191', 'DM278');
INSERT INTO dis_relationship_master VALUES ('572SS118', 'C6', 'S20', 'SS118', 'D191', 'DM278');
INSERT INTO dis_relationship_master VALUES ('572SS114', 'C6', 'S20', 'SS114', 'D191', 'DM278');
INSERT INTO diagnosis_modifiers VALUES ('DM279', 'INVASIVE LOBULAR - TUBULOLOBULAR');
INSERT INTO dis_relationship_master VALUES ('573SS164', 'C6', 'S20', 'SS164', 'D191', 'DM279');
INSERT INTO dis_relationship_diagnosis_to_diagnosis_modifier VALUES ('D191', 'DM279');
INSERT INTO dis_relationship_master VALUES ('573SS118', 'C6', 'S20', 'SS118', 'D191', 'DM279');
INSERT INTO dis_relationship_master VALUES ('573SS114', 'C6', 'S20', 'SS114', 'D191', 'DM279');
INSERT INTO diagnosis_modifiers VALUES ('DM280', 'INVASIVE MICROPAPILLARY');
INSERT INTO dis_relationship_master VALUES ('574SS164', 'C6', 'S20', 'SS164', 'D191', 'DM280');
INSERT INTO dis_relationship_diagnosis_to_diagnosis_modifier VALUES ('D191', 'DM280');
INSERT INTO dis_relationship_master VALUES ('574SS118', 'C6', 'S20', 'SS118', 'D191', 'DM280');
INSERT INTO dis_relationship_master VALUES ('574SS114', 'C6', 'S20', 'SS114', 'D191', 'DM280');
INSERT INTO diagnosis_modifiers VALUES ('DM281', 'INVASIVE PAPILLARY-MUCINOUS');
INSERT INTO dis_relationship_master VALUES ('1070SS175', 'C6', 'S24', 'SS175', 'D191', 'DM281');
INSERT INTO dis_relationship_diagnosis_to_diagnosis_modifier VALUES ('D191', 'DM281');
INSERT INTO dis_relationship_master VALUES ('1070SS123', 'C6', 'S24', 'SS123', 'D191', 'DM281');
INSERT INTO diagnosis_modifiers VALUES ('DM282', 'LACRIMAL GLAND CARCINOMA');
INSERT INTO dis_relationship_master VALUES ('701SS199', 'C6', 'S58', 'SS199', 'D191', 'DM282');
INSERT INTO dis_relationship_diagnosis_to_diagnosis_modifier VALUES ('D191', 'DM282');
INSERT INTO dis_relationship_master VALUES ('701SS152', 'C6', 'S58', 'SS152', 'D191', 'DM282');
INSERT INTO dis_relationship_master VALUES ('701SS99', 'C6', 'S58', 'SS99', 'D191', 'DM282');
INSERT INTO dis_relationship_master VALUES ('701SS97', 'C6', 'S58', 'SS97', 'D191', 'DM282');
INSERT INTO dis_relationship_master VALUES ('701SS39', 'C6', 'S58', 'SS39', 'D191', 'DM282');
INSERT INTO dis_relationship_master VALUES ('701SS37', 'C6', 'S58', 'SS37', 'D191', 'DM282');
INSERT INTO diagnosis_modifiers VALUES ('DM283', 'LARGE CELL NEUROENDOCRINE');
INSERT INTO dis_relationship_master VALUES ('863SS125', 'C6', 'S94', 'SS125', 'D191', 'DM283');
INSERT INTO dis_relationship_diagnosis_to_diagnosis_modifier VALUES ('D191', 'DM283');
INSERT INTO dis_relationship_master VALUES ('730SS158', 'C6', 'S30', 'SS158', 'D191', 'DM283');
INSERT INTO dis_relationship_master VALUES ('730SS112', 'C6', 'S30', 'SS112', 'D191', 'DM283');
INSERT INTO dis_relationship_master VALUES ('730SS69', 'C6', 'S30', 'SS69', 'D191', 'DM283');
INSERT INTO dis_relationship_master VALUES ('730SS18', 'C6', 'S30', 'SS18', 'D191', 'DM283');
INSERT INTO diagnosis_modifiers VALUES ('DM284', 'LARGE CELL UNDIFFERENTIATED');
INSERT INTO dis_relationship_master VALUES ('1513', 'C6', 'S46', 'SS0', 'D191', 'DM284');
INSERT INTO dis_relationship_diagnosis_to_diagnosis_modifier VALUES ('D191', 'DM284');
INSERT INTO dis_relationship_master VALUES ('864SS125', 'C6', 'S94', 'SS125', 'D191', 'DM284');
INSERT INTO diagnosis_modifiers VALUES ('DM285', 'MEDULLARY CARCINOMA');
INSERT INTO dis_relationship_master VALUES ('1491SS101', 'C6', 'S73', 'SS101', 'D191', 'DM285');
INSERT INTO dis_relationship_diagnosis_to_diagnosis_modifier VALUES ('D191', 'DM285');
INSERT INTO dis_relationship_master VALUES ('1491SS148', 'C6', 'S73', 'SS148', 'D191', 'DM285');
INSERT INTO dis_relationship_master VALUES ('1491SS90', 'C6', 'S73', 'SS90', 'D191', 'DM285');
INSERT INTO dis_relationship_master VALUES ('1311SS166', 'C6', 'S76', 'SS166', 'D191', 'DM285');
INSERT INTO dis_relationship_master VALUES ('1311SS91', 'C6', 'S76', 'SS91', 'D191', 'DM285');
INSERT INTO dis_relationship_master VALUES ('1311SS85', 'C6', 'S76', 'SS85', 'D191', 'DM285');
INSERT INTO dis_relationship_master VALUES ('1311SS84', 'C6', 'S76', 'SS84', 'D191', 'DM285');
INSERT INTO dis_relationship_master VALUES ('1311SS83', 'C6', 'S76', 'SS83', 'D191', 'DM285');
INSERT INTO dis_relationship_master VALUES ('1311SS48', 'C6', 'S76', 'SS48', 'D191', 'DM285');
INSERT INTO dis_relationship_master VALUES ('1175SS166', 'C6', 'S64', 'SS166', 'D191', 'DM285');
INSERT INTO dis_relationship_master VALUES ('654SS186', 'C6', 'S67', 'SS186', 'D191', 'DM285');
INSERT INTO dis_relationship_master VALUES ('654SS185', 'C6', 'S67', 'SS185', 'D191', 'DM285');
INSERT INTO dis_relationship_master VALUES ('654SS184', 'C6', 'S67', 'SS184', 'D191', 'DM285');
INSERT INTO dis_relationship_master VALUES ('654SS166', 'C6', 'S67', 'SS166', 'D191', 'DM285');
INSERT INTO dis_relationship_master VALUES ('654SS161', 'C6', 'S67', 'SS161', 'D191', 'DM285');
INSERT INTO dis_relationship_master VALUES ('654SS45', 'C6', 'S67', 'SS45', 'D191', 'DM285');
INSERT INTO dis_relationship_master VALUES ('654SS36', 'C6', 'S67', 'SS36', 'D191', 'DM285');
INSERT INTO dis_relationship_master VALUES ('654SS27', 'C6', 'S67', 'SS27', 'D191', 'DM285');
INSERT INTO dis_relationship_master VALUES ('654SS10', 'C6', 'S67', 'SS10', 'D191', 'DM285');
INSERT INTO dis_relationship_master VALUES ('575SS164', 'C6', 'S20', 'SS164', 'D191', 'DM285');
INSERT INTO dis_relationship_master VALUES ('575SS118', 'C6', 'S20', 'SS118', 'D191', 'DM285');
INSERT INTO dis_relationship_master VALUES ('575SS114', 'C6', 'S20', 'SS114', 'D191', 'DM285');
INSERT INTO diagnosis_modifiers VALUES ('DM286', 'METAPLASTIC');
INSERT INTO dis_relationship_master VALUES ('576SS164', 'C6', 'S20', 'SS164', 'D191', 'DM286');
INSERT INTO dis_relationship_diagnosis_to_diagnosis_modifier VALUES ('D191', 'DM286');
INSERT INTO dis_relationship_master VALUES ('576SS118', 'C6', 'S20', 'SS118', 'D191', 'DM286');
INSERT INTO dis_relationship_master VALUES ('576SS114', 'C6', 'S20', 'SS114', 'D191', 'DM286');
INSERT INTO diagnosis_modifiers VALUES ('DM287', 'MIIXED ACINAR-ENDOCRINE');
INSERT INTO dis_relationship_master VALUES ('1071SS175', 'C6', 'S24', 'SS175', 'D191', 'DM287');
INSERT INTO dis_relationship_diagnosis_to_diagnosis_modifier VALUES ('D191', 'DM287');
INSERT INTO dis_relationship_master VALUES ('1071SS123', 'C6', 'S24', 'SS123', 'D191', 'DM287');
INSERT INTO diagnosis_modifiers VALUES ('DM288', 'MIXED DUCTAL-ENDOCRINE');
INSERT INTO dis_relationship_master VALUES ('1072SS175', 'C6', 'S24', 'SS175', 'D191', 'DM288');
INSERT INTO dis_relationship_diagnosis_to_diagnosis_modifier VALUES ('D191', 'DM288');
INSERT INTO dis_relationship_master VALUES ('1072SS123', 'C6', 'S24', 'SS123', 'D191', 'DM288');
INSERT INTO diagnosis_modifiers VALUES ('DM289', 'MUCINOUS ADENOCARCINOMA');
INSERT INTO dis_relationship_master VALUES ('1562SS81', 'C6', 'S95', 'SS81', 'D191', 'DM289');
INSERT INTO dis_relationship_diagnosis_to_diagnosis_modifier VALUES ('D191', 'DM289');
INSERT INTO dis_relationship_master VALUES ('1209SS172', 'C6', 'S97', 'SS172', 'D191', 'DM289');
INSERT INTO dis_relationship_master VALUES ('1209SS171', 'C6', 'S97', 'SS171', 'D191', 'DM289');
INSERT INTO dis_relationship_master VALUES ('1209SS170', 'C6', 'S97', 'SS170', 'D191', 'DM289');
INSERT INTO dis_relationship_master VALUES ('1209SS127', 'C6', 'S97', 'SS127', 'D191', 'DM289');
INSERT INTO dis_relationship_master VALUES ('1209SS110', 'C6', 'S97', 'SS110', 'D191', 'DM289');
INSERT INTO dis_relationship_master VALUES ('1176SS166', 'C6', 'S64', 'SS166', 'D191', 'DM289');
INSERT INTO dis_relationship_master VALUES ('712SS63', 'C6', 'S93', 'SS63', 'D191', 'DM289');
INSERT INTO dis_relationship_master VALUES ('655SS186', 'C6', 'S67', 'SS186', 'D191', 'DM289');
INSERT INTO dis_relationship_master VALUES ('655SS185', 'C6', 'S67', 'SS185', 'D191', 'DM289');
INSERT INTO dis_relationship_master VALUES ('655SS184', 'C6', 'S67', 'SS184', 'D191', 'DM289');
INSERT INTO dis_relationship_master VALUES ('655SS166', 'C6', 'S67', 'SS166', 'D191', 'DM289');
INSERT INTO dis_relationship_master VALUES ('655SS161', 'C6', 'S67', 'SS161', 'D191', 'DM289');
INSERT INTO dis_relationship_master VALUES ('655SS45', 'C6', 'S67', 'SS45', 'D191', 'DM289');
INSERT INTO dis_relationship_master VALUES ('655SS36', 'C6', 'S67', 'SS36', 'D191', 'DM289');
INSERT INTO dis_relationship_master VALUES ('655SS27', 'C6', 'S67', 'SS27', 'D191', 'DM289');
INSERT INTO dis_relationship_master VALUES ('655SS10', 'C6', 'S67', 'SS10', 'D191', 'DM289');
INSERT INTO dis_relationship_master VALUES ('577SS164', 'C6', 'S20', 'SS164', 'D191', 'DM289');
INSERT INTO dis_relationship_master VALUES ('577SS118', 'C6', 'S20', 'SS118', 'D191', 'DM289');
INSERT INTO dis_relationship_master VALUES ('577SS114', 'C6', 'S20', 'SS114', 'D191', 'DM289');
INSERT INTO dis_relationship_master VALUES ('64', 'C6', 'S0', 'SS0', 'D191', 'DM289');
INSERT INTO diagnosis_modifiers VALUES ('DM290', 'MUCINOUS NONCYSTIC');
INSERT INTO dis_relationship_master VALUES ('1073SS175', 'C6', 'S24', 'SS175', 'D191', 'DM290');
INSERT INTO dis_relationship_diagnosis_to_diagnosis_modifier VALUES ('D191', 'DM290');
INSERT INTO dis_relationship_master VALUES ('1073SS123', 'C6', 'S24', 'SS123', 'D191', 'DM290');
INSERT INTO diagnosis_modifiers VALUES ('DM291', 'MUCOEPIDERMOID');
INSERT INTO dis_relationship_master VALUES ('1210SS172', 'C6', 'S97', 'SS172', 'D191', 'DM291');
INSERT INTO dis_relationship_diagnosis_to_diagnosis_modifier VALUES ('D191', 'DM291');
INSERT INTO dis_relationship_master VALUES ('1210SS171', 'C6', 'S97', 'SS171', 'D191', 'DM291');
INSERT INTO dis_relationship_master VALUES ('1210SS170', 'C6', 'S97', 'SS170', 'D191', 'DM291');
INSERT INTO dis_relationship_master VALUES ('1210SS127', 'C6', 'S97', 'SS127', 'D191', 'DM291');
INSERT INTO dis_relationship_master VALUES ('1210SS110', 'C6', 'S97', 'SS110', 'D191', 'DM291');
INSERT INTO dis_relationship_master VALUES ('865SS125', 'C6', 'S94', 'SS125', 'D191', 'DM291');
INSERT INTO dis_relationship_master VALUES ('65', 'C6', 'S0', 'SS0', 'D191', 'DM291');
INSERT INTO diagnosis_modifiers VALUES ('DM292', 'MUCOEPIDERMOID CARCINOMA');
INSERT INTO dis_relationship_master VALUES ('1514', 'C6', 'S46', 'SS0', 'D191', 'DM292');
INSERT INTO dis_relationship_diagnosis_to_diagnosis_modifier VALUES ('D191', 'DM292');
INSERT INTO diagnosis_modifiers VALUES ('DM293', 'MYOEPITHELIAL (MYOEPITHELIOMA)');
INSERT INTO dis_relationship_master VALUES ('1211SS172', 'C6', 'S97', 'SS172', 'D191', 'DM293');
INSERT INTO dis_relationship_diagnosis_to_diagnosis_modifier VALUES ('D191', 'DM293');
INSERT INTO dis_relationship_master VALUES ('1211SS171', 'C6', 'S97', 'SS171', 'D191', 'DM293');
INSERT INTO dis_relationship_master VALUES ('1211SS170', 'C6', 'S97', 'SS170', 'D191', 'DM293');
INSERT INTO dis_relationship_master VALUES ('1211SS127', 'C6', 'S97', 'SS127', 'D191', 'DM293');
INSERT INTO dis_relationship_master VALUES ('1211SS110', 'C6', 'S97', 'SS110', 'D191', 'DM293');
INSERT INTO dis_relationship_master VALUES ('66', 'C6', 'S0', 'SS0', 'D191', 'DM293');
INSERT INTO diagnosis_modifiers VALUES ('DM294', 'NEUROENDOCRINE');
INSERT INTO dis_relationship_master VALUES ('1312SS166', 'C6', 'S76', 'SS166', 'D191', 'DM294');
INSERT INTO dis_relationship_diagnosis_to_diagnosis_modifier VALUES ('D191', 'DM294');
INSERT INTO dis_relationship_master VALUES ('1312SS91', 'C6', 'S76', 'SS91', 'D191', 'DM294');
INSERT INTO dis_relationship_master VALUES ('1312SS85', 'C6', 'S76', 'SS85', 'D191', 'DM294');
INSERT INTO dis_relationship_master VALUES ('1312SS84', 'C6', 'S76', 'SS84', 'D191', 'DM294');
INSERT INTO dis_relationship_master VALUES ('1312SS83', 'C6', 'S76', 'SS83', 'D191', 'DM294');
INSERT INTO dis_relationship_master VALUES ('1312SS48', 'C6', 'S76', 'SS48', 'D191', 'DM294');
INSERT INTO diagnosis_modifiers VALUES ('DM295', 'NEUROENDOCRINE - MERKEL CELL');
INSERT INTO dis_relationship_master VALUES ('1252SS157', 'C6', 'S1', 'SS157', 'D191', 'DM295');
INSERT INTO dis_relationship_diagnosis_to_diagnosis_modifier VALUES ('D191', 'DM295');
INSERT INTO dis_relationship_master VALUES ('1252SS156', 'C6', 'S1', 'SS156', 'D191', 'DM295');
INSERT INTO dis_relationship_master VALUES ('1252SS98', 'C6', 'S1', 'SS98', 'D191', 'DM295');
INSERT INTO dis_relationship_master VALUES ('1252SS73', 'C6', 'S1', 'SS73', 'D191', 'DM295');
INSERT INTO dis_relationship_master VALUES ('1252SS66', 'C6', 'S1', 'SS66', 'D191', 'DM295');
INSERT INTO dis_relationship_master VALUES ('1252SS65', 'C6', 'S1', 'SS65', 'D191', 'DM295');
INSERT INTO dis_relationship_master VALUES ('1252SS57', 'C6', 'S1', 'SS57', 'D191', 'DM295');
INSERT INTO dis_relationship_master VALUES ('1252SS19', 'C6', 'S1', 'SS19', 'D191', 'DM295');
INSERT INTO dis_relationship_master VALUES ('1252SS8', 'C6', 'S1', 'SS8', 'D191', 'DM295');
INSERT INTO dis_relationship_master VALUES ('1252SS2', 'C6', 'S1', 'SS2', 'D191', 'DM295');
INSERT INTO dis_relationship_master VALUES ('67', 'C6', 'S0', 'SS0', 'D191', 'DM295');
INSERT INTO diagnosis_modifiers VALUES ('DM296', 'NON SMALL CELL');
INSERT INTO dis_relationship_master VALUES ('616SS89', 'C6', 'S63', 'SS89', 'D191', 'DM296');
INSERT INTO dis_relationship_diagnosis_to_diagnosis_modifier VALUES ('D191', 'DM296');
INSERT INTO diagnosis_modifiers VALUES ('DM297', 'NON-SALIVARY GLAND');
INSERT INTO dis_relationship_master VALUES ('983SS181', 'C6', 'S51', 'SS181', 'D191', 'DM297');
INSERT INTO dis_relationship_diagnosis_to_diagnosis_modifier VALUES ('D191', 'DM297');
INSERT INTO dis_relationship_master VALUES ('983SS167', 'C6', 'S51', 'SS167', 'D191', 'DM297');
INSERT INTO dis_relationship_master VALUES ('983SS139', 'C6', 'S51', 'SS139', 'D191', 'DM297');
INSERT INTO dis_relationship_master VALUES ('983SS121', 'C6', 'S51', 'SS121', 'D191', 'DM297');
INSERT INTO dis_relationship_master VALUES ('983SS100', 'C6', 'S51', 'SS100', 'D191', 'DM297');
INSERT INTO dis_relationship_master VALUES ('983SS75', 'C6', 'S51', 'SS75', 'D191', 'DM297');
INSERT INTO dis_relationship_master VALUES ('983SS72', 'C6', 'S51', 'SS72', 'D191', 'DM297');
INSERT INTO dis_relationship_master VALUES ('983SS55', 'C6', 'S51', 'SS55', 'D191', 'DM297');
INSERT INTO diagnosis_modifiers VALUES ('DM298', 'NON-SMALL CELL');
INSERT INTO dis_relationship_master VALUES ('866SS125', 'C6', 'S94', 'SS125', 'D191', 'DM298');
INSERT INTO dis_relationship_diagnosis_to_diagnosis_modifier VALUES ('D191', 'DM298');
INSERT INTO diagnosis_modifiers VALUES ('DM299', 'ONCOCYTIC');
INSERT INTO dis_relationship_master VALUES ('1492SS101', 'C6', 'S73', 'SS101', 'D191', 'DM299');
INSERT INTO dis_relationship_diagnosis_to_diagnosis_modifier VALUES ('D191', 'DM299');
INSERT INTO dis_relationship_master VALUES ('1492SS148', 'C6', 'S73', 'SS148', 'D191', 'DM299');
INSERT INTO dis_relationship_master VALUES ('1492SS90', 'C6', 'S73', 'SS90', 'D191', 'DM299');
INSERT INTO dis_relationship_master VALUES ('1212SS172', 'C6', 'S97', 'SS172', 'D191', 'DM299');
INSERT INTO dis_relationship_master VALUES ('1212SS171', 'C6', 'S97', 'SS171', 'D191', 'DM299');
INSERT INTO dis_relationship_master VALUES ('1212SS170', 'C6', 'S97', 'SS170', 'D191', 'DM299');
INSERT INTO dis_relationship_master VALUES ('1212SS127', 'C6', 'S97', 'SS127', 'D191', 'DM299');
INSERT INTO dis_relationship_master VALUES ('1212SS110', 'C6', 'S97', 'SS110', 'D191', 'DM299');
INSERT INTO dis_relationship_master VALUES ('771SS151', 'C6', 'S82', 'SS151', 'D191', 'DM299');
INSERT INTO dis_relationship_master VALUES ('771SS105', 'C6', 'S82', 'SS105', 'D191', 'DM299');
INSERT INTO dis_relationship_master VALUES ('771SS42', 'C6', 'S82', 'SS42', 'D191', 'DM299');
INSERT INTO dis_relationship_master VALUES ('1493SS101', 'C6', 'S73', 'SS101', 'D191', 'DM12');
INSERT INTO dis_relationship_diagnosis_to_diagnosis_modifier VALUES ('D191', 'DM12');
INSERT INTO dis_relationship_master VALUES ('1493SS148', 'C6', 'S73', 'SS148', 'D191', 'DM12');
INSERT INTO dis_relationship_master VALUES ('1493SS90', 'C6', 'S73', 'SS90', 'D191', 'DM12');
INSERT INTO dis_relationship_master VALUES ('578SS164', 'C6', 'S20', 'SS164', 'D191', 'DM12');
INSERT INTO dis_relationship_master VALUES ('578SS118', 'C6', 'S20', 'SS118', 'D191', 'DM12');
INSERT INTO dis_relationship_master VALUES ('578SS114', 'C6', 'S20', 'SS114', 'D191', 'DM12');
INSERT INTO diagnosis_modifiers VALUES ('DM300', 'PAPILLARY SEROUS');
INSERT INTO dis_relationship_master VALUES ('1539SS166', 'C6', 'S70', 'SS166', 'D191', 'DM300');
INSERT INTO dis_relationship_diagnosis_to_diagnosis_modifier VALUES ('D191', 'DM300');
INSERT INTO dis_relationship_master VALUES ('1539SS136', 'C6', 'S70', 'SS136', 'D191', 'DM300');
INSERT INTO dis_relationship_master VALUES ('1539SS132', 'C6', 'S70', 'SS132', 'D191', 'DM300');
INSERT INTO dis_relationship_master VALUES ('1539SS115', 'C6', 'S70', 'SS115', 'D191', 'DM300');
INSERT INTO dis_relationship_master VALUES ('1539SS54', 'C6', 'S70', 'SS54', 'D191', 'DM300');
INSERT INTO diagnosis_modifiers VALUES ('DM301', 'POLYMORPHOUS LOW-GRADE');
INSERT INTO dis_relationship_master VALUES ('1213SS172', 'C6', 'S97', 'SS172', 'D191', 'DM301');
INSERT INTO dis_relationship_diagnosis_to_diagnosis_modifier VALUES ('D191', 'DM301');
INSERT INTO dis_relationship_master VALUES ('1213SS171', 'C6', 'S97', 'SS171', 'D191', 'DM301');
INSERT INTO dis_relationship_master VALUES ('1213SS170', 'C6', 'S97', 'SS170', 'D191', 'DM301');
INSERT INTO dis_relationship_master VALUES ('1213SS127', 'C6', 'S97', 'SS127', 'D191', 'DM301');
INSERT INTO dis_relationship_master VALUES ('1213SS110', 'C6', 'S97', 'SS110', 'D191', 'DM301');
INSERT INTO dis_relationship_master VALUES ('68', 'C6', 'S0', 'SS0', 'D191', 'DM301');
INSERT INTO diagnosis_modifiers VALUES ('DM302', 'PRIMARY PERITONEAL');
INSERT INTO dis_relationship_master VALUES ('1118SS1', 'C6', 'S45', 'SS1', 'D191', 'DM302');
INSERT INTO dis_relationship_diagnosis_to_diagnosis_modifier VALUES ('D191', 'DM302');
INSERT INTO dis_relationship_master VALUES ('956SS141', 'C6', 'S61', 'SS141', 'D191', 'DM302');
INSERT INTO dis_relationship_master VALUES ('956SS135', 'C6', 'S61', 'SS135', 'D191', 'DM302');
INSERT INTO diagnosis_modifiers VALUES ('DM303', 'PROSTATIC DUCT');
INSERT INTO dis_relationship_master VALUES ('1151SS183', 'C6', 'S14', 'SS183', 'D191', 'DM303');
INSERT INTO dis_relationship_diagnosis_to_diagnosis_modifier VALUES ('D191', 'DM303');
INSERT INTO dis_relationship_master VALUES ('1151SS138', 'C6', 'S14', 'SS138', 'D191', 'DM303');
INSERT INTO dis_relationship_master VALUES ('1151SS134', 'C6', 'S14', 'SS134', 'D191', 'DM303');
INSERT INTO diagnosis_modifiers VALUES ('DM304', 'SALIVARY DUCT');
INSERT INTO dis_relationship_master VALUES ('1214SS172', 'C6', 'S97', 'SS172', 'D191', 'DM304');
INSERT INTO dis_relationship_diagnosis_to_diagnosis_modifier VALUES ('D191', 'DM304');
INSERT INTO dis_relationship_master VALUES ('1214SS171', 'C6', 'S97', 'SS171', 'D191', 'DM304');
INSERT INTO dis_relationship_master VALUES ('1214SS170', 'C6', 'S97', 'SS170', 'D191', 'DM304');
INSERT INTO dis_relationship_master VALUES ('1214SS127', 'C6', 'S97', 'SS127', 'D191', 'DM304');
INSERT INTO dis_relationship_master VALUES ('1214SS110', 'C6', 'S97', 'SS110', 'D191', 'DM304');
INSERT INTO dis_relationship_master VALUES ('984SS181', 'C6', 'S51', 'SS181', 'D191', 'DM215');
INSERT INTO dis_relationship_diagnosis_to_diagnosis_modifier VALUES ('D191', 'DM215');
INSERT INTO dis_relationship_master VALUES ('984SS167', 'C6', 'S51', 'SS167', 'D191', 'DM215');
INSERT INTO dis_relationship_master VALUES ('984SS139', 'C6', 'S51', 'SS139', 'D191', 'DM215');
INSERT INTO dis_relationship_master VALUES ('984SS121', 'C6', 'S51', 'SS121', 'D191', 'DM215');
INSERT INTO dis_relationship_master VALUES ('984SS100', 'C6', 'S51', 'SS100', 'D191', 'DM215');
INSERT INTO dis_relationship_master VALUES ('984SS75', 'C6', 'S51', 'SS75', 'D191', 'DM215');
INSERT INTO dis_relationship_master VALUES ('984SS72', 'C6', 'S51', 'SS72', 'D191', 'DM215');
INSERT INTO dis_relationship_master VALUES ('984SS55', 'C6', 'S51', 'SS55', 'D191', 'DM215');
INSERT INTO dis_relationship_master VALUES ('867SS125', 'C6', 'S94', 'SS125', 'D191', 'DM215');
INSERT INTO dis_relationship_master VALUES ('579SS164', 'C6', 'S20', 'SS164', 'D191', 'DM215');
INSERT INTO dis_relationship_master VALUES ('579SS118', 'C6', 'S20', 'SS118', 'D191', 'DM215');
INSERT INTO dis_relationship_master VALUES ('579SS114', 'C6', 'S20', 'SS114', 'D191', 'DM215');
INSERT INTO diagnosis_modifiers VALUES ('DM305', 'SARCOMATOID');
INSERT INTO dis_relationship_master VALUES ('1152SS183', 'C6', 'S14', 'SS183', 'D191', 'DM305');
INSERT INTO dis_relationship_diagnosis_to_diagnosis_modifier VALUES ('D191', 'DM305');
INSERT INTO dis_relationship_master VALUES ('1152SS138', 'C6', 'S14', 'SS138', 'D191', 'DM305');
INSERT INTO dis_relationship_master VALUES ('1152SS134', 'C6', 'S14', 'SS134', 'D191', 'DM305');
INSERT INTO dis_relationship_master VALUES ('2416SS164', 'C6', 'S20', 'SS164', 'D191', 'DM305');
INSERT INTO dis_relationship_master VALUES ('2416SS118', 'C6', 'S20', 'SS118', 'D191', 'DM305');
INSERT INTO dis_relationship_master VALUES ('2416SS114', 'C6', 'S20', 'SS114', 'D191', 'DM305');
INSERT INTO dis_relationship_master VALUES ('2415SS166', 'C6', 'S60', 'SS166', 'D191', 'DM305');
INSERT INTO dis_relationship_master VALUES ('2414SS157', 'C6', 'S1', 'SS157', 'D191', 'DM305');
INSERT INTO dis_relationship_master VALUES ('2414SS156', 'C6', 'S1', 'SS156', 'D191', 'DM305');
INSERT INTO dis_relationship_master VALUES ('2414SS98', 'C6', 'S1', 'SS98', 'D191', 'DM305');
INSERT INTO dis_relationship_master VALUES ('2414SS73', 'C6', 'S1', 'SS73', 'D191', 'DM305');
INSERT INTO dis_relationship_master VALUES ('2414SS66', 'C6', 'S1', 'SS66', 'D191', 'DM305');
INSERT INTO dis_relationship_master VALUES ('2414SS65', 'C6', 'S1', 'SS65', 'D191', 'DM305');
INSERT INTO dis_relationship_master VALUES ('2414SS57', 'C6', 'S1', 'SS57', 'D191', 'DM305');
INSERT INTO dis_relationship_master VALUES ('2414SS19', 'C6', 'S1', 'SS19', 'D191', 'DM305');
INSERT INTO dis_relationship_master VALUES ('2414SS8', 'C6', 'S1', 'SS8', 'D191', 'DM305');
INSERT INTO dis_relationship_master VALUES ('2414SS2', 'C6', 'S1', 'SS2', 'D191', 'DM305');
INSERT INTO dis_relationship_master VALUES ('2413SS1', 'C6', 'S72', 'SS1', 'D191', 'DM305');
INSERT INTO dis_relationship_master VALUES ('2412SS197', 'C6', 'S84', 'SS197', 'D191', 'DM305');
INSERT INTO dis_relationship_master VALUES ('2412SS113', 'C6', 'S84', 'SS113', 'D191', 'DM305');
INSERT INTO dis_relationship_master VALUES ('2407SS1', 'C6', 'S15', 'SS1', 'D191', 'DM305');
INSERT INTO dis_relationship_master VALUES ('2406SS199', 'C6', 'S58', 'SS199', 'D191', 'DM305');
INSERT INTO dis_relationship_master VALUES ('2406SS152', 'C6', 'S58', 'SS152', 'D191', 'DM305');
INSERT INTO dis_relationship_master VALUES ('2406SS99', 'C6', 'S58', 'SS99', 'D191', 'DM305');
INSERT INTO dis_relationship_master VALUES ('2406SS97', 'C6', 'S58', 'SS97', 'D191', 'DM305');
INSERT INTO dis_relationship_master VALUES ('2406SS39', 'C6', 'S58', 'SS39', 'D191', 'DM305');
INSERT INTO dis_relationship_master VALUES ('2406SS37', 'C6', 'S58', 'SS37', 'D191', 'DM305');
INSERT INTO dis_relationship_master VALUES ('2405SS1', 'C6', 'S98', 'SS1', 'D191', 'DM305');
INSERT INTO dis_relationship_master VALUES ('2404', 'C6', 'S46', 'SS0', 'D191', 'DM305');
INSERT INTO dis_relationship_master VALUES ('2403SS186', 'C6', 'S67', 'SS186', 'D191', 'DM305');
INSERT INTO dis_relationship_master VALUES ('2403SS185', 'C6', 'S67', 'SS185', 'D191', 'DM305');
INSERT INTO dis_relationship_master VALUES ('2403SS184', 'C6', 'S67', 'SS184', 'D191', 'DM305');
INSERT INTO dis_relationship_master VALUES ('2403SS166', 'C6', 'S67', 'SS166', 'D191', 'DM305');
INSERT INTO dis_relationship_master VALUES ('2403SS161', 'C6', 'S67', 'SS161', 'D191', 'DM305');
INSERT INTO dis_relationship_master VALUES ('2403SS45', 'C6', 'S67', 'SS45', 'D191', 'DM305');
INSERT INTO dis_relationship_master VALUES ('2403SS36', 'C6', 'S67', 'SS36', 'D191', 'DM305');
INSERT INTO dis_relationship_master VALUES ('2403SS27', 'C6', 'S67', 'SS27', 'D191', 'DM305');
INSERT INTO dis_relationship_master VALUES ('2403SS10', 'C6', 'S67', 'SS10', 'D191', 'DM305');
INSERT INTO dis_relationship_master VALUES ('2402SS1', 'C6', 'S39', 'SS1', 'D191', 'DM305');
INSERT INTO dis_relationship_master VALUES ('2401SS166', 'C6', 'S100', 'SS166', 'D191', 'DM305');
INSERT INTO dis_relationship_master VALUES ('2401SS147', 'C6', 'S100', 'SS147', 'D191', 'DM305');
INSERT INTO dis_relationship_master VALUES ('2401SS145', 'C6', 'S100', 'SS145', 'D191', 'DM305');
INSERT INTO dis_relationship_master VALUES ('2401SS68', 'C6', 'S100', 'SS68', 'D191', 'DM305');
INSERT INTO dis_relationship_master VALUES ('2401SS5', 'C6', 'S100', 'SS5', 'D191', 'DM305');
INSERT INTO dis_relationship_master VALUES ('2401SS24', 'C6', 'S100', 'SS24', 'D191', 'DM305');
INSERT INTO dis_relationship_master VALUES ('2397SS63', 'C6', 'S93', 'SS63', 'D191', 'DM305');
INSERT INTO dis_relationship_master VALUES ('2396SS53', 'C6', 'S62', 'SS53', 'D191', 'DM305');
INSERT INTO dis_relationship_master VALUES ('2396SS51', 'C6', 'S62', 'SS51', 'D191', 'DM305');
INSERT INTO dis_relationship_master VALUES ('2396SS50', 'C6', 'S62', 'SS50', 'D191', 'DM305');
INSERT INTO dis_relationship_master VALUES ('2394SS81', 'C6', 'S95', 'SS81', 'D191', 'DM305');
INSERT INTO dis_relationship_master VALUES ('2391SS175', 'C6', 'S24', 'SS175', 'D191', 'DM305');
INSERT INTO dis_relationship_master VALUES ('2391SS123', 'C6', 'S24', 'SS123', 'D191', 'DM305');
INSERT INTO dis_relationship_master VALUES ('2390SS166', 'C6', 'S26', 'SS166', 'D191', 'DM305');
INSERT INTO dis_relationship_master VALUES ('2390SS158', 'C6', 'S26', 'SS158', 'D191', 'DM305');
INSERT INTO dis_relationship_master VALUES ('2390SS112', 'C6', 'S26', 'SS112', 'D191', 'DM305');
INSERT INTO dis_relationship_master VALUES ('2389', 'C6', 'S54', 'SS0', 'D191', 'DM305');
INSERT INTO dis_relationship_master VALUES ('2388SS172', 'C6', 'S97', 'SS172', 'D191', 'DM305');
INSERT INTO dis_relationship_master VALUES ('2388SS171', 'C6', 'S97', 'SS171', 'D191', 'DM305');
INSERT INTO dis_relationship_master VALUES ('2388SS170', 'C6', 'S97', 'SS170', 'D191', 'DM305');
INSERT INTO dis_relationship_master VALUES ('2388SS127', 'C6', 'S97', 'SS127', 'D191', 'DM305');
INSERT INTO dis_relationship_master VALUES ('2388SS110', 'C6', 'S97', 'SS110', 'D191', 'DM305');
INSERT INTO dis_relationship_master VALUES ('2387SS137', 'C6', 'S35', 'SS137', 'D191', 'DM305');
INSERT INTO dis_relationship_master VALUES ('2387SS52', 'C6', 'S35', 'SS52', 'D191', 'DM305');
INSERT INTO dis_relationship_master VALUES ('2387SS80', 'C6', 'S35', 'SS80', 'D191', 'DM305');
INSERT INTO dis_relationship_master VALUES ('2387SS42', 'C6', 'S35', 'SS42', 'D191', 'DM305');
INSERT INTO dis_relationship_master VALUES ('2387SS41', 'C6', 'S35', 'SS41', 'D191', 'DM305');
INSERT INTO dis_relationship_master VALUES ('2386SS96', 'C6', 'S78', 'SS96', 'D191', 'DM305');
INSERT INTO dis_relationship_master VALUES ('2386SS95', 'C6', 'S78', 'SS95', 'D191', 'DM305');
INSERT INTO dis_relationship_master VALUES ('2385SS1', 'C6', 'S7', 'SS1', 'D191', 'DM305');
INSERT INTO dis_relationship_master VALUES ('2385SS71', 'C6', 'S7', 'SS71', 'D191', 'DM305');
INSERT INTO dis_relationship_master VALUES ('2385SS56', 'C6', 'S7', 'SS56', 'D191', 'DM305');
INSERT INTO dis_relationship_master VALUES ('2383SS74', 'C6', 'S28', 'SS74', 'D191', 'DM305');
INSERT INTO dis_relationship_master VALUES ('2381SS101', 'C6', 'S73', 'SS101', 'D191', 'DM305');
INSERT INTO dis_relationship_master VALUES ('2381SS148', 'C6', 'S73', 'SS148', 'D191', 'DM305');
INSERT INTO dis_relationship_master VALUES ('2381SS90', 'C6', 'S73', 'SS90', 'D191', 'DM305');
INSERT INTO dis_relationship_master VALUES ('2380SS166', 'C6', 'S64', 'SS166', 'D191', 'DM305');
INSERT INTO dis_relationship_master VALUES ('2378SS1', 'C6', 'S45', 'SS1', 'D191', 'DM305');
INSERT INTO dis_relationship_master VALUES ('2377SS105', 'C6', 'S85', 'SS105', 'D191', 'DM305');
INSERT INTO dis_relationship_master VALUES ('2377SS42', 'C6', 'S85', 'SS42', 'D191', 'DM305');
INSERT INTO dis_relationship_master VALUES ('2376SS89', 'C6', 'S63', 'SS89', 'D191', 'DM305');
INSERT INTO dis_relationship_master VALUES ('2375SS181', 'C6', 'S51', 'SS181', 'D191', 'DM305');
INSERT INTO dis_relationship_master VALUES ('2375SS167', 'C6', 'S51', 'SS167', 'D191', 'DM305');
INSERT INTO dis_relationship_master VALUES ('2375SS139', 'C6', 'S51', 'SS139', 'D191', 'DM305');
INSERT INTO dis_relationship_master VALUES ('2375SS121', 'C6', 'S51', 'SS121', 'D191', 'DM305');
INSERT INTO dis_relationship_master VALUES ('2375SS100', 'C6', 'S51', 'SS100', 'D191', 'DM305');
INSERT INTO dis_relationship_master VALUES ('2375SS75', 'C6', 'S51', 'SS75', 'D191', 'DM305');
INSERT INTO dis_relationship_master VALUES ('2375SS72', 'C6', 'S51', 'SS72', 'D191', 'DM305');
INSERT INTO dis_relationship_master VALUES ('2375SS55', 'C6', 'S51', 'SS55', 'D191', 'DM305');
INSERT INTO dis_relationship_master VALUES ('2374SS125', 'C6', 'S94', 'SS125', 'D191', 'DM305');
INSERT INTO dis_relationship_master VALUES ('2373SS44', 'C6', 'S87', 'SS44', 'D191', 'DM305');
INSERT INTO dis_relationship_master VALUES ('2372', 'C6', 'S0', 'SS0', 'D191', 'DM305');
INSERT INTO dis_relationship_master VALUES ('2371SS105', 'C6', 'S80', 'SS105', 'D191', 'DM305');
INSERT INTO dis_relationship_master VALUES ('2371SS42', 'C6', 'S80', 'SS42', 'D191', 'DM305');
INSERT INTO dis_relationship_master VALUES ('2370SS1', 'C6', 'S6', 'SS1', 'D191', 'DM305');
INSERT INTO dis_relationship_master VALUES ('2367SS1', 'C6', 'S49', 'SS1', 'D191', 'DM305');
INSERT INTO dis_relationship_master VALUES ('2366SS158', 'C6', 'S30', 'SS158', 'D191', 'DM305');
INSERT INTO dis_relationship_master VALUES ('2366SS112', 'C6', 'S30', 'SS112', 'D191', 'DM305');
INSERT INTO dis_relationship_master VALUES ('2366SS69', 'C6', 'S30', 'SS69', 'D191', 'DM305');
INSERT INTO dis_relationship_master VALUES ('2366SS18', 'C6', 'S30', 'SS18', 'D191', 'DM305');
INSERT INTO dis_relationship_master VALUES ('2364SS166', 'C6', 'S70', 'SS166', 'D191', 'DM305');
INSERT INTO dis_relationship_master VALUES ('2364SS136', 'C6', 'S70', 'SS136', 'D191', 'DM305');
INSERT INTO dis_relationship_master VALUES ('2364SS132', 'C6', 'S70', 'SS132', 'D191', 'DM305');
INSERT INTO dis_relationship_master VALUES ('2364SS115', 'C6', 'S70', 'SS115', 'D191', 'DM305');
INSERT INTO dis_relationship_master VALUES ('2364SS54', 'C6', 'S70', 'SS54', 'D191', 'DM305');
INSERT INTO dis_relationship_master VALUES ('2363SS141', 'C6', 'S61', 'SS141', 'D191', 'DM305');
INSERT INTO dis_relationship_master VALUES ('2363SS135', 'C6', 'S61', 'SS135', 'D191', 'DM305');
INSERT INTO dis_relationship_master VALUES ('2362SS1', 'C6', 'S11', 'SS1', 'D191', 'DM305');
INSERT INTO dis_relationship_master VALUES ('2361SS1', 'C6', 'S42', 'SS1', 'D191', 'DM305');
INSERT INTO dis_relationship_master VALUES ('773SS151', 'C6', 'S82', 'SS151', 'D191', 'DM305');
INSERT INTO dis_relationship_master VALUES ('773SS105', 'C6', 'S82', 'SS105', 'D191', 'DM305');
INSERT INTO dis_relationship_master VALUES ('773SS42', 'C6', 'S82', 'SS42', 'D191', 'DM305');
INSERT INTO dis_relationship_master VALUES ('1215SS172', 'C6', 'S97', 'SS172', 'D191', 'DM216');
INSERT INTO dis_relationship_diagnosis_to_diagnosis_modifier VALUES ('D191', 'DM216');
INSERT INTO dis_relationship_master VALUES ('1215SS171', 'C6', 'S97', 'SS171', 'D191', 'DM216');
INSERT INTO dis_relationship_master VALUES ('1215SS170', 'C6', 'S97', 'SS170', 'D191', 'DM216');
INSERT INTO dis_relationship_master VALUES ('1215SS127', 'C6', 'S97', 'SS127', 'D191', 'DM216');
INSERT INTO dis_relationship_master VALUES ('1215SS110', 'C6', 'S97', 'SS110', 'D191', 'DM216');
INSERT INTO dis_relationship_master VALUES ('69', 'C6', 'S0', 'SS0', 'D191', 'DM216');
INSERT INTO dis_relationship_master VALUES ('713SS63', 'C6', 'S93', 'SS63', 'D191', 'DM246');
INSERT INTO dis_relationship_diagnosis_to_diagnosis_modifier VALUES ('D191', 'DM246');
INSERT INTO diagnosis_modifiers VALUES ('DM306', 'SIGNET-RING CELL');
INSERT INTO dis_relationship_master VALUES ('1429SS166', 'C6', 'S100', 'SS166', 'D191', 'DM306');
INSERT INTO dis_relationship_diagnosis_to_diagnosis_modifier VALUES ('D191', 'DM306');
INSERT INTO dis_relationship_master VALUES ('1429SS147', 'C6', 'S100', 'SS147', 'D191', 'DM306');
INSERT INTO dis_relationship_master VALUES ('1429SS145', 'C6', 'S100', 'SS145', 'D191', 'DM306');
INSERT INTO dis_relationship_master VALUES ('1429SS68', 'C6', 'S100', 'SS68', 'D191', 'DM306');
INSERT INTO dis_relationship_master VALUES ('1429SS5', 'C6', 'S100', 'SS5', 'D191', 'DM306');
INSERT INTO dis_relationship_master VALUES ('1429SS24', 'C6', 'S100', 'SS24', 'D191', 'DM306');
INSERT INTO dis_relationship_master VALUES ('1313SS166', 'C6', 'S76', 'SS166', 'D191', 'DM306');
INSERT INTO dis_relationship_master VALUES ('1313SS91', 'C6', 'S76', 'SS91', 'D191', 'DM306');
INSERT INTO dis_relationship_master VALUES ('1313SS85', 'C6', 'S76', 'SS85', 'D191', 'DM306');
INSERT INTO dis_relationship_master VALUES ('1313SS84', 'C6', 'S76', 'SS84', 'D191', 'DM306');
INSERT INTO dis_relationship_master VALUES ('1313SS83', 'C6', 'S76', 'SS83', 'D191', 'DM306');
INSERT INTO dis_relationship_master VALUES ('1313SS48', 'C6', 'S76', 'SS48', 'D191', 'DM306');
INSERT INTO dis_relationship_master VALUES ('1177SS166', 'C6', 'S64', 'SS166', 'D191', 'DM306');
INSERT INTO dis_relationship_master VALUES ('1153SS183', 'C6', 'S14', 'SS183', 'D191', 'DM306');
INSERT INTO dis_relationship_master VALUES ('1153SS138', 'C6', 'S14', 'SS138', 'D191', 'DM306');
INSERT INTO dis_relationship_master VALUES ('1153SS134', 'C6', 'S14', 'SS134', 'D191', 'DM306');
INSERT INTO dis_relationship_master VALUES ('70', 'C6', 'S0', 'SS0', 'D191', 'DM306');
INSERT INTO diagnosis_modifiers VALUES ('DM307', 'SMALL CELL');
INSERT INTO dis_relationship_master VALUES ('1515', 'C6', 'S46', 'SS0', 'D191', 'DM307');
INSERT INTO dis_relationship_diagnosis_to_diagnosis_modifier VALUES ('D191', 'DM307');
INSERT INTO dis_relationship_master VALUES ('1477SS105', 'C6', 'S85', 'SS105', 'D191', 'DM307');
INSERT INTO dis_relationship_master VALUES ('1477SS42', 'C6', 'S85', 'SS42', 'D191', 'DM307');
INSERT INTO dis_relationship_master VALUES ('1314SS166', 'C6', 'S76', 'SS166', 'D191', 'DM307');
INSERT INTO dis_relationship_master VALUES ('1314SS91', 'C6', 'S76', 'SS91', 'D191', 'DM307');
INSERT INTO dis_relationship_master VALUES ('1314SS85', 'C6', 'S76', 'SS85', 'D191', 'DM307');
INSERT INTO dis_relationship_master VALUES ('1314SS84', 'C6', 'S76', 'SS84', 'D191', 'DM307');
INSERT INTO dis_relationship_master VALUES ('1314SS83', 'C6', 'S76', 'SS83', 'D191', 'DM307');
INSERT INTO dis_relationship_master VALUES ('1314SS48', 'C6', 'S76', 'SS48', 'D191', 'DM307');
INSERT INTO dis_relationship_master VALUES ('1216SS172', 'C6', 'S97', 'SS172', 'D191', 'DM307');
INSERT INTO dis_relationship_master VALUES ('1216SS171', 'C6', 'S97', 'SS171', 'D191', 'DM307');
INSERT INTO dis_relationship_master VALUES ('1216SS170', 'C6', 'S97', 'SS170', 'D191', 'DM307');
INSERT INTO dis_relationship_master VALUES ('1216SS127', 'C6', 'S97', 'SS127', 'D191', 'DM307');
INSERT INTO dis_relationship_master VALUES ('1216SS110', 'C6', 'S97', 'SS110', 'D191', 'DM307');
INSERT INTO dis_relationship_master VALUES ('1154SS183', 'C6', 'S14', 'SS183', 'D191', 'DM307');
INSERT INTO dis_relationship_master VALUES ('1154SS138', 'C6', 'S14', 'SS138', 'D191', 'DM307');
INSERT INTO dis_relationship_master VALUES ('1154SS134', 'C6', 'S14', 'SS134', 'D191', 'DM307');
INSERT INTO dis_relationship_master VALUES ('868SS125', 'C6', 'S94', 'SS125', 'D191', 'DM307');
INSERT INTO dis_relationship_master VALUES ('1026SS137', 'C6', 'S35', 'SS137', 'D191', 'DM307');
INSERT INTO dis_relationship_master VALUES ('1026SS52', 'C6', 'S35', 'SS52', 'D191', 'DM307');
INSERT INTO dis_relationship_master VALUES ('1026SS80', 'C6', 'S35', 'SS80', 'D191', 'DM307');
INSERT INTO dis_relationship_master VALUES ('1026SS42', 'C6', 'S35', 'SS42', 'D191', 'DM307');
INSERT INTO dis_relationship_master VALUES ('1026SS41', 'C6', 'S35', 'SS41', 'D191', 'DM307');
INSERT INTO dis_relationship_master VALUES ('71', 'C6', 'S0', 'SS0', 'D191', 'DM307');
INSERT INTO diagnosis_modifiers VALUES ('DM308', 'SPINDLE CELL METAPLASIA');
INSERT INTO dis_relationship_master VALUES ('580SS164', 'C6', 'S20', 'SS164', 'D191', 'DM308');
INSERT INTO dis_relationship_diagnosis_to_diagnosis_modifier VALUES ('D191', 'DM308');
INSERT INTO dis_relationship_master VALUES ('580SS118', 'C6', 'S20', 'SS118', 'D191', 'DM308');
INSERT INTO dis_relationship_master VALUES ('580SS114', 'C6', 'S20', 'SS114', 'D191', 'DM308');
INSERT INTO diagnosis_modifiers VALUES ('DM309', 'SQUAMOUS CELL');
INSERT INTO dis_relationship_master VALUES ('1601SS96', 'C6', 'S78', 'SS96', 'D191', 'DM309');
INSERT INTO dis_relationship_diagnosis_to_diagnosis_modifier VALUES ('D191', 'DM309');
INSERT INTO dis_relationship_master VALUES ('1601SS95', 'C6', 'S78', 'SS95', 'D191', 'DM309');
INSERT INTO dis_relationship_master VALUES ('1563SS81', 'C6', 'S95', 'SS81', 'D191', 'DM309');
INSERT INTO dis_relationship_master VALUES ('1540SS166', 'C6', 'S70', 'SS166', 'D191', 'DM309');
INSERT INTO dis_relationship_master VALUES ('1540SS136', 'C6', 'S70', 'SS136', 'D191', 'DM309');
INSERT INTO dis_relationship_master VALUES ('1540SS132', 'C6', 'S70', 'SS132', 'D191', 'DM309');
INSERT INTO dis_relationship_master VALUES ('1540SS115', 'C6', 'S70', 'SS115', 'D191', 'DM309');
INSERT INTO dis_relationship_master VALUES ('1540SS54', 'C6', 'S70', 'SS54', 'D191', 'DM309');
INSERT INTO dis_relationship_master VALUES ('1516', 'C6', 'S46', 'SS0', 'D191', 'DM309');
INSERT INTO dis_relationship_master VALUES ('1505', 'C6', 'S54', 'SS0', 'D191', 'DM309');
INSERT INTO dis_relationship_master VALUES ('1315SS166', 'C6', 'S76', 'SS166', 'D191', 'DM309');
INSERT INTO dis_relationship_master VALUES ('1315SS91', 'C6', 'S76', 'SS91', 'D191', 'DM309');
INSERT INTO dis_relationship_master VALUES ('1315SS85', 'C6', 'S76', 'SS85', 'D191', 'DM309');
INSERT INTO dis_relationship_master VALUES ('1315SS84', 'C6', 'S76', 'SS84', 'D191', 'DM309');
INSERT INTO dis_relationship_master VALUES ('1315SS83', 'C6', 'S76', 'SS83', 'D191', 'DM309');
INSERT INTO dis_relationship_master VALUES ('1315SS48', 'C6', 'S76', 'SS48', 'D191', 'DM309');
INSERT INTO dis_relationship_master VALUES ('1253SS157', 'C6', 'S1', 'SS157', 'D191', 'DM309');
INSERT INTO dis_relationship_master VALUES ('1253SS156', 'C6', 'S1', 'SS156', 'D191', 'DM309');
INSERT INTO dis_relationship_master VALUES ('1253SS98', 'C6', 'S1', 'SS98', 'D191', 'DM309');
INSERT INTO dis_relationship_master VALUES ('1253SS73', 'C6', 'S1', 'SS73', 'D191', 'DM309');
INSERT INTO dis_relationship_master VALUES ('1253SS66', 'C6', 'S1', 'SS66', 'D191', 'DM309');
INSERT INTO dis_relationship_master VALUES ('1253SS65', 'C6', 'S1', 'SS65', 'D191', 'DM309');
INSERT INTO dis_relationship_master VALUES ('1253SS57', 'C6', 'S1', 'SS57', 'D191', 'DM309');
INSERT INTO dis_relationship_master VALUES ('1253SS19', 'C6', 'S1', 'SS19', 'D191', 'DM309');
INSERT INTO dis_relationship_master VALUES ('1253SS8', 'C6', 'S1', 'SS8', 'D191', 'DM309');
INSERT INTO dis_relationship_master VALUES ('1253SS2', 'C6', 'S1', 'SS2', 'D191', 'DM309');
INSERT INTO dis_relationship_master VALUES ('1113SS74', 'C6', 'S28', 'SS74', 'D191', 'DM309');
INSERT INTO dis_relationship_master VALUES ('985SS181', 'C6', 'S51', 'SS181', 'D191', 'DM309');
INSERT INTO dis_relationship_master VALUES ('985SS167', 'C6', 'S51', 'SS167', 'D191', 'DM309');
INSERT INTO dis_relationship_master VALUES ('985SS139', 'C6', 'S51', 'SS139', 'D191', 'DM309');
INSERT INTO dis_relationship_master VALUES ('985SS121', 'C6', 'S51', 'SS121', 'D191', 'DM309');
INSERT INTO dis_relationship_master VALUES ('985SS100', 'C6', 'S51', 'SS100', 'D191', 'DM309');
INSERT INTO dis_relationship_master VALUES ('985SS75', 'C6', 'S51', 'SS75', 'D191', 'DM309');
INSERT INTO dis_relationship_master VALUES ('985SS72', 'C6', 'S51', 'SS72', 'D191', 'DM309');
INSERT INTO dis_relationship_master VALUES ('985SS55', 'C6', 'S51', 'SS55', 'D191', 'DM309');
INSERT INTO dis_relationship_master VALUES ('965SS1', 'C6', 'S72', 'SS1', 'D191', 'DM309');
INSERT INTO dis_relationship_master VALUES ('964SS1', 'C6', 'S72', 'SS1', 'D191', 'DM309');
INSERT INTO dis_relationship_master VALUES ('869SS125', 'C6', 'S94', 'SS125', 'D191', 'DM309');
INSERT INTO dis_relationship_master VALUES ('1217SS172', 'C6', 'S97', 'SS172', 'D191', 'DM309');
INSERT INTO dis_relationship_master VALUES ('1217SS171', 'C6', 'S97', 'SS171', 'D191', 'DM309');
INSERT INTO dis_relationship_master VALUES ('1217SS170', 'C6', 'S97', 'SS170', 'D191', 'DM309');
INSERT INTO dis_relationship_master VALUES ('1217SS127', 'C6', 'S97', 'SS127', 'D191', 'DM309');
INSERT INTO dis_relationship_master VALUES ('1217SS110', 'C6', 'S97', 'SS110', 'D191', 'DM309');
INSERT INTO dis_relationship_master VALUES ('801SS197', 'C6', 'S84', 'SS197', 'D191', 'DM309');
INSERT INTO dis_relationship_master VALUES ('801SS113', 'C6', 'S84', 'SS113', 'D191', 'DM309');
INSERT INTO dis_relationship_master VALUES ('714SS63', 'C6', 'S93', 'SS63', 'D191', 'DM309');
INSERT INTO dis_relationship_master VALUES ('683SS1', 'C6', 'S7', 'SS1', 'D191', 'DM309');
INSERT INTO dis_relationship_master VALUES ('683SS71', 'C6', 'S7', 'SS71', 'D191', 'DM309');
INSERT INTO dis_relationship_master VALUES ('683SS56', 'C6', 'S7', 'SS56', 'D191', 'DM309');
INSERT INTO dis_relationship_master VALUES ('630SS53', 'C6', 'S62', 'SS53', 'D191', 'DM309');
INSERT INTO dis_relationship_master VALUES ('630SS51', 'C6', 'S62', 'SS51', 'D191', 'DM309');
INSERT INTO dis_relationship_master VALUES ('630SS50', 'C6', 'S62', 'SS50', 'D191', 'DM309');
INSERT INTO dis_relationship_master VALUES ('617SS89', 'C6', 'S63', 'SS89', 'D191', 'DM309');
INSERT INTO dis_relationship_master VALUES ('581SS164', 'C6', 'S20', 'SS164', 'D191', 'DM309');
INSERT INTO dis_relationship_master VALUES ('581SS118', 'C6', 'S20', 'SS118', 'D191', 'DM309');
INSERT INTO dis_relationship_master VALUES ('581SS114', 'C6', 'S20', 'SS114', 'D191', 'DM309');
INSERT INTO dis_relationship_master VALUES ('348SS166', 'C6', 'S26', 'SS166', 'D191', 'DM309');
INSERT INTO dis_relationship_master VALUES ('348SS158', 'C6', 'S26', 'SS158', 'D191', 'DM309');
INSERT INTO dis_relationship_master VALUES ('348SS112', 'C6', 'S26', 'SS112', 'D191', 'DM309');
INSERT INTO dis_relationship_master VALUES ('72', 'C6', 'S0', 'SS0', 'D191', 'DM309');
INSERT INTO dis_relationship_master VALUES ('32SS1', 'C6', 'S6', 'SS1', 'D191', 'DM309');
INSERT INTO diagnosis_modifiers VALUES ('DM310', 'SQUAMOUS CELL - KERATINIZING');
INSERT INTO dis_relationship_master VALUES ('33SS1', 'C6', 'S6', 'SS1', 'D191', 'DM310');
INSERT INTO dis_relationship_diagnosis_to_diagnosis_modifier VALUES ('D191', 'DM310');
INSERT INTO diagnosis_modifiers VALUES ('DM311', 'SQUAMOUS CELL - NON-KERATINIZING/BASALOID');
INSERT INTO dis_relationship_master VALUES ('34SS1', 'C6', 'S6', 'SS1', 'D191', 'DM311');
INSERT INTO dis_relationship_diagnosis_to_diagnosis_modifier VALUES ('D191', 'DM311');
INSERT INTO diagnosis_modifiers VALUES ('DM312', 'SQUAMOUS METAPLASIA');
INSERT INTO dis_relationship_master VALUES ('582SS164', 'C6', 'S20', 'SS164', 'D191', 'DM312');
INSERT INTO dis_relationship_diagnosis_to_diagnosis_modifier VALUES ('D191', 'DM312');
INSERT INTO dis_relationship_master VALUES ('582SS118', 'C6', 'S20', 'SS118', 'D191', 'DM312');
INSERT INTO dis_relationship_master VALUES ('582SS114', 'C6', 'S20', 'SS114', 'D191', 'DM312');
INSERT INTO diagnosis_modifiers VALUES ('DM313', 'SWEAT GLAND');
INSERT INTO dis_relationship_master VALUES ('1254SS157', 'C6', 'S1', 'SS157', 'D191', 'DM313');
INSERT INTO dis_relationship_diagnosis_to_diagnosis_modifier VALUES ('D191', 'DM313');
INSERT INTO dis_relationship_master VALUES ('1254SS156', 'C6', 'S1', 'SS156', 'D191', 'DM313');
INSERT INTO dis_relationship_master VALUES ('1254SS98', 'C6', 'S1', 'SS98', 'D191', 'DM313');
INSERT INTO dis_relationship_master VALUES ('1254SS73', 'C6', 'S1', 'SS73', 'D191', 'DM313');
INSERT INTO dis_relationship_master VALUES ('1254SS66', 'C6', 'S1', 'SS66', 'D191', 'DM313');
INSERT INTO dis_relationship_master VALUES ('1254SS65', 'C6', 'S1', 'SS65', 'D191', 'DM313');
INSERT INTO dis_relationship_master VALUES ('1254SS57', 'C6', 'S1', 'SS57', 'D191', 'DM313');
INSERT INTO dis_relationship_master VALUES ('1254SS19', 'C6', 'S1', 'SS19', 'D191', 'DM313');
INSERT INTO dis_relationship_master VALUES ('1254SS8', 'C6', 'S1', 'SS8', 'D191', 'DM313');
INSERT INTO dis_relationship_master VALUES ('1254SS2', 'C6', 'S1', 'SS2', 'D191', 'DM313');
INSERT INTO diagnosis_modifiers VALUES ('DM314', 'THYMUS');
INSERT INTO dis_relationship_master VALUES ('1478SS105', 'C6', 'S85', 'SS105', 'D191', 'DM314');
INSERT INTO dis_relationship_diagnosis_to_diagnosis_modifier VALUES ('D191', 'DM314');
INSERT INTO dis_relationship_master VALUES ('1478SS42', 'C6', 'S85', 'SS42', 'D191', 'DM314');
INSERT INTO dis_relationship_master VALUES ('583SS164', 'C6', 'S20', 'SS164', 'D191', 'DM219');
INSERT INTO dis_relationship_diagnosis_to_diagnosis_modifier VALUES ('D191', 'DM219');
INSERT INTO dis_relationship_master VALUES ('583SS118', 'C6', 'S20', 'SS118', 'D191', 'DM219');
INSERT INTO dis_relationship_master VALUES ('583SS114', 'C6', 'S20', 'SS114', 'D191', 'DM219');
INSERT INTO diagnosis_modifiers VALUES ('DM315', 'TUBULAR / INTESTINAL ADENOCARCINOMA');
INSERT INTO dis_relationship_master VALUES ('1430SS166', 'C6', 'S100', 'SS166', 'D191', 'DM315');
INSERT INTO dis_relationship_diagnosis_to_diagnosis_modifier VALUES ('D191', 'DM315');
INSERT INTO dis_relationship_master VALUES ('1430SS147', 'C6', 'S100', 'SS147', 'D191', 'DM315');
INSERT INTO dis_relationship_master VALUES ('1430SS145', 'C6', 'S100', 'SS145', 'D191', 'DM315');
INSERT INTO dis_relationship_master VALUES ('1430SS68', 'C6', 'S100', 'SS68', 'D191', 'DM315');
INSERT INTO dis_relationship_master VALUES ('1430SS5', 'C6', 'S100', 'SS5', 'D191', 'DM315');
INSERT INTO dis_relationship_master VALUES ('1430SS24', 'C6', 'S100', 'SS24', 'D191', 'DM315');
INSERT INTO diagnosis_modifiers VALUES ('DM316', 'UNDIFFERENTIATED');
INSERT INTO dis_relationship_master VALUES ('1541SS166', 'C6', 'S70', 'SS166', 'D191', 'DM316');
INSERT INTO dis_relationship_diagnosis_to_diagnosis_modifier VALUES ('D191', 'DM316');
INSERT INTO dis_relationship_master VALUES ('1541SS136', 'C6', 'S70', 'SS136', 'D191', 'DM316');
INSERT INTO dis_relationship_master VALUES ('1541SS132', 'C6', 'S70', 'SS132', 'D191', 'DM316');
INSERT INTO dis_relationship_master VALUES ('1541SS115', 'C6', 'S70', 'SS115', 'D191', 'DM316');
INSERT INTO dis_relationship_master VALUES ('1541SS54', 'C6', 'S70', 'SS54', 'D191', 'DM316');
INSERT INTO dis_relationship_master VALUES ('1431SS166', 'C6', 'S100', 'SS166', 'D191', 'DM316');
INSERT INTO dis_relationship_master VALUES ('1431SS147', 'C6', 'S100', 'SS147', 'D191', 'DM316');
INSERT INTO dis_relationship_master VALUES ('1431SS145', 'C6', 'S100', 'SS145', 'D191', 'DM316');
INSERT INTO dis_relationship_master VALUES ('1431SS68', 'C6', 'S100', 'SS68', 'D191', 'DM316');
INSERT INTO dis_relationship_master VALUES ('1431SS5', 'C6', 'S100', 'SS5', 'D191', 'DM316');
INSERT INTO dis_relationship_master VALUES ('1431SS24', 'C6', 'S100', 'SS24', 'D191', 'DM316');
INSERT INTO dis_relationship_master VALUES ('1316SS166', 'C6', 'S76', 'SS166', 'D191', 'DM316');
INSERT INTO dis_relationship_master VALUES ('1316SS91', 'C6', 'S76', 'SS91', 'D191', 'DM316');
INSERT INTO dis_relationship_master VALUES ('1316SS85', 'C6', 'S76', 'SS85', 'D191', 'DM316');
INSERT INTO dis_relationship_master VALUES ('1316SS84', 'C6', 'S76', 'SS84', 'D191', 'DM316');
INSERT INTO dis_relationship_master VALUES ('1316SS83', 'C6', 'S76', 'SS83', 'D191', 'DM316');
INSERT INTO dis_relationship_master VALUES ('1316SS48', 'C6', 'S76', 'SS48', 'D191', 'DM316');
INSERT INTO dis_relationship_master VALUES ('1218SS172', 'C6', 'S97', 'SS172', 'D191', 'DM316');
INSERT INTO dis_relationship_master VALUES ('1218SS171', 'C6', 'S97', 'SS171', 'D191', 'DM316');
INSERT INTO dis_relationship_master VALUES ('1218SS170', 'C6', 'S97', 'SS170', 'D191', 'DM316');
INSERT INTO dis_relationship_master VALUES ('1218SS127', 'C6', 'S97', 'SS127', 'D191', 'DM316');
INSERT INTO dis_relationship_master VALUES ('1218SS110', 'C6', 'S97', 'SS110', 'D191', 'DM316');
INSERT INTO dis_relationship_master VALUES ('1155SS183', 'C6', 'S14', 'SS183', 'D191', 'DM316');
INSERT INTO dis_relationship_master VALUES ('1155SS138', 'C6', 'S14', 'SS138', 'D191', 'DM316');
INSERT INTO dis_relationship_master VALUES ('1155SS134', 'C6', 'S14', 'SS134', 'D191', 'DM316');
INSERT INTO dis_relationship_master VALUES ('1074SS175', 'C6', 'S24', 'SS175', 'D191', 'DM316');
INSERT INTO dis_relationship_master VALUES ('1074SS123', 'C6', 'S24', 'SS123', 'D191', 'DM316');
INSERT INTO dis_relationship_master VALUES ('1027SS137', 'C6', 'S35', 'SS137', 'D191', 'DM316');
INSERT INTO dis_relationship_master VALUES ('1027SS52', 'C6', 'S35', 'SS52', 'D191', 'DM316');
INSERT INTO dis_relationship_master VALUES ('1027SS80', 'C6', 'S35', 'SS80', 'D191', 'DM316');
INSERT INTO dis_relationship_master VALUES ('1027SS42', 'C6', 'S35', 'SS42', 'D191', 'DM316');
INSERT INTO dis_relationship_master VALUES ('1027SS41', 'C6', 'S35', 'SS41', 'D191', 'DM316');
INSERT INTO dis_relationship_master VALUES ('817SS1', 'C6', 'S39', 'SS1', 'D191', 'DM316');
INSERT INTO dis_relationship_master VALUES ('731SS158', 'C6', 'S30', 'SS158', 'D191', 'DM316');
INSERT INTO dis_relationship_master VALUES ('731SS112', 'C6', 'S30', 'SS112', 'D191', 'DM316');
INSERT INTO dis_relationship_master VALUES ('731SS69', 'C6', 'S30', 'SS69', 'D191', 'DM316');
INSERT INTO dis_relationship_master VALUES ('731SS18', 'C6', 'S30', 'SS18', 'D191', 'DM316');
INSERT INTO dis_relationship_master VALUES ('715SS63', 'C6', 'S93', 'SS63', 'D191', 'DM316');
INSERT INTO dis_relationship_master VALUES ('684SS1', 'C6', 'S7', 'SS1', 'D191', 'DM316');
INSERT INTO dis_relationship_master VALUES ('684SS71', 'C6', 'S7', 'SS71', 'D191', 'DM316');
INSERT INTO dis_relationship_master VALUES ('684SS56', 'C6', 'S7', 'SS56', 'D191', 'DM316');
INSERT INTO dis_relationship_master VALUES ('656SS186', 'C6', 'S67', 'SS186', 'D191', 'DM316');
INSERT INTO dis_relationship_master VALUES ('656SS185', 'C6', 'S67', 'SS185', 'D191', 'DM316');
INSERT INTO dis_relationship_master VALUES ('656SS184', 'C6', 'S67', 'SS184', 'D191', 'DM316');
INSERT INTO dis_relationship_master VALUES ('656SS166', 'C6', 'S67', 'SS166', 'D191', 'DM316');
INSERT INTO dis_relationship_master VALUES ('656SS161', 'C6', 'S67', 'SS161', 'D191', 'DM316');
INSERT INTO dis_relationship_master VALUES ('656SS45', 'C6', 'S67', 'SS45', 'D191', 'DM316');
INSERT INTO dis_relationship_master VALUES ('656SS36', 'C6', 'S67', 'SS36', 'D191', 'DM316');
INSERT INTO dis_relationship_master VALUES ('656SS27', 'C6', 'S67', 'SS27', 'D191', 'DM316');
INSERT INTO dis_relationship_master VALUES ('656SS10', 'C6', 'S67', 'SS10', 'D191', 'DM316');
INSERT INTO dis_relationship_master VALUES ('73', 'C6', 'S0', 'SS0', 'D191', 'DM316');
INSERT INTO dis_relationship_master VALUES ('35SS1', 'C6', 'S6', 'SS1', 'D191', 'DM316');
INSERT INTO diagnosis_modifiers VALUES ('DM317', 'UNDIFFERENTIATED WITH OSTEOCLAST-LIKE GIANT CELLS');
INSERT INTO dis_relationship_master VALUES ('1075SS175', 'C6', 'S24', 'SS175', 'D191', 'DM317');
INSERT INTO dis_relationship_diagnosis_to_diagnosis_modifier VALUES ('D191', 'DM317');
INSERT INTO dis_relationship_master VALUES ('1075SS123', 'C6', 'S24', 'SS123', 'D191', 'DM317');
INSERT INTO diagnosis_modifiers VALUES ('DM318', 'UROTHELIAL (TRANSITIONAL CELL)');
INSERT INTO dis_relationship_master VALUES ('1524SS1', 'C6', 'S11', 'SS1', 'D191', 'DM318');
INSERT INTO dis_relationship_diagnosis_to_diagnosis_modifier VALUES ('D191', 'DM318');
INSERT INTO dis_relationship_master VALUES ('774SS151', 'C6', 'S82', 'SS151', 'D191', 'DM318');
INSERT INTO dis_relationship_master VALUES ('774SS105', 'C6', 'S82', 'SS105', 'D191', 'DM318');
INSERT INTO dis_relationship_master VALUES ('774SS42', 'C6', 'S82', 'SS42', 'D191', 'DM318');
INSERT INTO dis_relationship_master VALUES ('349SS166', 'C6', 'S26', 'SS166', 'D191', 'DM318');
INSERT INTO dis_relationship_master VALUES ('349SS158', 'C6', 'S26', 'SS158', 'D191', 'DM318');
INSERT INTO dis_relationship_master VALUES ('349SS112', 'C6', 'S26', 'SS112', 'D191', 'DM318');
INSERT INTO diagnosis_modifiers VALUES ('DM319', 'W/PIN (PROSTATIC INTRAEPITHELIAL NEOPLASIA)');
INSERT INTO dis_relationship_master VALUES ('1156SS183', 'C6', 'S14', 'SS183', 'D191', 'DM319');
INSERT INTO dis_relationship_diagnosis_to_diagnosis_modifier VALUES ('D191', 'DM319');
INSERT INTO dis_relationship_master VALUES ('1156SS138', 'C6', 'S14', 'SS138', 'D191', 'DM319');
INSERT INTO dis_relationship_master VALUES ('1156SS134', 'C6', 'S14', 'SS134', 'D191', 'DM319');
INSERT INTO diagnosis_modifiers VALUES ('DM320', 'WITH SIGNET-RING CELLS');
INSERT INTO dis_relationship_master VALUES ('1432SS166', 'C6', 'S100', 'SS166', 'D191', 'DM320');
INSERT INTO dis_relationship_diagnosis_to_diagnosis_modifier VALUES ('D191', 'DM320');
INSERT INTO dis_relationship_master VALUES ('1432SS147', 'C6', 'S100', 'SS147', 'D191', 'DM320');
INSERT INTO dis_relationship_master VALUES ('1432SS145', 'C6', 'S100', 'SS145', 'D191', 'DM320');
INSERT INTO dis_relationship_master VALUES ('1432SS68', 'C6', 'S100', 'SS68', 'D191', 'DM320');
INSERT INTO dis_relationship_master VALUES ('1432SS5', 'C6', 'S100', 'SS5', 'D191', 'DM320');
INSERT INTO dis_relationship_master VALUES ('1432SS24', 'C6', 'S100', 'SS24', 'D191', 'DM320');
INSERT INTO dis_relationship_master VALUES ('1317SS166', 'C6', 'S76', 'SS166', 'D191', 'DM320');
INSERT INTO dis_relationship_master VALUES ('1317SS91', 'C6', 'S76', 'SS91', 'D191', 'DM320');
INSERT INTO dis_relationship_master VALUES ('1317SS85', 'C6', 'S76', 'SS85', 'D191', 'DM320');
INSERT INTO dis_relationship_master VALUES ('1317SS84', 'C6', 'S76', 'SS84', 'D191', 'DM320');
INSERT INTO dis_relationship_master VALUES ('1317SS83', 'C6', 'S76', 'SS83', 'D191', 'DM320');
INSERT INTO dis_relationship_master VALUES ('1317SS48', 'C6', 'S76', 'SS48', 'D191', 'DM320');
INSERT INTO dis_relationship_master VALUES ('1178SS166', 'C6', 'S64', 'SS166', 'D191', 'DM320');
INSERT INTO diagnoses VALUES ('D229', 'CARCINOSARCOMA');
INSERT INTO dis_relationship_master VALUES ('1542SS166', 'C6', 'S70', 'SS166', 'D229', 'DM2');
INSERT INTO dis_relationship_diagnosis_to_diagnosis_modifier VALUES ('D229', 'DM2');
INSERT INTO dis_relationship_master VALUES ('1542SS136', 'C6', 'S70', 'SS136', 'D229', 'DM2');
INSERT INTO dis_relationship_master VALUES ('1542SS132', 'C6', 'S70', 'SS132', 'D229', 'DM2');
INSERT INTO dis_relationship_master VALUES ('1542SS115', 'C6', 'S70', 'SS115', 'D229', 'DM2');
INSERT INTO dis_relationship_master VALUES ('1542SS54', 'C6', 'S70', 'SS54', 'D229', 'DM2');
INSERT INTO dis_relationship_master VALUES ('870SS125', 'C6', 'S94', 'SS125', 'D229', 'DM2');
INSERT INTO dis_relationship_master VALUES ('2282SS172', 'C6', 'S97', 'SS172', 'D229', 'DM2');
INSERT INTO dis_relationship_master VALUES ('2282SS171', 'C6', 'S97', 'SS171', 'D229', 'DM2');
INSERT INTO dis_relationship_master VALUES ('2282SS170', 'C6', 'S97', 'SS170', 'D229', 'DM2');
INSERT INTO dis_relationship_master VALUES ('2282SS127', 'C6', 'S97', 'SS127', 'D229', 'DM2');
INSERT INTO dis_relationship_master VALUES ('2282SS110', 'C6', 'S97', 'SS110', 'D229', 'DM2');
INSERT INTO dis_relationship_master VALUES ('2031', 'C0', 'S0', 'SS0', 'D229', 'DM2');
INSERT INTO dis_relationship_master VALUES ('716SS63', 'C6', 'S93', 'SS63', 'D229', 'DM2');
INSERT INTO diagnosis_modifiers VALUES ('DM321', 'TRUE MALIGNANT MIXED TUMOR');
INSERT INTO dis_relationship_master VALUES ('1219SS172', 'C6', 'S97', 'SS172', 'D229', 'DM321');
INSERT INTO dis_relationship_diagnosis_to_diagnosis_modifier VALUES ('D229', 'DM321');
INSERT INTO dis_relationship_master VALUES ('1219SS171', 'C6', 'S97', 'SS171', 'D229', 'DM321');
INSERT INTO dis_relationship_master VALUES ('1219SS170', 'C6', 'S97', 'SS170', 'D229', 'DM321');
INSERT INTO dis_relationship_master VALUES ('1219SS127', 'C6', 'S97', 'SS127', 'D229', 'DM321');
INSERT INTO dis_relationship_master VALUES ('1219SS110', 'C6', 'S97', 'SS110', 'D229', 'DM321');
INSERT INTO diagnosis_modifiers VALUES ('DM322', 'ANEURYSM');
INSERT INTO dis_relationship_master VALUES ('1573SS173', 'C2', 'S88', 'SS173', 'D151', 'DM322');
INSERT INTO dis_relationship_diagnosis_to_diagnosis_modifier VALUES ('D151', 'DM322');
INSERT INTO dis_relationship_master VALUES ('1573SS150', 'C2', 'S88', 'SS150', 'D151', 'DM322');
INSERT INTO dis_relationship_master VALUES ('1573SS93', 'C2', 'S88', 'SS93', 'D151', 'DM322');
INSERT INTO dis_relationship_master VALUES ('1573SS87', 'C2', 'S88', 'SS87', 'D151', 'DM322');
INSERT INTO dis_relationship_master VALUES ('1573SS58', 'C2', 'S88', 'SS58', 'D151', 'DM322');
INSERT INTO dis_relationship_master VALUES ('313SS194', 'C2', 'S9', 'SS194', 'D151', 'DM322');
INSERT INTO dis_relationship_master VALUES ('313SS166', 'C2', 'S9', 'SS166', 'D151', 'DM322');
INSERT INTO dis_relationship_master VALUES ('313SS150', 'C2', 'S9', 'SS150', 'D151', 'DM322');
INSERT INTO dis_relationship_master VALUES ('313SS143', 'C2', 'S9', 'SS143', 'D151', 'DM322');
INSERT INTO dis_relationship_master VALUES ('313SS30', 'C2', 'S9', 'SS30', 'D151', 'DM322');
INSERT INTO dis_relationship_master VALUES ('313SS28', 'C2', 'S9', 'SS28', 'D151', 'DM322');
INSERT INTO dis_relationship_master VALUES ('313SS26', 'C2', 'S9', 'SS26', 'D151', 'DM322');
INSERT INTO dis_relationship_master VALUES ('313SS6', 'C2', 'S9', 'SS6', 'D151', 'DM322');
INSERT INTO diagnosis_modifiers VALUES ('DM323', 'ARTERITIS');
INSERT INTO dis_relationship_master VALUES ('1574SS173', 'C2', 'S88', 'SS173', 'D151', 'DM323');
INSERT INTO dis_relationship_diagnosis_to_diagnosis_modifier VALUES ('D151', 'DM323');
INSERT INTO dis_relationship_master VALUES ('1574SS150', 'C2', 'S88', 'SS150', 'D151', 'DM323');
INSERT INTO dis_relationship_master VALUES ('1574SS93', 'C2', 'S88', 'SS93', 'D151', 'DM323');
INSERT INTO dis_relationship_master VALUES ('1574SS87', 'C2', 'S88', 'SS87', 'D151', 'DM323');
INSERT INTO dis_relationship_master VALUES ('1574SS58', 'C2', 'S88', 'SS58', 'D151', 'DM323');
INSERT INTO dis_relationship_master VALUES ('314SS194', 'C2', 'S9', 'SS194', 'D151', 'DM323');
INSERT INTO dis_relationship_master VALUES ('314SS166', 'C2', 'S9', 'SS166', 'D151', 'DM323');
INSERT INTO dis_relationship_master VALUES ('314SS150', 'C2', 'S9', 'SS150', 'D151', 'DM323');
INSERT INTO dis_relationship_master VALUES ('314SS143', 'C2', 'S9', 'SS143', 'D151', 'DM323');
INSERT INTO dis_relationship_master VALUES ('314SS30', 'C2', 'S9', 'SS30', 'D151', 'DM323');
INSERT INTO dis_relationship_master VALUES ('314SS28', 'C2', 'S9', 'SS28', 'D151', 'DM323');
INSERT INTO dis_relationship_master VALUES ('314SS26', 'C2', 'S9', 'SS26', 'D151', 'DM323');
INSERT INTO dis_relationship_master VALUES ('314SS6', 'C2', 'S9', 'SS6', 'D151', 'DM323');
INSERT INTO diagnosis_modifiers VALUES ('DM324', 'ATHEROSCLEROSIS');
INSERT INTO dis_relationship_master VALUES ('1575SS173', 'C2', 'S88', 'SS173', 'D151', 'DM324');
INSERT INTO dis_relationship_diagnosis_to_diagnosis_modifier VALUES ('D151', 'DM324');
INSERT INTO dis_relationship_master VALUES ('1575SS150', 'C2', 'S88', 'SS150', 'D151', 'DM324');
INSERT INTO dis_relationship_master VALUES ('1575SS93', 'C2', 'S88', 'SS93', 'D151', 'DM324');
INSERT INTO dis_relationship_master VALUES ('1575SS87', 'C2', 'S88', 'SS87', 'D151', 'DM324');
INSERT INTO dis_relationship_master VALUES ('1575SS58', 'C2', 'S88', 'SS58', 'D151', 'DM324');
INSERT INTO dis_relationship_master VALUES ('315SS194', 'C2', 'S9', 'SS194', 'D151', 'DM324');
INSERT INTO dis_relationship_master VALUES ('315SS166', 'C2', 'S9', 'SS166', 'D151', 'DM324');
INSERT INTO dis_relationship_master VALUES ('315SS150', 'C2', 'S9', 'SS150', 'D151', 'DM324');
INSERT INTO dis_relationship_master VALUES ('315SS143', 'C2', 'S9', 'SS143', 'D151', 'DM324');
INSERT INTO dis_relationship_master VALUES ('315SS30', 'C2', 'S9', 'SS30', 'D151', 'DM324');
INSERT INTO dis_relationship_master VALUES ('315SS28', 'C2', 'S9', 'SS28', 'D151', 'DM324');
INSERT INTO dis_relationship_master VALUES ('315SS26', 'C2', 'S9', 'SS26', 'D151', 'DM324');
INSERT INTO dis_relationship_master VALUES ('315SS6', 'C2', 'S9', 'SS6', 'D151', 'DM324');
INSERT INTO diagnosis_modifiers VALUES ('DM325', 'BACTERIAL ENDOCARDITIS');
INSERT INTO dis_relationship_master VALUES ('74', 'C2', 'S0', 'SS0', 'D151', 'DM325');
INSERT INTO dis_relationship_diagnosis_to_diagnosis_modifier VALUES ('D151', 'DM325');
INSERT INTO diagnosis_modifiers VALUES ('DM326', 'CARDIAC HYPERTROPHY');
INSERT INTO dis_relationship_master VALUES ('748SS193', 'C2', 'S3', 'SS193', 'D151', 'DM326');
INSERT INTO dis_relationship_diagnosis_to_diagnosis_modifier VALUES ('D151', 'DM326');
INSERT INTO dis_relationship_master VALUES ('748SS192', 'C2', 'S3', 'SS192', 'D151', 'DM326');
INSERT INTO dis_relationship_master VALUES ('748SS191', 'C2', 'S3', 'SS191', 'D151', 'DM326');
INSERT INTO dis_relationship_master VALUES ('748SS187', 'C2', 'S3', 'SS187', 'D151', 'DM326');
INSERT INTO dis_relationship_master VALUES ('748SS162', 'C2', 'S3', 'SS162', 'D151', 'DM326');
INSERT INTO dis_relationship_master VALUES ('748SS144', 'C2', 'S3', 'SS144', 'D151', 'DM326');
INSERT INTO dis_relationship_master VALUES ('748SS111', 'C2', 'S3', 'SS111', 'D151', 'DM326');
INSERT INTO dis_relationship_master VALUES ('748SS34', 'C2', 'S3', 'SS34', 'D151', 'DM326');
INSERT INTO dis_relationship_master VALUES ('748SS25', 'C2', 'S3', 'SS25', 'D151', 'DM326');
INSERT INTO dis_relationship_master VALUES ('748SS15', 'C2', 'S3', 'SS15', 'D151', 'DM326');
INSERT INTO dis_relationship_master VALUES ('748SS12', 'C2', 'S3', 'SS12', 'D151', 'DM326');
INSERT INTO dis_relationship_master VALUES ('748SS11', 'C2', 'S3', 'SS11', 'D151', 'DM326');
INSERT INTO dis_relationship_master VALUES ('748SS7', 'C2', 'S3', 'SS7', 'D151', 'DM326');
INSERT INTO diagnosis_modifiers VALUES ('DM327', 'CARDIOMYOPATHY');
INSERT INTO dis_relationship_master VALUES ('749SS193', 'C2', 'S3', 'SS193', 'D151', 'DM327');
INSERT INTO dis_relationship_diagnosis_to_diagnosis_modifier VALUES ('D151', 'DM327');
INSERT INTO dis_relationship_master VALUES ('749SS192', 'C2', 'S3', 'SS192', 'D151', 'DM327');
INSERT INTO dis_relationship_master VALUES ('749SS191', 'C2', 'S3', 'SS191', 'D151', 'DM327');
INSERT INTO dis_relationship_master VALUES ('749SS187', 'C2', 'S3', 'SS187', 'D151', 'DM327');
INSERT INTO dis_relationship_master VALUES ('749SS162', 'C2', 'S3', 'SS162', 'D151', 'DM327');
INSERT INTO dis_relationship_master VALUES ('749SS144', 'C2', 'S3', 'SS144', 'D151', 'DM327');
INSERT INTO dis_relationship_master VALUES ('749SS111', 'C2', 'S3', 'SS111', 'D151', 'DM327');
INSERT INTO dis_relationship_master VALUES ('749SS34', 'C2', 'S3', 'SS34', 'D151', 'DM327');
INSERT INTO dis_relationship_master VALUES ('749SS25', 'C2', 'S3', 'SS25', 'D151', 'DM327');
INSERT INTO dis_relationship_master VALUES ('749SS15', 'C2', 'S3', 'SS15', 'D151', 'DM327');
INSERT INTO dis_relationship_master VALUES ('749SS12', 'C2', 'S3', 'SS12', 'D151', 'DM327');
INSERT INTO dis_relationship_master VALUES ('749SS11', 'C2', 'S3', 'SS11', 'D151', 'DM327');
INSERT INTO dis_relationship_master VALUES ('749SS7', 'C2', 'S3', 'SS7', 'D151', 'DM327');
INSERT INTO diagnosis_modifiers VALUES ('DM328', 'CARDIOMYOPATHY - IDIOPATHIC');
INSERT INTO dis_relationship_master VALUES ('75', 'C2', 'S0', 'SS0', 'D151', 'DM328');
INSERT INTO dis_relationship_diagnosis_to_diagnosis_modifier VALUES ('D151', 'DM328');
INSERT INTO diagnosis_modifiers VALUES ('DM329', 'CARDIOMYOPATHY - ISCHEMIC');
INSERT INTO dis_relationship_master VALUES ('750SS193', 'C2', 'S3', 'SS193', 'D151', 'DM329');
INSERT INTO dis_relationship_diagnosis_to_diagnosis_modifier VALUES ('D151', 'DM329');
INSERT INTO dis_relationship_master VALUES ('750SS192', 'C2', 'S3', 'SS192', 'D151', 'DM329');
INSERT INTO dis_relationship_master VALUES ('750SS191', 'C2', 'S3', 'SS191', 'D151', 'DM329');
INSERT INTO dis_relationship_master VALUES ('750SS187', 'C2', 'S3', 'SS187', 'D151', 'DM329');
INSERT INTO dis_relationship_master VALUES ('750SS162', 'C2', 'S3', 'SS162', 'D151', 'DM329');
INSERT INTO dis_relationship_master VALUES ('750SS144', 'C2', 'S3', 'SS144', 'D151', 'DM329');
INSERT INTO dis_relationship_master VALUES ('750SS111', 'C2', 'S3', 'SS111', 'D151', 'DM329');
INSERT INTO dis_relationship_master VALUES ('750SS34', 'C2', 'S3', 'SS34', 'D151', 'DM329');
INSERT INTO dis_relationship_master VALUES ('750SS25', 'C2', 'S3', 'SS25', 'D151', 'DM329');
INSERT INTO dis_relationship_master VALUES ('750SS15', 'C2', 'S3', 'SS15', 'D151', 'DM329');
INSERT INTO dis_relationship_master VALUES ('750SS12', 'C2', 'S3', 'SS12', 'D151', 'DM329');
INSERT INTO dis_relationship_master VALUES ('750SS11', 'C2', 'S3', 'SS11', 'D151', 'DM329');
INSERT INTO dis_relationship_master VALUES ('750SS7', 'C2', 'S3', 'SS7', 'D151', 'DM329');
INSERT INTO diagnosis_modifiers VALUES ('DM330', 'CONGENITAL HEART DISEASE');
INSERT INTO dis_relationship_master VALUES ('751SS193', 'C2', 'S3', 'SS193', 'D151', 'DM330');
INSERT INTO dis_relationship_diagnosis_to_diagnosis_modifier VALUES ('D151', 'DM330');
INSERT INTO dis_relationship_master VALUES ('751SS192', 'C2', 'S3', 'SS192', 'D151', 'DM330');
INSERT INTO dis_relationship_master VALUES ('751SS191', 'C2', 'S3', 'SS191', 'D151', 'DM330');
INSERT INTO dis_relationship_master VALUES ('751SS187', 'C2', 'S3', 'SS187', 'D151', 'DM330');
INSERT INTO dis_relationship_master VALUES ('751SS162', 'C2', 'S3', 'SS162', 'D151', 'DM330');
INSERT INTO dis_relationship_master VALUES ('751SS144', 'C2', 'S3', 'SS144', 'D151', 'DM330');
INSERT INTO dis_relationship_master VALUES ('751SS111', 'C2', 'S3', 'SS111', 'D151', 'DM330');
INSERT INTO dis_relationship_master VALUES ('751SS34', 'C2', 'S3', 'SS34', 'D151', 'DM330');
INSERT INTO dis_relationship_master VALUES ('751SS25', 'C2', 'S3', 'SS25', 'D151', 'DM330');
INSERT INTO dis_relationship_master VALUES ('751SS15', 'C2', 'S3', 'SS15', 'D151', 'DM330');
INSERT INTO dis_relationship_master VALUES ('751SS12', 'C2', 'S3', 'SS12', 'D151', 'DM330');
INSERT INTO dis_relationship_master VALUES ('751SS11', 'C2', 'S3', 'SS11', 'D151', 'DM330');
INSERT INTO dis_relationship_master VALUES ('751SS7', 'C2', 'S3', 'SS7', 'D151', 'DM330');
INSERT INTO diagnosis_modifiers VALUES ('DM331', 'CONGESTIVE HEART FAILURE');
INSERT INTO dis_relationship_master VALUES ('752SS193', 'C2', 'S3', 'SS193', 'D151', 'DM331');
INSERT INTO dis_relationship_diagnosis_to_diagnosis_modifier VALUES ('D151', 'DM331');
INSERT INTO dis_relationship_master VALUES ('752SS192', 'C2', 'S3', 'SS192', 'D151', 'DM331');
INSERT INTO dis_relationship_master VALUES ('752SS191', 'C2', 'S3', 'SS191', 'D151', 'DM331');
INSERT INTO dis_relationship_master VALUES ('752SS187', 'C2', 'S3', 'SS187', 'D151', 'DM331');
INSERT INTO dis_relationship_master VALUES ('752SS162', 'C2', 'S3', 'SS162', 'D151', 'DM331');
INSERT INTO dis_relationship_master VALUES ('752SS144', 'C2', 'S3', 'SS144', 'D151', 'DM331');
INSERT INTO dis_relationship_master VALUES ('752SS111', 'C2', 'S3', 'SS111', 'D151', 'DM331');
INSERT INTO dis_relationship_master VALUES ('752SS34', 'C2', 'S3', 'SS34', 'D151', 'DM331');
INSERT INTO dis_relationship_master VALUES ('752SS25', 'C2', 'S3', 'SS25', 'D151', 'DM331');
INSERT INTO dis_relationship_master VALUES ('752SS15', 'C2', 'S3', 'SS15', 'D151', 'DM331');
INSERT INTO dis_relationship_master VALUES ('752SS12', 'C2', 'S3', 'SS12', 'D151', 'DM331');
INSERT INTO dis_relationship_master VALUES ('752SS11', 'C2', 'S3', 'SS11', 'D151', 'DM331');
INSERT INTO dis_relationship_master VALUES ('752SS7', 'C2', 'S3', 'SS7', 'D151', 'DM331');
INSERT INTO diagnosis_modifiers VALUES ('DM332', 'EISENMENGERS');
INSERT INTO dis_relationship_master VALUES ('1576SS173', 'C2', 'S88', 'SS173', 'D151', 'DM332');
INSERT INTO dis_relationship_diagnosis_to_diagnosis_modifier VALUES ('D151', 'DM332');
INSERT INTO dis_relationship_master VALUES ('1576SS150', 'C2', 'S88', 'SS150', 'D151', 'DM332');
INSERT INTO dis_relationship_master VALUES ('1576SS93', 'C2', 'S88', 'SS93', 'D151', 'DM332');
INSERT INTO dis_relationship_master VALUES ('1576SS87', 'C2', 'S88', 'SS87', 'D151', 'DM332');
INSERT INTO dis_relationship_master VALUES ('1576SS58', 'C2', 'S88', 'SS58', 'D151', 'DM332');
INSERT INTO dis_relationship_master VALUES ('316SS194', 'C2', 'S9', 'SS194', 'D151', 'DM332');
INSERT INTO dis_relationship_master VALUES ('316SS166', 'C2', 'S9', 'SS166', 'D151', 'DM332');
INSERT INTO dis_relationship_master VALUES ('316SS150', 'C2', 'S9', 'SS150', 'D151', 'DM332');
INSERT INTO dis_relationship_master VALUES ('316SS143', 'C2', 'S9', 'SS143', 'D151', 'DM332');
INSERT INTO dis_relationship_master VALUES ('316SS30', 'C2', 'S9', 'SS30', 'D151', 'DM332');
INSERT INTO dis_relationship_master VALUES ('316SS28', 'C2', 'S9', 'SS28', 'D151', 'DM332');
INSERT INTO dis_relationship_master VALUES ('316SS26', 'C2', 'S9', 'SS26', 'D151', 'DM332');
INSERT INTO dis_relationship_master VALUES ('316SS6', 'C2', 'S9', 'SS6', 'D151', 'DM332');
INSERT INTO diagnosis_modifiers VALUES ('DM333', 'ENDOCARDITIS');
INSERT INTO dis_relationship_master VALUES ('753SS193', 'C2', 'S3', 'SS193', 'D151', 'DM333');
INSERT INTO dis_relationship_diagnosis_to_diagnosis_modifier VALUES ('D151', 'DM333');
INSERT INTO dis_relationship_master VALUES ('753SS192', 'C2', 'S3', 'SS192', 'D151', 'DM333');
INSERT INTO dis_relationship_master VALUES ('753SS191', 'C2', 'S3', 'SS191', 'D151', 'DM333');
INSERT INTO dis_relationship_master VALUES ('753SS187', 'C2', 'S3', 'SS187', 'D151', 'DM333');
INSERT INTO dis_relationship_master VALUES ('753SS162', 'C2', 'S3', 'SS162', 'D151', 'DM333');
INSERT INTO dis_relationship_master VALUES ('753SS144', 'C2', 'S3', 'SS144', 'D151', 'DM333');
INSERT INTO dis_relationship_master VALUES ('753SS111', 'C2', 'S3', 'SS111', 'D151', 'DM333');
INSERT INTO dis_relationship_master VALUES ('753SS34', 'C2', 'S3', 'SS34', 'D151', 'DM333');
INSERT INTO dis_relationship_master VALUES ('753SS25', 'C2', 'S3', 'SS25', 'D151', 'DM333');
INSERT INTO dis_relationship_master VALUES ('753SS15', 'C2', 'S3', 'SS15', 'D151', 'DM333');
INSERT INTO dis_relationship_master VALUES ('753SS12', 'C2', 'S3', 'SS12', 'D151', 'DM333');
INSERT INTO dis_relationship_master VALUES ('753SS11', 'C2', 'S3', 'SS11', 'D151', 'DM333');
INSERT INTO dis_relationship_master VALUES ('753SS7', 'C2', 'S3', 'SS7', 'D151', 'DM333');
INSERT INTO diagnosis_modifiers VALUES ('DM334', 'GIANT CELL ARTERITIS');
INSERT INTO dis_relationship_master VALUES ('1577SS173', 'C2', 'S88', 'SS173', 'D151', 'DM334');
INSERT INTO dis_relationship_diagnosis_to_diagnosis_modifier VALUES ('D151', 'DM334');
INSERT INTO dis_relationship_master VALUES ('1577SS150', 'C2', 'S88', 'SS150', 'D151', 'DM334');
INSERT INTO dis_relationship_master VALUES ('1577SS93', 'C2', 'S88', 'SS93', 'D151', 'DM334');
INSERT INTO dis_relationship_master VALUES ('1577SS87', 'C2', 'S88', 'SS87', 'D151', 'DM334');
INSERT INTO dis_relationship_master VALUES ('1577SS58', 'C2', 'S88', 'SS58', 'D151', 'DM334');
INSERT INTO dis_relationship_master VALUES ('317SS194', 'C2', 'S9', 'SS194', 'D151', 'DM334');
INSERT INTO dis_relationship_master VALUES ('317SS166', 'C2', 'S9', 'SS166', 'D151', 'DM334');
INSERT INTO dis_relationship_master VALUES ('317SS150', 'C2', 'S9', 'SS150', 'D151', 'DM334');
INSERT INTO dis_relationship_master VALUES ('317SS143', 'C2', 'S9', 'SS143', 'D151', 'DM334');
INSERT INTO dis_relationship_master VALUES ('317SS30', 'C2', 'S9', 'SS30', 'D151', 'DM334');
INSERT INTO dis_relationship_master VALUES ('317SS28', 'C2', 'S9', 'SS28', 'D151', 'DM334');
INSERT INTO dis_relationship_master VALUES ('317SS26', 'C2', 'S9', 'SS26', 'D151', 'DM334');
INSERT INTO dis_relationship_master VALUES ('317SS6', 'C2', 'S9', 'SS6', 'D151', 'DM334');
INSERT INTO diagnosis_modifiers VALUES ('DM335', 'GIANT CELL MYOCARDITIS');
INSERT INTO dis_relationship_master VALUES ('754SS193', 'C2', 'S3', 'SS193', 'D151', 'DM335');
INSERT INTO dis_relationship_diagnosis_to_diagnosis_modifier VALUES ('D151', 'DM335');
INSERT INTO dis_relationship_master VALUES ('754SS192', 'C2', 'S3', 'SS192', 'D151', 'DM335');
INSERT INTO dis_relationship_master VALUES ('754SS191', 'C2', 'S3', 'SS191', 'D151', 'DM335');
INSERT INTO dis_relationship_master VALUES ('754SS187', 'C2', 'S3', 'SS187', 'D151', 'DM335');
INSERT INTO dis_relationship_master VALUES ('754SS162', 'C2', 'S3', 'SS162', 'D151', 'DM335');
INSERT INTO dis_relationship_master VALUES ('754SS144', 'C2', 'S3', 'SS144', 'D151', 'DM335');
INSERT INTO dis_relationship_master VALUES ('754SS111', 'C2', 'S3', 'SS111', 'D151', 'DM335');
INSERT INTO dis_relationship_master VALUES ('754SS34', 'C2', 'S3', 'SS34', 'D151', 'DM335');
INSERT INTO dis_relationship_master VALUES ('754SS25', 'C2', 'S3', 'SS25', 'D151', 'DM335');
INSERT INTO dis_relationship_master VALUES ('754SS15', 'C2', 'S3', 'SS15', 'D151', 'DM335');
INSERT INTO dis_relationship_master VALUES ('754SS12', 'C2', 'S3', 'SS12', 'D151', 'DM335');
INSERT INTO dis_relationship_master VALUES ('754SS11', 'C2', 'S3', 'SS11', 'D151', 'DM335');
INSERT INTO dis_relationship_master VALUES ('754SS7', 'C2', 'S3', 'SS7', 'D151', 'DM335');
INSERT INTO diagnosis_modifiers VALUES ('DM336', 'MYOCARDITIS');
INSERT INTO dis_relationship_master VALUES ('755SS193', 'C2', 'S3', 'SS193', 'D151', 'DM336');
INSERT INTO dis_relationship_diagnosis_to_diagnosis_modifier VALUES ('D151', 'DM336');
INSERT INTO dis_relationship_master VALUES ('755SS192', 'C2', 'S3', 'SS192', 'D151', 'DM336');
INSERT INTO dis_relationship_master VALUES ('755SS191', 'C2', 'S3', 'SS191', 'D151', 'DM336');
INSERT INTO dis_relationship_master VALUES ('755SS187', 'C2', 'S3', 'SS187', 'D151', 'DM336');
INSERT INTO dis_relationship_master VALUES ('755SS162', 'C2', 'S3', 'SS162', 'D151', 'DM336');
INSERT INTO dis_relationship_master VALUES ('755SS144', 'C2', 'S3', 'SS144', 'D151', 'DM336');
INSERT INTO dis_relationship_master VALUES ('755SS111', 'C2', 'S3', 'SS111', 'D151', 'DM336');
INSERT INTO dis_relationship_master VALUES ('755SS34', 'C2', 'S3', 'SS34', 'D151', 'DM336');
INSERT INTO dis_relationship_master VALUES ('755SS25', 'C2', 'S3', 'SS25', 'D151', 'DM336');
INSERT INTO dis_relationship_master VALUES ('755SS15', 'C2', 'S3', 'SS15', 'D151', 'DM336');
INSERT INTO dis_relationship_master VALUES ('755SS12', 'C2', 'S3', 'SS12', 'D151', 'DM336');
INSERT INTO dis_relationship_master VALUES ('755SS11', 'C2', 'S3', 'SS11', 'D151', 'DM336');
INSERT INTO dis_relationship_master VALUES ('755SS7', 'C2', 'S3', 'SS7', 'D151', 'DM336');
INSERT INTO diagnosis_modifiers VALUES ('DM337', 'PERICARDITIS');
INSERT INTO dis_relationship_master VALUES ('76', 'C2', 'S0', 'SS0', 'D151', 'DM337');
INSERT INTO dis_relationship_diagnosis_to_diagnosis_modifier VALUES ('D151', 'DM337');
INSERT INTO diagnosis_modifiers VALUES ('DM338', 'SEPTIC THROMBOPHLEBITIS');
INSERT INTO dis_relationship_master VALUES ('1578SS173', 'C2', 'S88', 'SS173', 'D151', 'DM338');
INSERT INTO dis_relationship_diagnosis_to_diagnosis_modifier VALUES ('D151', 'DM338');
INSERT INTO dis_relationship_master VALUES ('1578SS150', 'C2', 'S88', 'SS150', 'D151', 'DM338');
INSERT INTO dis_relationship_master VALUES ('1578SS93', 'C2', 'S88', 'SS93', 'D151', 'DM338');
INSERT INTO dis_relationship_master VALUES ('1578SS87', 'C2', 'S88', 'SS87', 'D151', 'DM338');
INSERT INTO dis_relationship_master VALUES ('1578SS58', 'C2', 'S88', 'SS58', 'D151', 'DM338');
INSERT INTO dis_relationship_master VALUES ('318SS194', 'C2', 'S9', 'SS194', 'D151', 'DM338');
INSERT INTO dis_relationship_master VALUES ('318SS166', 'C2', 'S9', 'SS166', 'D151', 'DM338');
INSERT INTO dis_relationship_master VALUES ('318SS150', 'C2', 'S9', 'SS150', 'D151', 'DM338');
INSERT INTO dis_relationship_master VALUES ('318SS143', 'C2', 'S9', 'SS143', 'D151', 'DM338');
INSERT INTO dis_relationship_master VALUES ('318SS30', 'C2', 'S9', 'SS30', 'D151', 'DM338');
INSERT INTO dis_relationship_master VALUES ('318SS28', 'C2', 'S9', 'SS28', 'D151', 'DM338');
INSERT INTO dis_relationship_master VALUES ('318SS26', 'C2', 'S9', 'SS26', 'D151', 'DM338');
INSERT INTO dis_relationship_master VALUES ('318SS6', 'C2', 'S9', 'SS6', 'D151', 'DM338');
INSERT INTO diagnosis_modifiers VALUES ('DM339', 'THROMBOSIS');
INSERT INTO dis_relationship_master VALUES ('1579SS173', 'C2', 'S88', 'SS173', 'D151', 'DM339');
INSERT INTO dis_relationship_diagnosis_to_diagnosis_modifier VALUES ('D151', 'DM339');
INSERT INTO dis_relationship_master VALUES ('1579SS150', 'C2', 'S88', 'SS150', 'D151', 'DM339');
INSERT INTO dis_relationship_master VALUES ('1579SS93', 'C2', 'S88', 'SS93', 'D151', 'DM339');
INSERT INTO dis_relationship_master VALUES ('1579SS87', 'C2', 'S88', 'SS87', 'D151', 'DM339');
INSERT INTO dis_relationship_master VALUES ('1579SS58', 'C2', 'S88', 'SS58', 'D151', 'DM339');
INSERT INTO dis_relationship_master VALUES ('319SS194', 'C2', 'S9', 'SS194', 'D151', 'DM339');
INSERT INTO dis_relationship_master VALUES ('319SS166', 'C2', 'S9', 'SS166', 'D151', 'DM339');
INSERT INTO dis_relationship_master VALUES ('319SS150', 'C2', 'S9', 'SS150', 'D151', 'DM339');
INSERT INTO dis_relationship_master VALUES ('319SS143', 'C2', 'S9', 'SS143', 'D151', 'DM339');
INSERT INTO dis_relationship_master VALUES ('319SS30', 'C2', 'S9', 'SS30', 'D151', 'DM339');
INSERT INTO dis_relationship_master VALUES ('319SS28', 'C2', 'S9', 'SS28', 'D151', 'DM339');
INSERT INTO dis_relationship_master VALUES ('319SS26', 'C2', 'S9', 'SS26', 'D151', 'DM339');
INSERT INTO dis_relationship_master VALUES ('319SS6', 'C2', 'S9', 'SS6', 'D151', 'DM339');
INSERT INTO diagnosis_modifiers VALUES ('DM340', 'THROMBOSIS/EMBOLI');
INSERT INTO dis_relationship_master VALUES ('1580SS173', 'C2', 'S88', 'SS173', 'D151', 'DM340');
INSERT INTO dis_relationship_diagnosis_to_diagnosis_modifier VALUES ('D151', 'DM340');
INSERT INTO dis_relationship_master VALUES ('1580SS150', 'C2', 'S88', 'SS150', 'D151', 'DM340');
INSERT INTO dis_relationship_master VALUES ('1580SS93', 'C2', 'S88', 'SS93', 'D151', 'DM340');
INSERT INTO dis_relationship_master VALUES ('1580SS87', 'C2', 'S88', 'SS87', 'D151', 'DM340');
INSERT INTO dis_relationship_master VALUES ('1580SS58', 'C2', 'S88', 'SS58', 'D151', 'DM340');
INSERT INTO dis_relationship_master VALUES ('320SS194', 'C2', 'S9', 'SS194', 'D151', 'DM340');
INSERT INTO dis_relationship_master VALUES ('320SS166', 'C2', 'S9', 'SS166', 'D151', 'DM340');
INSERT INTO dis_relationship_master VALUES ('320SS150', 'C2', 'S9', 'SS150', 'D151', 'DM340');
INSERT INTO dis_relationship_master VALUES ('320SS143', 'C2', 'S9', 'SS143', 'D151', 'DM340');
INSERT INTO dis_relationship_master VALUES ('320SS30', 'C2', 'S9', 'SS30', 'D151', 'DM340');
INSERT INTO dis_relationship_master VALUES ('320SS28', 'C2', 'S9', 'SS28', 'D151', 'DM340');
INSERT INTO dis_relationship_master VALUES ('320SS26', 'C2', 'S9', 'SS26', 'D151', 'DM340');
INSERT INTO dis_relationship_master VALUES ('320SS6', 'C2', 'S9', 'SS6', 'D151', 'DM340');
INSERT INTO diagnosis_modifiers VALUES ('DM341', 'VARIX');
INSERT INTO dis_relationship_master VALUES ('1581SS173', 'C2', 'S88', 'SS173', 'D151', 'DM341');
INSERT INTO dis_relationship_diagnosis_to_diagnosis_modifier VALUES ('D151', 'DM341');
INSERT INTO dis_relationship_master VALUES ('1581SS150', 'C2', 'S88', 'SS150', 'D151', 'DM341');
INSERT INTO dis_relationship_master VALUES ('1581SS93', 'C2', 'S88', 'SS93', 'D151', 'DM341');
INSERT INTO dis_relationship_master VALUES ('1581SS87', 'C2', 'S88', 'SS87', 'D151', 'DM341');
INSERT INTO dis_relationship_master VALUES ('1581SS58', 'C2', 'S88', 'SS58', 'D151', 'DM341');
INSERT INTO dis_relationship_master VALUES ('685SS1', 'C2', 'S7', 'SS1', 'D151', 'DM341');
INSERT INTO dis_relationship_master VALUES ('685SS71', 'C2', 'S7', 'SS71', 'D151', 'DM341');
INSERT INTO dis_relationship_master VALUES ('685SS56', 'C2', 'S7', 'SS56', 'D151', 'DM341');
INSERT INTO dis_relationship_master VALUES ('321SS194', 'C2', 'S9', 'SS194', 'D151', 'DM341');
INSERT INTO dis_relationship_master VALUES ('321SS166', 'C2', 'S9', 'SS166', 'D151', 'DM341');
INSERT INTO dis_relationship_master VALUES ('321SS150', 'C2', 'S9', 'SS150', 'D151', 'DM341');
INSERT INTO dis_relationship_master VALUES ('321SS143', 'C2', 'S9', 'SS143', 'D151', 'DM341');
INSERT INTO dis_relationship_master VALUES ('321SS30', 'C2', 'S9', 'SS30', 'D151', 'DM341');
INSERT INTO dis_relationship_master VALUES ('321SS28', 'C2', 'S9', 'SS28', 'D151', 'DM341');
INSERT INTO dis_relationship_master VALUES ('321SS26', 'C2', 'S9', 'SS26', 'D151', 'DM341');
INSERT INTO dis_relationship_master VALUES ('321SS6', 'C2', 'S9', 'SS6', 'D151', 'DM341');
INSERT INTO diagnosis_modifiers VALUES ('DM342', 'VASCULITIS');
INSERT INTO dis_relationship_master VALUES ('1582SS173', 'C2', 'S88', 'SS173', 'D151', 'DM342');
INSERT INTO dis_relationship_diagnosis_to_diagnosis_modifier VALUES ('D151', 'DM342');
INSERT INTO dis_relationship_master VALUES ('1582SS150', 'C2', 'S88', 'SS150', 'D151', 'DM342');
INSERT INTO dis_relationship_master VALUES ('1582SS93', 'C2', 'S88', 'SS93', 'D151', 'DM342');
INSERT INTO dis_relationship_master VALUES ('1582SS87', 'C2', 'S88', 'SS87', 'D151', 'DM342');
INSERT INTO dis_relationship_master VALUES ('1582SS58', 'C2', 'S88', 'SS58', 'D151', 'DM342');
INSERT INTO dis_relationship_master VALUES ('322SS194', 'C2', 'S9', 'SS194', 'D151', 'DM342');
INSERT INTO dis_relationship_master VALUES ('322SS166', 'C2', 'S9', 'SS166', 'D151', 'DM342');
INSERT INTO dis_relationship_master VALUES ('322SS150', 'C2', 'S9', 'SS150', 'D151', 'DM342');
INSERT INTO dis_relationship_master VALUES ('322SS143', 'C2', 'S9', 'SS143', 'D151', 'DM342');
INSERT INTO dis_relationship_master VALUES ('322SS30', 'C2', 'S9', 'SS30', 'D151', 'DM342');
INSERT INTO dis_relationship_master VALUES ('322SS28', 'C2', 'S9', 'SS28', 'D151', 'DM342');
INSERT INTO dis_relationship_master VALUES ('322SS26', 'C2', 'S9', 'SS26', 'D151', 'DM342');
INSERT INTO dis_relationship_master VALUES ('322SS6', 'C2', 'S9', 'SS6', 'D151', 'DM342');
INSERT INTO diagnoses VALUES ('D230', 'CENTRAL NEUROCYTOMA');
INSERT INTO dis_relationship_master VALUES ('502SS192', 'C1', 'S31', 'SS192', 'D230', 'DM2');
INSERT INTO dis_relationship_diagnosis_to_diagnosis_modifier VALUES ('D230', 'DM2');
INSERT INTO dis_relationship_master VALUES ('502SS177', 'C1', 'S31', 'SS177', 'D230', 'DM2');
INSERT INTO dis_relationship_master VALUES ('502SS176', 'C1', 'S31', 'SS176', 'D230', 'DM2');
INSERT INTO dis_relationship_master VALUES ('502SS126', 'C1', 'S31', 'SS126', 'D230', 'DM2');
INSERT INTO dis_relationship_master VALUES ('502SS119', 'C1', 'S31', 'SS119', 'D230', 'DM2');
INSERT INTO dis_relationship_master VALUES ('502SS82', 'C1', 'S31', 'SS82', 'D230', 'DM2');
INSERT INTO dis_relationship_master VALUES ('502SS78', 'C1', 'S31', 'SS78', 'D230', 'DM2');
INSERT INTO dis_relationship_master VALUES ('502SS67', 'C1', 'S31', 'SS67', 'D230', 'DM2');
INSERT INTO dis_relationship_master VALUES ('502SS49', 'C1', 'S31', 'SS49', 'D230', 'DM2');
INSERT INTO dis_relationship_master VALUES ('502SS42', 'C1', 'S31', 'SS42', 'D230', 'DM2');
INSERT INTO dis_relationship_master VALUES ('502SS40', 'C1', 'S31', 'SS40', 'D230', 'DM2');
INSERT INTO dis_relationship_master VALUES ('502SS35', 'C1', 'S31', 'SS35', 'D230', 'DM2');
INSERT INTO dis_relationship_master VALUES ('502SS31', 'C1', 'S31', 'SS31', 'D230', 'DM2');
INSERT INTO dis_relationship_master VALUES ('502SS29', 'C1', 'S31', 'SS29', 'D230', 'DM2');
INSERT INTO dis_relationship_master VALUES ('502SS17', 'C1', 'S31', 'SS17', 'D230', 'DM2');
INSERT INTO dis_relationship_master VALUES ('2061', 'C0', 'S0', 'SS0', 'D230', 'DM2');
INSERT INTO diagnosis_modifiers VALUES ('DM343', 'ANY GRADE WITH HPV');
INSERT INTO dis_relationship_master VALUES ('631SS53', 'C5', 'S62', 'SS53', 'D152', 'DM343');
INSERT INTO dis_relationship_diagnosis_to_diagnosis_modifier VALUES ('D152', 'DM343');
INSERT INTO dis_relationship_master VALUES ('631SS51', 'C5', 'S62', 'SS51', 'D152', 'DM343');
INSERT INTO dis_relationship_master VALUES ('631SS50', 'C5', 'S62', 'SS50', 'D152', 'DM343');
INSERT INTO diagnosis_modifiers VALUES ('DM344', 'MILD (CIN I) OR LOW GRADE (LGSIL)');
INSERT INTO dis_relationship_master VALUES ('632SS53', 'C5', 'S62', 'SS53', 'D152', 'DM344');
INSERT INTO dis_relationship_diagnosis_to_diagnosis_modifier VALUES ('D152', 'DM344');
INSERT INTO dis_relationship_master VALUES ('632SS51', 'C5', 'S62', 'SS51', 'D152', 'DM344');
INSERT INTO dis_relationship_master VALUES ('632SS50', 'C5', 'S62', 'SS50', 'D152', 'DM344');
INSERT INTO diagnosis_modifiers VALUES ('DM345', 'MODERATE (CIN II) OR HIGH GRADE (HGSIL)');
INSERT INTO dis_relationship_master VALUES ('633SS53', 'C5', 'S62', 'SS53', 'D152', 'DM345');
INSERT INTO dis_relationship_diagnosis_to_diagnosis_modifier VALUES ('D152', 'DM345');
INSERT INTO dis_relationship_master VALUES ('633SS51', 'C5', 'S62', 'SS51', 'D152', 'DM345');
INSERT INTO dis_relationship_master VALUES ('633SS50', 'C5', 'S62', 'SS50', 'D152', 'DM345');
INSERT INTO diagnosis_modifiers VALUES ('DM346', 'SEVERE (CIN III) OR HIGH GRADE (HGSIL)');
INSERT INTO dis_relationship_master VALUES ('634SS53', 'C5', 'S62', 'SS53', 'D152', 'DM346');
INSERT INTO dis_relationship_diagnosis_to_diagnosis_modifier VALUES ('D152', 'DM346');
INSERT INTO dis_relationship_master VALUES ('634SS51', 'C5', 'S62', 'SS51', 'D152', 'DM346');
INSERT INTO dis_relationship_master VALUES ('634SS50', 'C5', 'S62', 'SS50', 'D152', 'DM346');
INSERT INTO diagnosis_modifiers VALUES ('DM347', 'INTRAHEPATIC');
INSERT INTO dis_relationship_master VALUES ('818SS1', 'C6', 'S39', 'SS1', 'D153', 'DM347');
INSERT INTO dis_relationship_diagnosis_to_diagnosis_modifier VALUES ('D153', 'DM347');
INSERT INTO diagnoses VALUES ('D231', 'CHORIOCARCINOMA');
INSERT INTO dis_relationship_master VALUES ('1456SS1', 'C6', 'S42', 'SS1', 'D231', 'DM2');
INSERT INTO dis_relationship_diagnosis_to_diagnosis_modifier VALUES ('D231', 'DM2');
INSERT INTO dis_relationship_master VALUES ('1028SS137', 'C6', 'S35', 'SS137', 'D231', 'DM2');
INSERT INTO dis_relationship_master VALUES ('1028SS52', 'C6', 'S35', 'SS52', 'D231', 'DM2');
INSERT INTO dis_relationship_master VALUES ('1028SS80', 'C6', 'S35', 'SS80', 'D231', 'DM2');
INSERT INTO dis_relationship_master VALUES ('1028SS42', 'C6', 'S35', 'SS42', 'D231', 'DM2');
INSERT INTO dis_relationship_master VALUES ('1028SS41', 'C6', 'S35', 'SS41', 'D231', 'DM2');
INSERT INTO dis_relationship_master VALUES ('1784', 'C0', 'S0', 'SS0', 'D231', 'DM2');
INSERT INTO diagnoses VALUES ('D232', 'CHOROID PLEXUS PAPILLOMA');
INSERT INTO dis_relationship_master VALUES ('1915', 'C0', 'S0', 'SS0', 'D232', 'DM2');
INSERT INTO dis_relationship_diagnosis_to_diagnosis_modifier VALUES ('D232', 'DM2');
INSERT INTO dis_relationship_master VALUES ('503SS192', 'C7', 'S31', 'SS192', 'D232', 'DM2');
INSERT INTO dis_relationship_master VALUES ('503SS177', 'C7', 'S31', 'SS177', 'D232', 'DM2');
INSERT INTO dis_relationship_master VALUES ('503SS176', 'C7', 'S31', 'SS176', 'D232', 'DM2');
INSERT INTO dis_relationship_master VALUES ('503SS126', 'C7', 'S31', 'SS126', 'D232', 'DM2');
INSERT INTO dis_relationship_master VALUES ('503SS119', 'C7', 'S31', 'SS119', 'D232', 'DM2');
INSERT INTO dis_relationship_master VALUES ('503SS82', 'C7', 'S31', 'SS82', 'D232', 'DM2');
INSERT INTO dis_relationship_master VALUES ('503SS78', 'C7', 'S31', 'SS78', 'D232', 'DM2');
INSERT INTO dis_relationship_master VALUES ('503SS67', 'C7', 'S31', 'SS67', 'D232', 'DM2');
INSERT INTO dis_relationship_master VALUES ('503SS49', 'C7', 'S31', 'SS49', 'D232', 'DM2');
INSERT INTO dis_relationship_master VALUES ('503SS42', 'C7', 'S31', 'SS42', 'D232', 'DM2');
INSERT INTO dis_relationship_master VALUES ('503SS40', 'C7', 'S31', 'SS40', 'D232', 'DM2');
INSERT INTO dis_relationship_master VALUES ('503SS35', 'C7', 'S31', 'SS35', 'D232', 'DM2');
INSERT INTO dis_relationship_master VALUES ('503SS31', 'C7', 'S31', 'SS31', 'D232', 'DM2');
INSERT INTO dis_relationship_master VALUES ('503SS29', 'C7', 'S31', 'SS29', 'D232', 'DM2');
INSERT INTO dis_relationship_master VALUES ('503SS17', 'C7', 'S31', 'SS17', 'D232', 'DM2');
INSERT INTO diagnoses VALUES ('D233', 'CIS (CARCINOMA IN SITU)');
INSERT INTO dis_relationship_master VALUES ('986SS181', 'C5', 'S51', 'SS181', 'D233', 'DM2');
INSERT INTO dis_relationship_diagnosis_to_diagnosis_modifier VALUES ('D233', 'DM2');
INSERT INTO dis_relationship_master VALUES ('986SS167', 'C5', 'S51', 'SS167', 'D233', 'DM2');
INSERT INTO dis_relationship_master VALUES ('986SS139', 'C5', 'S51', 'SS139', 'D233', 'DM2');
INSERT INTO dis_relationship_master VALUES ('986SS121', 'C5', 'S51', 'SS121', 'D233', 'DM2');
INSERT INTO dis_relationship_master VALUES ('986SS100', 'C5', 'S51', 'SS100', 'D233', 'DM2');
INSERT INTO dis_relationship_master VALUES ('986SS75', 'C5', 'S51', 'SS75', 'D233', 'DM2');
INSERT INTO dis_relationship_master VALUES ('986SS72', 'C5', 'S51', 'SS72', 'D233', 'DM2');
INSERT INTO dis_relationship_master VALUES ('986SS55', 'C5', 'S51', 'SS55', 'D233', 'DM2');
INSERT INTO dis_relationship_master VALUES ('2178SS157', 'C5', 'S1', 'SS157', 'D233', 'DM2');
INSERT INTO dis_relationship_master VALUES ('2178SS156', 'C5', 'S1', 'SS156', 'D233', 'DM2');
INSERT INTO dis_relationship_master VALUES ('2178SS98', 'C5', 'S1', 'SS98', 'D233', 'DM2');
INSERT INTO dis_relationship_master VALUES ('2178SS73', 'C5', 'S1', 'SS73', 'D233', 'DM2');
INSERT INTO dis_relationship_master VALUES ('2178SS66', 'C5', 'S1', 'SS66', 'D233', 'DM2');
INSERT INTO dis_relationship_master VALUES ('2178SS65', 'C5', 'S1', 'SS65', 'D233', 'DM2');
INSERT INTO dis_relationship_master VALUES ('2178SS57', 'C5', 'S1', 'SS57', 'D233', 'DM2');
INSERT INTO dis_relationship_master VALUES ('2178SS19', 'C5', 'S1', 'SS19', 'D233', 'DM2');
INSERT INTO dis_relationship_master VALUES ('2178SS8', 'C5', 'S1', 'SS8', 'D233', 'DM2');
INSERT INTO dis_relationship_master VALUES ('2178SS2', 'C5', 'S1', 'SS2', 'D233', 'DM2');
INSERT INTO dis_relationship_master VALUES ('1989', 'C0', 'S0', 'SS0', 'D233', 'DM2');
INSERT INTO dis_relationship_master VALUES ('717SS63', 'C5', 'S93', 'SS63', 'D233', 'DM2');
INSERT INTO dis_relationship_master VALUES ('1255SS157', 'C5', 'S1', 'SS157', 'D233', 'DM34');
INSERT INTO dis_relationship_diagnosis_to_diagnosis_modifier VALUES ('D233', 'DM34');
INSERT INTO dis_relationship_master VALUES ('1255SS156', 'C5', 'S1', 'SS156', 'D233', 'DM34');
INSERT INTO dis_relationship_master VALUES ('1255SS98', 'C5', 'S1', 'SS98', 'D233', 'DM34');
INSERT INTO dis_relationship_master VALUES ('1255SS73', 'C5', 'S1', 'SS73', 'D233', 'DM34');
INSERT INTO dis_relationship_master VALUES ('1255SS66', 'C5', 'S1', 'SS66', 'D233', 'DM34');
INSERT INTO dis_relationship_master VALUES ('1255SS65', 'C5', 'S1', 'SS65', 'D233', 'DM34');
INSERT INTO dis_relationship_master VALUES ('1255SS57', 'C5', 'S1', 'SS57', 'D233', 'DM34');
INSERT INTO dis_relationship_master VALUES ('1255SS19', 'C5', 'S1', 'SS19', 'D233', 'DM34');
INSERT INTO dis_relationship_master VALUES ('1255SS8', 'C5', 'S1', 'SS8', 'D233', 'DM34');
INSERT INTO dis_relationship_master VALUES ('1255SS2', 'C5', 'S1', 'SS2', 'D233', 'DM34');
INSERT INTO diagnoses VALUES ('D234', 'CLEAR CELL ADENOFIBROMA');
INSERT INTO dis_relationship_master VALUES ('1029SS137', 'C7', 'S35', 'SS137', 'D234', 'DM2');
INSERT INTO dis_relationship_diagnosis_to_diagnosis_modifier VALUES ('D234', 'DM2');
INSERT INTO dis_relationship_master VALUES ('1029SS52', 'C7', 'S35', 'SS52', 'D234', 'DM2');
INSERT INTO dis_relationship_master VALUES ('1029SS80', 'C7', 'S35', 'SS80', 'D234', 'DM2');
INSERT INTO dis_relationship_master VALUES ('1029SS42', 'C7', 'S35', 'SS42', 'D234', 'DM2');
INSERT INTO dis_relationship_master VALUES ('1029SS41', 'C7', 'S35', 'SS41', 'D234', 'DM2');
INSERT INTO dis_relationship_master VALUES ('1931', 'C0', 'S0', 'SS0', 'D234', 'DM2');
INSERT INTO diagnoses VALUES ('D235', 'COLLOID NODULE');
INSERT INTO dis_relationship_master VALUES ('1496SS101', 'C7', 'S73', 'SS101', 'D235', 'DM2');
INSERT INTO dis_relationship_diagnosis_to_diagnosis_modifier VALUES ('D235', 'DM2');
INSERT INTO dis_relationship_master VALUES ('1496SS148', 'C7', 'S73', 'SS148', 'D235', 'DM2');
INSERT INTO dis_relationship_master VALUES ('1496SS90', 'C7', 'S73', 'SS90', 'D235', 'DM2');
INSERT INTO dis_relationship_master VALUES ('2157', 'C0', 'S0', 'SS0', 'D235', 'DM2');
INSERT INTO diagnoses VALUES ('D236', 'COMBINED HEPATOCELLULAR & CHOLANGIOCARCINOMA');
INSERT INTO dis_relationship_master VALUES ('1742', 'C0', 'S0', 'SS0', 'D236', 'DM2');
INSERT INTO dis_relationship_diagnosis_to_diagnosis_modifier VALUES ('D236', 'DM2');
INSERT INTO dis_relationship_master VALUES ('819SS1', 'C6', 'S39', 'SS1', 'D236', 'DM2');
INSERT INTO diagnoses VALUES ('D237', 'COMPLEX SCLEROSING LESION/RADIAL SCAR');
INSERT INTO dis_relationship_master VALUES ('1883', 'C0', 'S0', 'SS0', 'D237', 'DM2');
INSERT INTO dis_relationship_diagnosis_to_diagnosis_modifier VALUES ('D237', 'DM2');
INSERT INTO dis_relationship_master VALUES ('584SS164', 'C7', 'S20', 'SS164', 'D237', 'DM2');
INSERT INTO dis_relationship_master VALUES ('584SS118', 'C7', 'S20', 'SS118', 'D237', 'DM2');
INSERT INTO dis_relationship_master VALUES ('584SS114', 'C7', 'S20', 'SS114', 'D237', 'DM2');
INSERT INTO diagnosis_modifiers VALUES ('DM348', 'ACUMINATUM');
INSERT INTO dis_relationship_master VALUES ('77', 'C5', 'S0', 'SS0', 'D154', 'DM348');
INSERT INTO dis_relationship_diagnosis_to_diagnosis_modifier VALUES ('D154', 'DM348');
INSERT INTO dis_relationship_master VALUES ('36SS1', 'C5', 'S6', 'SS1', 'D154', 'DM348');
INSERT INTO diagnoses VALUES ('D238', 'CONDYLOMA WITH DYSPLASIA');
INSERT INTO dis_relationship_master VALUES ('1844', 'C0', 'S0', 'SS0', 'D238', 'DM2');
INSERT INTO dis_relationship_diagnosis_to_diagnosis_modifier VALUES ('D238', 'DM2');
INSERT INTO dis_relationship_master VALUES ('37SS1', 'C5', 'S6', 'SS1', 'D238', 'DM2');
INSERT INTO diagnosis_modifiers VALUES ('DM349', 'MALFORMATION');
INSERT INTO dis_relationship_master VALUES ('78', 'C2', 'S0', 'SS0', 'D155', 'DM349');
INSERT INTO dis_relationship_diagnosis_to_diagnosis_modifier VALUES ('D155', 'DM349');
INSERT INTO dis_relationship_master VALUES ('775SS151', 'C7', 'S82', 'SS151', 'D156', 'DM68');
INSERT INTO dis_relationship_diagnosis_to_diagnosis_modifier VALUES ('D156', 'DM68');
INSERT INTO dis_relationship_master VALUES ('775SS105', 'C7', 'S82', 'SS105', 'D156', 'DM68');
INSERT INTO dis_relationship_master VALUES ('775SS42', 'C7', 'S82', 'SS42', 'D156', 'DM68');
INSERT INTO diagnosis_modifiers VALUES ('DM350', 'CLASSICAL');
INSERT INTO dis_relationship_master VALUES ('776SS151', 'C7', 'S82', 'SS151', 'D156', 'DM350');
INSERT INTO dis_relationship_diagnosis_to_diagnosis_modifier VALUES ('D156', 'DM350');
INSERT INTO dis_relationship_master VALUES ('776SS105', 'C7', 'S82', 'SS105', 'D156', 'DM350');
INSERT INTO dis_relationship_master VALUES ('776SS42', 'C7', 'S82', 'SS42', 'D156', 'DM350');
INSERT INTO diagnosis_modifiers VALUES ('DM351', 'MIXED CELLULARITY');
INSERT INTO dis_relationship_master VALUES ('777SS151', 'C7', 'S82', 'SS151', 'D156', 'DM351');
INSERT INTO dis_relationship_diagnosis_to_diagnosis_modifier VALUES ('D156', 'DM351');
INSERT INTO dis_relationship_master VALUES ('777SS105', 'C7', 'S82', 'SS105', 'D156', 'DM351');
INSERT INTO dis_relationship_master VALUES ('777SS42', 'C7', 'S82', 'SS42', 'D156', 'DM351');
INSERT INTO diagnoses VALUES ('D239', 'CORTICAL TUMOR');
INSERT INTO dis_relationship_master VALUES ('1623SS105', 'C1', 'S80', 'SS105', 'D239', 'DM2');
INSERT INTO dis_relationship_diagnosis_to_diagnosis_modifier VALUES ('D239', 'DM2');
INSERT INTO dis_relationship_master VALUES ('1623SS42', 'C1', 'S80', 'SS42', 'D239', 'DM2');
INSERT INTO dis_relationship_master VALUES ('2068', 'C0', 'S0', 'SS0', 'D239', 'DM2');
INSERT INTO dis_relationship_master VALUES ('79', 'C1', 'S0', 'SS0', 'D239', 'DM2');
INSERT INTO dis_relationship_master VALUES ('10SS105', 'C1', 'S80', 'SS105', 'D239', 'DM92');
INSERT INTO dis_relationship_diagnosis_to_diagnosis_modifier VALUES ('D239', 'DM92');
INSERT INTO dis_relationship_master VALUES ('10SS42', 'C1', 'S80', 'SS42', 'D239', 'DM92');
INSERT INTO diagnoses VALUES ('D240', 'CRANIAL FASCIITIS');
INSERT INTO dis_relationship_master VALUES ('2015', 'C0', 'S0', 'SS0', 'D240', 'DM2');
INSERT INTO dis_relationship_diagnosis_to_diagnosis_modifier VALUES ('D240', 'DM2');
INSERT INTO dis_relationship_master VALUES ('423SS188', 'C7', 'S92', 'SS188', 'D240', 'DM2');
INSERT INTO dis_relationship_master VALUES ('423SS179', 'C7', 'S92', 'SS179', 'D240', 'DM2');
INSERT INTO dis_relationship_master VALUES ('423SS168', 'C7', 'S92', 'SS168', 'D240', 'DM2');
INSERT INTO dis_relationship_master VALUES ('423SS165', 'C7', 'S92', 'SS165', 'D240', 'DM2');
INSERT INTO dis_relationship_master VALUES ('423SS153', 'C7', 'S92', 'SS153', 'D240', 'DM2');
INSERT INTO dis_relationship_master VALUES ('423SS149', 'C7', 'S92', 'SS149', 'D240', 'DM2');
INSERT INTO dis_relationship_master VALUES ('423SS128', 'C7', 'S92', 'SS128', 'D240', 'DM2');
INSERT INTO dis_relationship_master VALUES ('423SS109', 'C7', 'S92', 'SS109', 'D240', 'DM2');
INSERT INTO dis_relationship_master VALUES ('423SS108', 'C7', 'S92', 'SS108', 'D240', 'DM2');
INSERT INTO dis_relationship_master VALUES ('423SS104', 'C7', 'S92', 'SS104', 'D240', 'DM2');
INSERT INTO dis_relationship_master VALUES ('423SS79', 'C7', 'S92', 'SS79', 'D240', 'DM2');
INSERT INTO dis_relationship_master VALUES ('423SS62', 'C7', 'S92', 'SS62', 'D240', 'DM2');
INSERT INTO dis_relationship_master VALUES ('423SS60', 'C7', 'S92', 'SS60', 'D240', 'DM2');
INSERT INTO diagnoses VALUES ('D241', 'CRANIOPHARYGIOMA');
INSERT INTO dis_relationship_master VALUES ('1133SS1', 'C7', 'S49', 'SS1', 'D241', 'DM2');
INSERT INTO dis_relationship_diagnosis_to_diagnosis_modifier VALUES ('D241', 'DM2');
INSERT INTO dis_relationship_master VALUES ('2292SS192', 'C7', 'S31', 'SS192', 'D241', 'DM2');
INSERT INTO dis_relationship_master VALUES ('2292SS177', 'C7', 'S31', 'SS177', 'D241', 'DM2');
INSERT INTO dis_relationship_master VALUES ('2292SS176', 'C7', 'S31', 'SS176', 'D241', 'DM2');
INSERT INTO dis_relationship_master VALUES ('2292SS126', 'C7', 'S31', 'SS126', 'D241', 'DM2');
INSERT INTO dis_relationship_master VALUES ('2292SS119', 'C7', 'S31', 'SS119', 'D241', 'DM2');
INSERT INTO dis_relationship_master VALUES ('2292SS82', 'C7', 'S31', 'SS82', 'D241', 'DM2');
INSERT INTO dis_relationship_master VALUES ('2292SS78', 'C7', 'S31', 'SS78', 'D241', 'DM2');
INSERT INTO dis_relationship_master VALUES ('2292SS67', 'C7', 'S31', 'SS67', 'D241', 'DM2');
INSERT INTO dis_relationship_master VALUES ('2292SS49', 'C7', 'S31', 'SS49', 'D241', 'DM2');
INSERT INTO dis_relationship_master VALUES ('2292SS42', 'C7', 'S31', 'SS42', 'D241', 'DM2');
INSERT INTO dis_relationship_master VALUES ('2292SS40', 'C7', 'S31', 'SS40', 'D241', 'DM2');
INSERT INTO dis_relationship_master VALUES ('2292SS35', 'C7', 'S31', 'SS35', 'D241', 'DM2');
INSERT INTO dis_relationship_master VALUES ('2292SS31', 'C7', 'S31', 'SS31', 'D241', 'DM2');
INSERT INTO dis_relationship_master VALUES ('2292SS29', 'C7', 'S31', 'SS29', 'D241', 'DM2');
INSERT INTO dis_relationship_master VALUES ('2292SS17', 'C7', 'S31', 'SS17', 'D241', 'DM2');
INSERT INTO dis_relationship_master VALUES ('2144', 'C0', 'S0', 'SS0', 'D241', 'DM2');
INSERT INTO dis_relationship_master VALUES ('504SS192', 'C7', 'S31', 'SS192', 'D241', 'DM69');
INSERT INTO dis_relationship_diagnosis_to_diagnosis_modifier VALUES ('D241', 'DM69');
INSERT INTO dis_relationship_master VALUES ('504SS177', 'C7', 'S31', 'SS177', 'D241', 'DM69');
INSERT INTO dis_relationship_master VALUES ('504SS176', 'C7', 'S31', 'SS176', 'D241', 'DM69');
INSERT INTO dis_relationship_master VALUES ('504SS126', 'C7', 'S31', 'SS126', 'D241', 'DM69');
INSERT INTO dis_relationship_master VALUES ('504SS119', 'C7', 'S31', 'SS119', 'D241', 'DM69');
INSERT INTO dis_relationship_master VALUES ('504SS82', 'C7', 'S31', 'SS82', 'D241', 'DM69');
INSERT INTO dis_relationship_master VALUES ('504SS78', 'C7', 'S31', 'SS78', 'D241', 'DM69');
INSERT INTO dis_relationship_master VALUES ('504SS67', 'C7', 'S31', 'SS67', 'D241', 'DM69');
INSERT INTO dis_relationship_master VALUES ('504SS49', 'C7', 'S31', 'SS49', 'D241', 'DM69');
INSERT INTO dis_relationship_master VALUES ('504SS42', 'C7', 'S31', 'SS42', 'D241', 'DM69');
INSERT INTO dis_relationship_master VALUES ('504SS40', 'C7', 'S31', 'SS40', 'D241', 'DM69');
INSERT INTO dis_relationship_master VALUES ('504SS35', 'C7', 'S31', 'SS35', 'D241', 'DM69');
INSERT INTO dis_relationship_master VALUES ('504SS31', 'C7', 'S31', 'SS31', 'D241', 'DM69');
INSERT INTO dis_relationship_master VALUES ('504SS29', 'C7', 'S31', 'SS29', 'D241', 'DM69');
INSERT INTO dis_relationship_master VALUES ('504SS17', 'C7', 'S31', 'SS17', 'D241', 'DM69');
INSERT INTO dis_relationship_master VALUES ('505SS192', 'C7', 'S31', 'SS192', 'D241', 'DM12');
INSERT INTO dis_relationship_diagnosis_to_diagnosis_modifier VALUES ('D241', 'DM12');
INSERT INTO dis_relationship_master VALUES ('505SS177', 'C7', 'S31', 'SS177', 'D241', 'DM12');
INSERT INTO dis_relationship_master VALUES ('505SS176', 'C7', 'S31', 'SS176', 'D241', 'DM12');
INSERT INTO dis_relationship_master VALUES ('505SS126', 'C7', 'S31', 'SS126', 'D241', 'DM12');
INSERT INTO dis_relationship_master VALUES ('505SS119', 'C7', 'S31', 'SS119', 'D241', 'DM12');
INSERT INTO dis_relationship_master VALUES ('505SS82', 'C7', 'S31', 'SS82', 'D241', 'DM12');
INSERT INTO dis_relationship_master VALUES ('505SS78', 'C7', 'S31', 'SS78', 'D241', 'DM12');
INSERT INTO dis_relationship_master VALUES ('505SS67', 'C7', 'S31', 'SS67', 'D241', 'DM12');
INSERT INTO dis_relationship_master VALUES ('505SS49', 'C7', 'S31', 'SS49', 'D241', 'DM12');
INSERT INTO dis_relationship_master VALUES ('505SS42', 'C7', 'S31', 'SS42', 'D241', 'DM12');
INSERT INTO dis_relationship_master VALUES ('505SS40', 'C7', 'S31', 'SS40', 'D241', 'DM12');
INSERT INTO dis_relationship_master VALUES ('505SS35', 'C7', 'S31', 'SS35', 'D241', 'DM12');
INSERT INTO dis_relationship_master VALUES ('505SS31', 'C7', 'S31', 'SS31', 'D241', 'DM12');
INSERT INTO dis_relationship_master VALUES ('505SS29', 'C7', 'S31', 'SS29', 'D241', 'DM12');
INSERT INTO dis_relationship_master VALUES ('505SS17', 'C7', 'S31', 'SS17', 'D241', 'DM12');
INSERT INTO diagnoses VALUES ('D242', 'CYST');
INSERT INTO dis_relationship_master VALUES ('1364SS1', 'C7', 'S50', 'SS1', 'D242', 'DM2');
INSERT INTO dis_relationship_diagnosis_to_diagnosis_modifier VALUES ('D242', 'DM2');
INSERT INTO dis_relationship_master VALUES ('1256SS157', 'C7', 'S1', 'SS157', 'D242', 'DM2');
INSERT INTO dis_relationship_master VALUES ('1256SS156', 'C7', 'S1', 'SS156', 'D242', 'DM2');
INSERT INTO dis_relationship_master VALUES ('1256SS98', 'C7', 'S1', 'SS98', 'D242', 'DM2');
INSERT INTO dis_relationship_master VALUES ('1256SS73', 'C7', 'S1', 'SS73', 'D242', 'DM2');
INSERT INTO dis_relationship_master VALUES ('1256SS66', 'C7', 'S1', 'SS66', 'D242', 'DM2');
INSERT INTO dis_relationship_master VALUES ('1256SS65', 'C7', 'S1', 'SS65', 'D242', 'DM2');
INSERT INTO dis_relationship_master VALUES ('1256SS57', 'C7', 'S1', 'SS57', 'D242', 'DM2');
INSERT INTO dis_relationship_master VALUES ('1256SS19', 'C7', 'S1', 'SS19', 'D242', 'DM2');
INSERT INTO dis_relationship_master VALUES ('1256SS8', 'C7', 'S1', 'SS8', 'D242', 'DM2');
INSERT INTO dis_relationship_master VALUES ('1256SS2', 'C7', 'S1', 'SS2', 'D242', 'DM2');
INSERT INTO dis_relationship_master VALUES ('1134SS1', 'C7', 'S49', 'SS1', 'D242', 'DM2');
INSERT INTO dis_relationship_master VALUES ('1030SS137', 'C7', 'S35', 'SS137', 'D242', 'DM2');
INSERT INTO dis_relationship_master VALUES ('1030SS52', 'C7', 'S35', 'SS52', 'D242', 'DM2');
INSERT INTO dis_relationship_master VALUES ('1030SS80', 'C7', 'S35', 'SS80', 'D242', 'DM2');
INSERT INTO dis_relationship_master VALUES ('1030SS42', 'C7', 'S35', 'SS42', 'D242', 'DM2');
INSERT INTO dis_relationship_master VALUES ('1030SS41', 'C7', 'S35', 'SS41', 'D242', 'DM2');
INSERT INTO dis_relationship_master VALUES ('987SS181', 'C7', 'S51', 'SS181', 'D242', 'DM2');
INSERT INTO dis_relationship_master VALUES ('987SS167', 'C7', 'S51', 'SS167', 'D242', 'DM2');
INSERT INTO dis_relationship_master VALUES ('987SS139', 'C7', 'S51', 'SS139', 'D242', 'DM2');
INSERT INTO dis_relationship_master VALUES ('987SS121', 'C7', 'S51', 'SS121', 'D242', 'DM2');
INSERT INTO dis_relationship_master VALUES ('987SS100', 'C7', 'S51', 'SS100', 'D242', 'DM2');
INSERT INTO dis_relationship_master VALUES ('987SS75', 'C7', 'S51', 'SS75', 'D242', 'DM2');
INSERT INTO dis_relationship_master VALUES ('987SS72', 'C7', 'S51', 'SS72', 'D242', 'DM2');
INSERT INTO dis_relationship_master VALUES ('987SS55', 'C7', 'S51', 'SS55', 'D242', 'DM2');
INSERT INTO dis_relationship_master VALUES ('957SS141', 'C7', 'S61', 'SS141', 'D242', 'DM2');
INSERT INTO dis_relationship_master VALUES ('957SS135', 'C7', 'S61', 'SS135', 'D242', 'DM2');
INSERT INTO dis_relationship_master VALUES ('1119SS1', 'C7', 'S45', 'SS1', 'D242', 'DM2');
INSERT INTO dis_relationship_master VALUES ('2355SS1', 'C7', 'S39', 'SS1', 'D242', 'DM2');
INSERT INTO dis_relationship_master VALUES ('2346SS197', 'C7', 'S84', 'SS197', 'D242', 'DM2');
INSERT INTO dis_relationship_master VALUES ('2346SS113', 'C7', 'S84', 'SS113', 'D242', 'DM2');
INSERT INTO dis_relationship_master VALUES ('2330', 'C7', 'S0', 'SS0', 'D242', 'DM2');
INSERT INTO dis_relationship_master VALUES ('2323SS188', 'C7', 'S92', 'SS188', 'D242', 'DM2');
INSERT INTO dis_relationship_master VALUES ('2323SS179', 'C7', 'S92', 'SS179', 'D242', 'DM2');
INSERT INTO dis_relationship_master VALUES ('2323SS168', 'C7', 'S92', 'SS168', 'D242', 'DM2');
INSERT INTO dis_relationship_master VALUES ('2323SS165', 'C7', 'S92', 'SS165', 'D242', 'DM2');
INSERT INTO dis_relationship_master VALUES ('2323SS153', 'C7', 'S92', 'SS153', 'D242', 'DM2');
INSERT INTO dis_relationship_master VALUES ('2323SS149', 'C7', 'S92', 'SS149', 'D242', 'DM2');
INSERT INTO dis_relationship_master VALUES ('2323SS128', 'C7', 'S92', 'SS128', 'D242', 'DM2');
INSERT INTO dis_relationship_master VALUES ('2323SS109', 'C7', 'S92', 'SS109', 'D242', 'DM2');
INSERT INTO dis_relationship_master VALUES ('2323SS108', 'C7', 'S92', 'SS108', 'D242', 'DM2');
INSERT INTO dis_relationship_master VALUES ('2323SS104', 'C7', 'S92', 'SS104', 'D242', 'DM2');
INSERT INTO dis_relationship_master VALUES ('2323SS79', 'C7', 'S92', 'SS79', 'D242', 'DM2');
INSERT INTO dis_relationship_master VALUES ('2323SS62', 'C7', 'S92', 'SS62', 'D242', 'DM2');
INSERT INTO dis_relationship_master VALUES ('2323SS60', 'C7', 'S92', 'SS60', 'D242', 'DM2');
INSERT INTO dis_relationship_master VALUES ('2294SS63', 'C7', 'S93', 'SS63', 'D242', 'DM2');
INSERT INTO dis_relationship_master VALUES ('2127', 'C0', 'S0', 'SS0', 'D242', 'DM2');
INSERT INTO dis_relationship_master VALUES ('732SS158', 'C7', 'S30', 'SS158', 'D242', 'DM2');
INSERT INTO dis_relationship_master VALUES ('732SS112', 'C7', 'S30', 'SS112', 'D242', 'DM2');
INSERT INTO dis_relationship_master VALUES ('732SS69', 'C7', 'S30', 'SS69', 'D242', 'DM2');
INSERT INTO dis_relationship_master VALUES ('732SS18', 'C7', 'S30', 'SS18', 'D242', 'DM2');
INSERT INTO dis_relationship_master VALUES ('11SS105', 'C7', 'S80', 'SS105', 'D242', 'DM2');
INSERT INTO dis_relationship_master VALUES ('11SS42', 'C7', 'S80', 'SS42', 'D242', 'DM2');
INSERT INTO diagnosis_modifiers VALUES ('DM352', 'ANEURYSMAL');
INSERT INTO dis_relationship_master VALUES ('424SS188', 'C7', 'S92', 'SS188', 'D242', 'DM352');
INSERT INTO dis_relationship_diagnosis_to_diagnosis_modifier VALUES ('D242', 'DM352');
INSERT INTO dis_relationship_master VALUES ('424SS179', 'C7', 'S92', 'SS179', 'D242', 'DM352');
INSERT INTO dis_relationship_master VALUES ('424SS168', 'C7', 'S92', 'SS168', 'D242', 'DM352');
INSERT INTO dis_relationship_master VALUES ('424SS165', 'C7', 'S92', 'SS165', 'D242', 'DM352');
INSERT INTO dis_relationship_master VALUES ('424SS153', 'C7', 'S92', 'SS153', 'D242', 'DM352');
INSERT INTO dis_relationship_master VALUES ('424SS149', 'C7', 'S92', 'SS149', 'D242', 'DM352');
INSERT INTO dis_relationship_master VALUES ('424SS128', 'C7', 'S92', 'SS128', 'D242', 'DM352');
INSERT INTO dis_relationship_master VALUES ('424SS109', 'C7', 'S92', 'SS109', 'D242', 'DM352');
INSERT INTO dis_relationship_master VALUES ('424SS108', 'C7', 'S92', 'SS108', 'D242', 'DM352');
INSERT INTO dis_relationship_master VALUES ('424SS104', 'C7', 'S92', 'SS104', 'D242', 'DM352');
INSERT INTO dis_relationship_master VALUES ('424SS79', 'C7', 'S92', 'SS79', 'D242', 'DM352');
INSERT INTO dis_relationship_master VALUES ('424SS62', 'C7', 'S92', 'SS62', 'D242', 'DM352');
INSERT INTO dis_relationship_master VALUES ('424SS60', 'C7', 'S92', 'SS60', 'D242', 'DM352');
INSERT INTO diagnosis_modifiers VALUES ('DM353', 'BILIARY');
INSERT INTO dis_relationship_master VALUES ('820SS1', 'C7', 'S39', 'SS1', 'D242', 'DM353');
INSERT INTO dis_relationship_diagnosis_to_diagnosis_modifier VALUES ('D242', 'DM353');
INSERT INTO diagnosis_modifiers VALUES ('DM354', 'COMPLEX CYST');
INSERT INTO dis_relationship_master VALUES ('80', 'C7', 'S0', 'SS0', 'D242', 'DM354');
INSERT INTO dis_relationship_diagnosis_to_diagnosis_modifier VALUES ('D242', 'DM354');
INSERT INTO dis_relationship_master VALUES ('425SS188', 'C7', 'S92', 'SS188', 'D242', 'DM69');
INSERT INTO dis_relationship_diagnosis_to_diagnosis_modifier VALUES ('D242', 'DM69');
INSERT INTO dis_relationship_master VALUES ('425SS179', 'C7', 'S92', 'SS179', 'D242', 'DM69');
INSERT INTO dis_relationship_master VALUES ('425SS168', 'C7', 'S92', 'SS168', 'D242', 'DM69');
INSERT INTO dis_relationship_master VALUES ('425SS165', 'C7', 'S92', 'SS165', 'D242', 'DM69');
INSERT INTO dis_relationship_master VALUES ('425SS153', 'C7', 'S92', 'SS153', 'D242', 'DM69');
INSERT INTO dis_relationship_master VALUES ('425SS149', 'C7', 'S92', 'SS149', 'D242', 'DM69');
INSERT INTO dis_relationship_master VALUES ('425SS128', 'C7', 'S92', 'SS128', 'D242', 'DM69');
INSERT INTO dis_relationship_master VALUES ('425SS109', 'C7', 'S92', 'SS109', 'D242', 'DM69');
INSERT INTO dis_relationship_master VALUES ('425SS108', 'C7', 'S92', 'SS108', 'D242', 'DM69');
INSERT INTO dis_relationship_master VALUES ('425SS104', 'C7', 'S92', 'SS104', 'D242', 'DM69');
INSERT INTO dis_relationship_master VALUES ('425SS79', 'C7', 'S92', 'SS79', 'D242', 'DM69');
INSERT INTO dis_relationship_master VALUES ('425SS62', 'C7', 'S92', 'SS62', 'D242', 'DM69');
INSERT INTO dis_relationship_master VALUES ('425SS60', 'C7', 'S92', 'SS60', 'D242', 'DM69');
INSERT INTO diagnosis_modifiers VALUES ('DM355', 'LARYNGOCELE');
INSERT INTO dis_relationship_master VALUES ('802SS197', 'C7', 'S84', 'SS197', 'D242', 'DM355');
INSERT INTO dis_relationship_diagnosis_to_diagnosis_modifier VALUES ('D242', 'DM355');
INSERT INTO dis_relationship_master VALUES ('802SS113', 'C7', 'S84', 'SS113', 'D242', 'DM355');
INSERT INTO diagnosis_modifiers VALUES ('DM356', 'PERITUBAL');
INSERT INTO dis_relationship_master VALUES ('718SS63', 'C7', 'S93', 'SS63', 'D242', 'DM356');
INSERT INTO dis_relationship_diagnosis_to_diagnosis_modifier VALUES ('D242', 'DM356');
INSERT INTO diagnosis_modifiers VALUES ('DM357', 'SIMPLE SOLITARY');
INSERT INTO dis_relationship_master VALUES ('426SS188', 'C7', 'S92', 'SS188', 'D242', 'DM357');
INSERT INTO dis_relationship_diagnosis_to_diagnosis_modifier VALUES ('D242', 'DM357');
INSERT INTO dis_relationship_master VALUES ('426SS179', 'C7', 'S92', 'SS179', 'D242', 'DM357');
INSERT INTO dis_relationship_master VALUES ('426SS168', 'C7', 'S92', 'SS168', 'D242', 'DM357');
INSERT INTO dis_relationship_master VALUES ('426SS165', 'C7', 'S92', 'SS165', 'D242', 'DM357');
INSERT INTO dis_relationship_master VALUES ('426SS153', 'C7', 'S92', 'SS153', 'D242', 'DM357');
INSERT INTO dis_relationship_master VALUES ('426SS149', 'C7', 'S92', 'SS149', 'D242', 'DM357');
INSERT INTO dis_relationship_master VALUES ('426SS128', 'C7', 'S92', 'SS128', 'D242', 'DM357');
INSERT INTO dis_relationship_master VALUES ('426SS109', 'C7', 'S92', 'SS109', 'D242', 'DM357');
INSERT INTO dis_relationship_master VALUES ('426SS108', 'C7', 'S92', 'SS108', 'D242', 'DM357');
INSERT INTO dis_relationship_master VALUES ('426SS104', 'C7', 'S92', 'SS104', 'D242', 'DM357');
INSERT INTO dis_relationship_master VALUES ('426SS79', 'C7', 'S92', 'SS79', 'D242', 'DM357');
INSERT INTO dis_relationship_master VALUES ('426SS62', 'C7', 'S92', 'SS62', 'D242', 'DM357');
INSERT INTO dis_relationship_master VALUES ('426SS60', 'C7', 'S92', 'SS60', 'D242', 'DM357');
INSERT INTO diagnoses VALUES ('D243', 'CYSTADENOCARCINOMA');
INSERT INTO dis_relationship_master VALUES ('1220SS172', 'C6', 'S97', 'SS172', 'D243', 'DM2');
INSERT INTO dis_relationship_diagnosis_to_diagnosis_modifier VALUES ('D243', 'DM2');
INSERT INTO dis_relationship_master VALUES ('1220SS171', 'C6', 'S97', 'SS171', 'D243', 'DM2');
INSERT INTO dis_relationship_master VALUES ('1220SS170', 'C6', 'S97', 'SS170', 'D243', 'DM2');
INSERT INTO dis_relationship_master VALUES ('1220SS127', 'C6', 'S97', 'SS127', 'D243', 'DM2');
INSERT INTO dis_relationship_master VALUES ('1220SS110', 'C6', 'S97', 'SS110', 'D243', 'DM2');
INSERT INTO dis_relationship_master VALUES ('1077SS175', 'C6', 'S24', 'SS175', 'D243', 'DM2');
INSERT INTO dis_relationship_master VALUES ('1077SS123', 'C6', 'S24', 'SS123', 'D243', 'DM2');
INSERT INTO dis_relationship_master VALUES ('2246SS175', 'C6', 'S24', 'SS175', 'D243', 'DM2');
INSERT INTO dis_relationship_master VALUES ('2246SS123', 'C6', 'S24', 'SS123', 'D243', 'DM2');
INSERT INTO dis_relationship_master VALUES ('2232SS137', 'C6', 'S35', 'SS137', 'D243', 'DM2');
INSERT INTO dis_relationship_master VALUES ('2232SS52', 'C6', 'S35', 'SS52', 'D243', 'DM2');
INSERT INTO dis_relationship_master VALUES ('2232SS80', 'C6', 'S35', 'SS80', 'D243', 'DM2');
INSERT INTO dis_relationship_master VALUES ('2232SS42', 'C6', 'S35', 'SS42', 'D243', 'DM2');
INSERT INTO dis_relationship_master VALUES ('2232SS41', 'C6', 'S35', 'SS41', 'D243', 'DM2');
INSERT INTO dis_relationship_master VALUES ('2209SS1', 'C6', 'S39', 'SS1', 'D243', 'DM2');
INSERT INTO dis_relationship_master VALUES ('2130', 'C0', 'S0', 'SS0', 'D243', 'DM2');
INSERT INTO diagnosis_modifiers VALUES ('DM358', 'ACINAR CELL');
INSERT INTO dis_relationship_master VALUES ('1076SS175', 'C6', 'S24', 'SS175', 'D243', 'DM358');
INSERT INTO dis_relationship_diagnosis_to_diagnosis_modifier VALUES ('D243', 'DM358');
INSERT INTO dis_relationship_master VALUES ('1076SS123', 'C6', 'S24', 'SS123', 'D243', 'DM358');
INSERT INTO diagnosis_modifiers VALUES ('DM359', 'BILE DUCT CYSTADENOCARCINOMA');
INSERT INTO dis_relationship_master VALUES ('821SS1', 'C6', 'S39', 'SS1', 'D243', 'DM359');
INSERT INTO dis_relationship_diagnosis_to_diagnosis_modifier VALUES ('D243', 'DM359');
INSERT INTO dis_relationship_master VALUES ('1031SS137', 'C6', 'S35', 'SS137', 'D243', 'DM245');
INSERT INTO dis_relationship_diagnosis_to_diagnosis_modifier VALUES ('D243', 'DM245');
INSERT INTO dis_relationship_master VALUES ('1031SS52', 'C6', 'S35', 'SS52', 'D243', 'DM245');
INSERT INTO dis_relationship_master VALUES ('1031SS80', 'C6', 'S35', 'SS80', 'D243', 'DM245');
INSERT INTO dis_relationship_master VALUES ('1031SS42', 'C6', 'S35', 'SS42', 'D243', 'DM245');
INSERT INTO dis_relationship_master VALUES ('1031SS41', 'C6', 'S35', 'SS41', 'D243', 'DM245');
INSERT INTO diagnoses VALUES ('D244', 'CYSTADENOFIBROMA');
INSERT INTO dis_relationship_master VALUES ('1032SS137', 'C7', 'S35', 'SS137', 'D244', 'DM2');
INSERT INTO dis_relationship_diagnosis_to_diagnosis_modifier VALUES ('D244', 'DM2');
INSERT INTO dis_relationship_master VALUES ('1032SS52', 'C7', 'S35', 'SS52', 'D244', 'DM2');
INSERT INTO dis_relationship_master VALUES ('1032SS80', 'C7', 'S35', 'SS80', 'D244', 'DM2');
INSERT INTO dis_relationship_master VALUES ('1032SS42', 'C7', 'S35', 'SS42', 'D244', 'DM2');
INSERT INTO dis_relationship_master VALUES ('1032SS41', 'C7', 'S35', 'SS41', 'D244', 'DM2');
INSERT INTO dis_relationship_master VALUES ('1970', 'C0', 'S0', 'SS0', 'D244', 'DM2');
INSERT INTO diagnoses VALUES ('D245', 'CYSTADENOMA');
INSERT INTO dis_relationship_master VALUES ('1221SS172', 'C7', 'S97', 'SS172', 'D245', 'DM2');
INSERT INTO dis_relationship_diagnosis_to_diagnosis_modifier VALUES ('D245', 'DM2');
INSERT INTO dis_relationship_master VALUES ('1221SS171', 'C7', 'S97', 'SS171', 'D245', 'DM2');
INSERT INTO dis_relationship_master VALUES ('1221SS170', 'C7', 'S97', 'SS170', 'D245', 'DM2');
INSERT INTO dis_relationship_master VALUES ('1221SS127', 'C7', 'S97', 'SS127', 'D245', 'DM2');
INSERT INTO dis_relationship_master VALUES ('1221SS110', 'C7', 'S97', 'SS110', 'D245', 'DM2');
INSERT INTO dis_relationship_master VALUES ('1033SS137', 'C7', 'S35', 'SS137', 'D245', 'DM2');
INSERT INTO dis_relationship_master VALUES ('1033SS52', 'C7', 'S35', 'SS52', 'D245', 'DM2');
INSERT INTO dis_relationship_master VALUES ('1033SS80', 'C7', 'S35', 'SS80', 'D245', 'DM2');
INSERT INTO dis_relationship_master VALUES ('1033SS42', 'C7', 'S35', 'SS42', 'D245', 'DM2');
INSERT INTO dis_relationship_master VALUES ('1033SS41', 'C7', 'S35', 'SS41', 'D245', 'DM2');
INSERT INTO dis_relationship_master VALUES ('2307SS137', 'C7', 'S35', 'SS137', 'D245', 'DM2');
INSERT INTO dis_relationship_master VALUES ('2307SS52', 'C7', 'S35', 'SS52', 'D245', 'DM2');
INSERT INTO dis_relationship_master VALUES ('2307SS80', 'C7', 'S35', 'SS80', 'D245', 'DM2');
INSERT INTO dis_relationship_master VALUES ('2307SS42', 'C7', 'S35', 'SS42', 'D245', 'DM2');
INSERT INTO dis_relationship_master VALUES ('2307SS41', 'C7', 'S35', 'SS41', 'D245', 'DM2');
INSERT INTO dis_relationship_master VALUES ('2112', 'C0', 'S0', 'SS0', 'D245', 'DM2');
INSERT INTO dis_relationship_master VALUES ('343SS44', 'C7', 'S87', 'SS44', 'D245', 'DM2');
INSERT INTO dis_relationship_master VALUES ('1034SS137', 'C7', 'S35', 'SS137', 'D245', 'DM245');
INSERT INTO dis_relationship_diagnosis_to_diagnosis_modifier VALUES ('D245', 'DM245');
INSERT INTO dis_relationship_master VALUES ('1034SS52', 'C7', 'S35', 'SS52', 'D245', 'DM245');
INSERT INTO dis_relationship_master VALUES ('1034SS80', 'C7', 'S35', 'SS80', 'D245', 'DM245');
INSERT INTO dis_relationship_master VALUES ('1034SS42', 'C7', 'S35', 'SS42', 'D245', 'DM245');
INSERT INTO dis_relationship_master VALUES ('1034SS41', 'C7', 'S35', 'SS41', 'D245', 'DM245');
INSERT INTO dis_relationship_master VALUES ('1035SS137', 'C7', 'S35', 'SS137', 'D245', 'DM246');
INSERT INTO dis_relationship_diagnosis_to_diagnosis_modifier VALUES ('D245', 'DM246');
INSERT INTO dis_relationship_master VALUES ('1035SS52', 'C7', 'S35', 'SS52', 'D245', 'DM246');
INSERT INTO dis_relationship_master VALUES ('1035SS80', 'C7', 'S35', 'SS80', 'D245', 'DM246');
INSERT INTO dis_relationship_master VALUES ('1035SS42', 'C7', 'S35', 'SS42', 'D245', 'DM246');
INSERT INTO dis_relationship_master VALUES ('1035SS41', 'C7', 'S35', 'SS41', 'D245', 'DM246');
INSERT INTO diagnoses VALUES ('D246', 'CYSTIC MEDIAL NECROSIS');
INSERT INTO dis_relationship_master VALUES ('1887', 'C0', 'S0', 'SS0', 'D246', 'DM2');
INSERT INTO dis_relationship_diagnosis_to_diagnosis_modifier VALUES ('D246', 'DM2');
INSERT INTO dis_relationship_master VALUES ('323SS194', 'C2', 'S9', 'SS194', 'D246', 'DM2');
INSERT INTO dis_relationship_master VALUES ('323SS166', 'C2', 'S9', 'SS166', 'D246', 'DM2');
INSERT INTO dis_relationship_master VALUES ('323SS150', 'C2', 'S9', 'SS150', 'D246', 'DM2');
INSERT INTO dis_relationship_master VALUES ('323SS143', 'C2', 'S9', 'SS143', 'D246', 'DM2');
INSERT INTO dis_relationship_master VALUES ('323SS30', 'C2', 'S9', 'SS30', 'D246', 'DM2');
INSERT INTO dis_relationship_master VALUES ('323SS28', 'C2', 'S9', 'SS28', 'D246', 'DM2');
INSERT INTO dis_relationship_master VALUES ('323SS26', 'C2', 'S9', 'SS26', 'D246', 'DM2');
INSERT INTO dis_relationship_master VALUES ('323SS6', 'C2', 'S9', 'SS6', 'D246', 'DM2');
INSERT INTO diagnosis_modifiers VALUES ('DM360', 'INTRADUCTAL PAPILLARY MUCINOUS');
INSERT INTO dis_relationship_master VALUES ('1078SS175', 'C5', 'S24', 'SS175', 'D157', 'DM360');
INSERT INTO dis_relationship_diagnosis_to_diagnosis_modifier VALUES ('D157', 'DM360');
INSERT INTO dis_relationship_master VALUES ('1078SS123', 'C5', 'S24', 'SS123', 'D157', 'DM360');
INSERT INTO dis_relationship_master VALUES ('1079SS175', 'C5', 'S24', 'SS175', 'D157', 'DM245');
INSERT INTO dis_relationship_diagnosis_to_diagnosis_modifier VALUES ('D157', 'DM245');
INSERT INTO dis_relationship_master VALUES ('1079SS123', 'C5', 'S24', 'SS123', 'D157', 'DM245');
INSERT INTO dis_relationship_master VALUES ('81', 'C2', 'S0', 'SS0', 'D158', 'DM113');
INSERT INTO dis_relationship_diagnosis_to_diagnosis_modifier VALUES ('D158', 'DM113');
INSERT INTO diagnosis_modifiers VALUES ('DM361', 'CYSTICA');
INSERT INTO dis_relationship_master VALUES ('350SS166', 'C2', 'S26', 'SS166', 'D158', 'DM361');
INSERT INTO dis_relationship_diagnosis_to_diagnosis_modifier VALUES ('D158', 'DM361');
INSERT INTO dis_relationship_master VALUES ('350SS158', 'C2', 'S26', 'SS158', 'D158', 'DM361');
INSERT INTO dis_relationship_master VALUES ('350SS112', 'C2', 'S26', 'SS112', 'D158', 'DM361');
INSERT INTO diagnosis_modifiers VALUES ('DM362', 'GLANDULARIS');
INSERT INTO dis_relationship_master VALUES ('351SS166', 'C2', 'S26', 'SS166', 'D158', 'DM362');
INSERT INTO dis_relationship_diagnosis_to_diagnosis_modifier VALUES ('D158', 'DM362');
INSERT INTO dis_relationship_master VALUES ('351SS158', 'C2', 'S26', 'SS158', 'D158', 'DM362');
INSERT INTO dis_relationship_master VALUES ('351SS112', 'C2', 'S26', 'SS112', 'D158', 'DM362');
INSERT INTO diagnoses VALUES ('D247', 'DENDRITIC CELL NEOPLASMS');
INSERT INTO dis_relationship_master VALUES ('1962', 'C0', 'S0', 'SS0', 'D247', 'DM2');
INSERT INTO dis_relationship_diagnosis_to_diagnosis_modifier VALUES ('D247', 'DM2');
INSERT INTO dis_relationship_master VALUES ('82', 'C6', 'S0', 'SS0', 'D247', 'DM2');
INSERT INTO diagnoses VALUES ('D248', 'DERMATOFIBROMA (FIBROUS HISTIOCYTOMA)');
INSERT INTO dis_relationship_master VALUES ('1257SS157', 'C7', 'S1', 'SS157', 'D248', 'DM2');
INSERT INTO dis_relationship_diagnosis_to_diagnosis_modifier VALUES ('D248', 'DM2');
INSERT INTO dis_relationship_master VALUES ('1257SS156', 'C7', 'S1', 'SS156', 'D248', 'DM2');
INSERT INTO dis_relationship_master VALUES ('1257SS98', 'C7', 'S1', 'SS98', 'D248', 'DM2');
INSERT INTO dis_relationship_master VALUES ('1257SS73', 'C7', 'S1', 'SS73', 'D248', 'DM2');
INSERT INTO dis_relationship_master VALUES ('1257SS66', 'C7', 'S1', 'SS66', 'D248', 'DM2');
INSERT INTO dis_relationship_master VALUES ('1257SS65', 'C7', 'S1', 'SS65', 'D248', 'DM2');
INSERT INTO dis_relationship_master VALUES ('1257SS57', 'C7', 'S1', 'SS57', 'D248', 'DM2');
INSERT INTO dis_relationship_master VALUES ('1257SS19', 'C7', 'S1', 'SS19', 'D248', 'DM2');
INSERT INTO dis_relationship_master VALUES ('1257SS8', 'C7', 'S1', 'SS8', 'D248', 'DM2');
INSERT INTO dis_relationship_master VALUES ('1257SS2', 'C7', 'S1', 'SS2', 'D248', 'DM2');
INSERT INTO dis_relationship_master VALUES ('1977', 'C0', 'S0', 'SS0', 'D248', 'DM2');
INSERT INTO diagnoses VALUES ('D249', 'DERMATOFIBROSARCOMA PROTUBERANS');
INSERT INTO dis_relationship_master VALUES ('1333SS1', 'C1', 'S2', 'SS1', 'D249', 'DM2');
INSERT INTO dis_relationship_diagnosis_to_diagnosis_modifier VALUES ('D249', 'DM2');
INSERT INTO dis_relationship_master VALUES ('1258SS157', 'C1', 'S1', 'SS157', 'D249', 'DM2');
INSERT INTO dis_relationship_master VALUES ('1258SS156', 'C1', 'S1', 'SS156', 'D249', 'DM2');
INSERT INTO dis_relationship_master VALUES ('1258SS98', 'C1', 'S1', 'SS98', 'D249', 'DM2');
INSERT INTO dis_relationship_master VALUES ('1258SS73', 'C1', 'S1', 'SS73', 'D249', 'DM2');
INSERT INTO dis_relationship_master VALUES ('1258SS66', 'C1', 'S1', 'SS66', 'D249', 'DM2');
INSERT INTO dis_relationship_master VALUES ('1258SS65', 'C1', 'S1', 'SS65', 'D249', 'DM2');
INSERT INTO dis_relationship_master VALUES ('1258SS57', 'C1', 'S1', 'SS57', 'D249', 'DM2');
INSERT INTO dis_relationship_master VALUES ('1258SS19', 'C1', 'S1', 'SS19', 'D249', 'DM2');
INSERT INTO dis_relationship_master VALUES ('1258SS8', 'C1', 'S1', 'SS8', 'D249', 'DM2');
INSERT INTO dis_relationship_master VALUES ('1258SS2', 'C1', 'S1', 'SS2', 'D249', 'DM2');
INSERT INTO dis_relationship_master VALUES ('1807', 'C0', 'S0', 'SS0', 'D249', 'DM2');
INSERT INTO dis_relationship_master VALUES ('83', 'C1', 'S0', 'SS0', 'D249', 'DM2');
INSERT INTO diagnoses VALUES ('D250', 'DERMOID CYST');
INSERT INTO dis_relationship_master VALUES ('1233SS116', 'C7', 'S66', 'SS116', 'D250', 'DM2');
INSERT INTO dis_relationship_diagnosis_to_diagnosis_modifier VALUES ('D250', 'DM2');
INSERT INTO dis_relationship_master VALUES ('1935', 'C0', 'S0', 'SS0', 'D250', 'DM2');
INSERT INTO diagnosis_modifiers VALUES ('DM363', 'PERIOSTEAL');
INSERT INTO dis_relationship_master VALUES ('427SS188', 'C7', 'S92', 'SS188', 'D159', 'DM363');
INSERT INTO dis_relationship_diagnosis_to_diagnosis_modifier VALUES ('D159', 'DM363');
INSERT INTO dis_relationship_master VALUES ('427SS179', 'C7', 'S92', 'SS179', 'D159', 'DM363');
INSERT INTO dis_relationship_master VALUES ('427SS168', 'C7', 'S92', 'SS168', 'D159', 'DM363');
INSERT INTO dis_relationship_master VALUES ('427SS165', 'C7', 'S92', 'SS165', 'D159', 'DM363');
INSERT INTO dis_relationship_master VALUES ('427SS153', 'C7', 'S92', 'SS153', 'D159', 'DM363');
INSERT INTO dis_relationship_master VALUES ('427SS149', 'C7', 'S92', 'SS149', 'D159', 'DM363');
INSERT INTO dis_relationship_master VALUES ('427SS128', 'C7', 'S92', 'SS128', 'D159', 'DM363');
INSERT INTO dis_relationship_master VALUES ('427SS109', 'C7', 'S92', 'SS109', 'D159', 'DM363');
INSERT INTO dis_relationship_master VALUES ('427SS108', 'C7', 'S92', 'SS108', 'D159', 'DM363');
INSERT INTO dis_relationship_master VALUES ('427SS104', 'C7', 'S92', 'SS104', 'D159', 'DM363');
INSERT INTO dis_relationship_master VALUES ('427SS79', 'C7', 'S92', 'SS79', 'D159', 'DM363');
INSERT INTO dis_relationship_master VALUES ('427SS62', 'C7', 'S92', 'SS62', 'D159', 'DM363');
INSERT INTO dis_relationship_master VALUES ('427SS60', 'C7', 'S92', 'SS60', 'D159', 'DM363');
INSERT INTO diagnoses VALUES ('D251', 'DESMOPLASTIC SMALL ROUND CELL TUMOR');
INSERT INTO dis_relationship_master VALUES ('1785', 'C0', 'S0', 'SS0', 'D251', 'DM2');
INSERT INTO dis_relationship_diagnosis_to_diagnosis_modifier VALUES ('D251', 'DM2');
INSERT INTO dis_relationship_master VALUES ('84', 'C6', 'S0', 'SS0', 'D251', 'DM2');
INSERT INTO diagnoses VALUES ('D252', 'DIVERTICULUM');
INSERT INTO dis_relationship_master VALUES ('1891', 'C0', 'S0', 'SS0', 'D252', 'DM2');
INSERT INTO dis_relationship_diagnosis_to_diagnosis_modifier VALUES ('D252', 'DM2');
INSERT INTO dis_relationship_master VALUES ('686SS1', 'C2', 'S7', 'SS1', 'D252', 'DM2');
INSERT INTO dis_relationship_master VALUES ('686SS71', 'C2', 'S7', 'SS71', 'D252', 'DM2');
INSERT INTO dis_relationship_master VALUES ('686SS56', 'C2', 'S7', 'SS56', 'D252', 'DM2');
INSERT INTO diagnoses VALUES ('D253', 'DJD/OSTEOARTHRITIS');
INSERT INTO dis_relationship_master VALUES ('1446SS160', 'C2', 'S41', 'SS160', 'D253', 'DM2');
INSERT INTO dis_relationship_diagnosis_to_diagnosis_modifier VALUES ('D253', 'DM2');
INSERT INTO dis_relationship_master VALUES ('1446SS94', 'C2', 'S41', 'SS94', 'D253', 'DM2');
INSERT INTO dis_relationship_master VALUES ('1446SS77', 'C2', 'S41', 'SS77', 'D253', 'DM2');
INSERT INTO dis_relationship_master VALUES ('2148', 'C0', 'S0', 'SS0', 'D253', 'DM2');
INSERT INTO dis_relationship_master VALUES ('625SS116', 'C2', 'S34', 'SS116', 'D253', 'DM2');
INSERT INTO dis_relationship_master VALUES ('625SS61', 'C2', 'S34', 'SS61', 'D253', 'DM2');
INSERT INTO dis_relationship_master VALUES ('625SS59', 'C2', 'S34', 'SS59', 'D253', 'DM2');
INSERT INTO dis_relationship_master VALUES ('625SS9', 'C2', 'S34', 'SS9', 'D253', 'DM2');
INSERT INTO dis_relationship_master VALUES ('428SS188', 'C2', 'S92', 'SS188', 'D253', 'DM2');
INSERT INTO dis_relationship_master VALUES ('428SS179', 'C2', 'S92', 'SS179', 'D253', 'DM2');
INSERT INTO dis_relationship_master VALUES ('428SS168', 'C2', 'S92', 'SS168', 'D253', 'DM2');
INSERT INTO dis_relationship_master VALUES ('428SS165', 'C2', 'S92', 'SS165', 'D253', 'DM2');
INSERT INTO dis_relationship_master VALUES ('428SS153', 'C2', 'S92', 'SS153', 'D253', 'DM2');
INSERT INTO dis_relationship_master VALUES ('428SS149', 'C2', 'S92', 'SS149', 'D253', 'DM2');
INSERT INTO dis_relationship_master VALUES ('428SS128', 'C2', 'S92', 'SS128', 'D253', 'DM2');
INSERT INTO dis_relationship_master VALUES ('428SS109', 'C2', 'S92', 'SS109', 'D253', 'DM2');
INSERT INTO dis_relationship_master VALUES ('428SS108', 'C2', 'S92', 'SS108', 'D253', 'DM2');
INSERT INTO dis_relationship_master VALUES ('428SS104', 'C2', 'S92', 'SS104', 'D253', 'DM2');
INSERT INTO dis_relationship_master VALUES ('428SS79', 'C2', 'S92', 'SS79', 'D253', 'DM2');
INSERT INTO dis_relationship_master VALUES ('428SS62', 'C2', 'S92', 'SS62', 'D253', 'DM2');
INSERT INTO dis_relationship_master VALUES ('428SS60', 'C2', 'S92', 'SS60', 'D253', 'DM2');
INSERT INTO diagnosis_modifiers VALUES ('DM364', 'APOCRINE');
INSERT INTO dis_relationship_master VALUES ('585SS164', 'C5', 'S20', 'SS164', 'D160', 'DM364');
INSERT INTO dis_relationship_diagnosis_to_diagnosis_modifier VALUES ('D160', 'DM364');
INSERT INTO dis_relationship_master VALUES ('585SS118', 'C5', 'S20', 'SS118', 'D160', 'DM364');
INSERT INTO dis_relationship_master VALUES ('585SS114', 'C5', 'S20', 'SS114', 'D160', 'DM364');
INSERT INTO diagnosis_modifiers VALUES ('DM365', 'COMEDO');
INSERT INTO dis_relationship_master VALUES ('586SS164', 'C5', 'S20', 'SS164', 'D160', 'DM365');
INSERT INTO dis_relationship_diagnosis_to_diagnosis_modifier VALUES ('D160', 'DM365');
INSERT INTO dis_relationship_master VALUES ('586SS118', 'C5', 'S20', 'SS118', 'D160', 'DM365');
INSERT INTO dis_relationship_master VALUES ('586SS114', 'C5', 'S20', 'SS114', 'D160', 'DM365');
INSERT INTO diagnosis_modifiers VALUES ('DM366', 'CRIBRIFORM');
INSERT INTO dis_relationship_master VALUES ('587SS164', 'C5', 'S20', 'SS164', 'D160', 'DM366');
INSERT INTO dis_relationship_diagnosis_to_diagnosis_modifier VALUES ('D160', 'DM366');
INSERT INTO dis_relationship_master VALUES ('587SS118', 'C5', 'S20', 'SS118', 'D160', 'DM366');
INSERT INTO dis_relationship_master VALUES ('587SS114', 'C5', 'S20', 'SS114', 'D160', 'DM366');
INSERT INTO dis_relationship_master VALUES ('588SS164', 'C5', 'S20', 'SS164', 'D160', 'DM47');
INSERT INTO dis_relationship_diagnosis_to_diagnosis_modifier VALUES ('D160', 'DM47');
INSERT INTO dis_relationship_master VALUES ('588SS118', 'C5', 'S20', 'SS118', 'D160', 'DM47');
INSERT INTO dis_relationship_master VALUES ('588SS114', 'C5', 'S20', 'SS114', 'D160', 'DM47');
INSERT INTO diagnosis_modifiers VALUES ('DM367', 'INTERMEDIATE GRADE');
INSERT INTO dis_relationship_master VALUES ('589SS164', 'C5', 'S20', 'SS164', 'D160', 'DM367');
INSERT INTO dis_relationship_diagnosis_to_diagnosis_modifier VALUES ('D160', 'DM367');
INSERT INTO dis_relationship_master VALUES ('589SS118', 'C5', 'S20', 'SS118', 'D160', 'DM367');
INSERT INTO dis_relationship_master VALUES ('589SS114', 'C5', 'S20', 'SS114', 'D160', 'DM367');
INSERT INTO diagnosis_modifiers VALUES ('DM368', 'LOW GRADE');
INSERT INTO dis_relationship_master VALUES ('590SS164', 'C5', 'S20', 'SS164', 'D160', 'DM368');
INSERT INTO dis_relationship_diagnosis_to_diagnosis_modifier VALUES ('D160', 'DM368');
INSERT INTO dis_relationship_master VALUES ('590SS118', 'C5', 'S20', 'SS118', 'D160', 'DM368');
INSERT INTO dis_relationship_master VALUES ('590SS114', 'C5', 'S20', 'SS114', 'D160', 'DM368');
INSERT INTO diagnosis_modifiers VALUES ('DM369', 'MICROPAPILLARY');
INSERT INTO dis_relationship_master VALUES ('591SS164', 'C5', 'S20', 'SS164', 'D160', 'DM369');
INSERT INTO dis_relationship_diagnosis_to_diagnosis_modifier VALUES ('D160', 'DM369');
INSERT INTO dis_relationship_master VALUES ('591SS118', 'C5', 'S20', 'SS118', 'D160', 'DM369');
INSERT INTO dis_relationship_master VALUES ('591SS114', 'C5', 'S20', 'SS114', 'D160', 'DM369');
INSERT INTO diagnosis_modifiers VALUES ('DM370', 'MIXED');
INSERT INTO dis_relationship_master VALUES ('592SS164', 'C5', 'S20', 'SS164', 'D160', 'DM370');
INSERT INTO dis_relationship_diagnosis_to_diagnosis_modifier VALUES ('D160', 'DM370');
INSERT INTO dis_relationship_master VALUES ('592SS118', 'C5', 'S20', 'SS118', 'D160', 'DM370');
INSERT INTO dis_relationship_master VALUES ('592SS114', 'C5', 'S20', 'SS114', 'D160', 'DM370');
INSERT INTO diagnosis_modifiers VALUES ('DM371', 'SOLID');
INSERT INTO dis_relationship_master VALUES ('593SS164', 'C5', 'S20', 'SS164', 'D160', 'DM371');
INSERT INTO dis_relationship_diagnosis_to_diagnosis_modifier VALUES ('D160', 'DM371');
INSERT INTO dis_relationship_master VALUES ('593SS118', 'C5', 'S20', 'SS118', 'D160', 'DM371');
INSERT INTO dis_relationship_master VALUES ('593SS114', 'C5', 'S20', 'SS114', 'D160', 'DM371');
INSERT INTO diagnoses VALUES ('D254', 'DYSGERMINOMA');
INSERT INTO dis_relationship_master VALUES ('1036SS137', 'C6', 'S35', 'SS137', 'D254', 'DM2');
INSERT INTO dis_relationship_diagnosis_to_diagnosis_modifier VALUES ('D254', 'DM2');
INSERT INTO dis_relationship_master VALUES ('1036SS52', 'C6', 'S35', 'SS52', 'D254', 'DM2');
INSERT INTO dis_relationship_master VALUES ('1036SS80', 'C6', 'S35', 'SS80', 'D254', 'DM2');
INSERT INTO dis_relationship_master VALUES ('1036SS42', 'C6', 'S35', 'SS42', 'D254', 'DM2');
INSERT INTO dis_relationship_master VALUES ('1036SS41', 'C6', 'S35', 'SS41', 'D254', 'DM2');
INSERT INTO dis_relationship_master VALUES ('1855', 'C0', 'S0', 'SS0', 'D254', 'DM2');
INSERT INTO diagnoses VALUES ('D255', 'DYSPLASIA');
INSERT INTO dis_relationship_master VALUES ('1259SS157', 'C5', 'S1', 'SS157', 'D255', 'DM2');
INSERT INTO dis_relationship_diagnosis_to_diagnosis_modifier VALUES ('D255', 'DM2');
INSERT INTO dis_relationship_master VALUES ('1259SS156', 'C5', 'S1', 'SS156', 'D255', 'DM2');
INSERT INTO dis_relationship_master VALUES ('1259SS98', 'C5', 'S1', 'SS98', 'D255', 'DM2');
INSERT INTO dis_relationship_master VALUES ('1259SS73', 'C5', 'S1', 'SS73', 'D255', 'DM2');
INSERT INTO dis_relationship_master VALUES ('1259SS66', 'C5', 'S1', 'SS66', 'D255', 'DM2');
INSERT INTO dis_relationship_master VALUES ('1259SS65', 'C5', 'S1', 'SS65', 'D255', 'DM2');
INSERT INTO dis_relationship_master VALUES ('1259SS57', 'C5', 'S1', 'SS57', 'D255', 'DM2');
INSERT INTO dis_relationship_master VALUES ('1259SS19', 'C5', 'S1', 'SS19', 'D255', 'DM2');
INSERT INTO dis_relationship_master VALUES ('1259SS8', 'C5', 'S1', 'SS8', 'D255', 'DM2');
INSERT INTO dis_relationship_master VALUES ('1259SS2', 'C5', 'S1', 'SS2', 'D255', 'DM2');
INSERT INTO dis_relationship_master VALUES ('988SS181', 'C5', 'S51', 'SS181', 'D255', 'DM2');
INSERT INTO dis_relationship_master VALUES ('988SS167', 'C5', 'S51', 'SS167', 'D255', 'DM2');
INSERT INTO dis_relationship_master VALUES ('988SS139', 'C5', 'S51', 'SS139', 'D255', 'DM2');
INSERT INTO dis_relationship_master VALUES ('988SS121', 'C5', 'S51', 'SS121', 'D255', 'DM2');
INSERT INTO dis_relationship_master VALUES ('988SS100', 'C5', 'S51', 'SS100', 'D255', 'DM2');
INSERT INTO dis_relationship_master VALUES ('988SS75', 'C5', 'S51', 'SS75', 'D255', 'DM2');
INSERT INTO dis_relationship_master VALUES ('988SS72', 'C5', 'S51', 'SS72', 'D255', 'DM2');
INSERT INTO dis_relationship_master VALUES ('988SS55', 'C5', 'S51', 'SS55', 'D255', 'DM2');
INSERT INTO dis_relationship_master VALUES ('2184SS158', 'C5', 'S30', 'SS158', 'D255', 'DM2');
INSERT INTO dis_relationship_master VALUES ('2184SS112', 'C5', 'S30', 'SS112', 'D255', 'DM2');
INSERT INTO dis_relationship_master VALUES ('2184SS69', 'C5', 'S30', 'SS69', 'D255', 'DM2');
INSERT INTO dis_relationship_master VALUES ('2184SS18', 'C5', 'S30', 'SS18', 'D255', 'DM2');
INSERT INTO dis_relationship_master VALUES ('2181SS125', 'C5', 'S94', 'SS125', 'D255', 'DM2');
INSERT INTO dis_relationship_master VALUES ('2179SS1', 'C5', 'S68', 'SS1', 'D255', 'DM2');
INSERT INTO dis_relationship_master VALUES ('2177SS1', 'C5', 'S39', 'SS1', 'D255', 'DM2');
INSERT INTO dis_relationship_master VALUES ('2006', 'C0', 'S0', 'SS0', 'D255', 'DM2');
INSERT INTO dis_relationship_master VALUES ('344SS44', 'C5', 'S87', 'SS44', 'D255', 'DM2');
INSERT INTO dis_relationship_master VALUES ('85', 'C5', 'S0', 'SS0', 'D255', 'DM2');
INSERT INTO dis_relationship_master VALUES ('871SS125', 'C5', 'S94', 'SS125', 'D255', 'DM47');
INSERT INTO dis_relationship_diagnosis_to_diagnosis_modifier VALUES ('D255', 'DM47');
INSERT INTO dis_relationship_master VALUES ('822SS1', 'C5', 'S39', 'SS1', 'D255', 'DM47');
INSERT INTO dis_relationship_master VALUES ('733SS158', 'C5', 'S30', 'SS158', 'D255', 'DM47');
INSERT INTO dis_relationship_master VALUES ('733SS112', 'C5', 'S30', 'SS112', 'D255', 'DM47');
INSERT INTO dis_relationship_master VALUES ('733SS69', 'C5', 'S30', 'SS69', 'D255', 'DM47');
INSERT INTO dis_relationship_master VALUES ('733SS18', 'C5', 'S30', 'SS18', 'D255', 'DM47');
INSERT INTO diagnosis_modifiers VALUES ('DM372', 'INTRAHEPATIC BILE DUCT');
INSERT INTO dis_relationship_master VALUES ('823SS1', 'C5', 'S39', 'SS1', 'D255', 'DM372');
INSERT INTO dis_relationship_diagnosis_to_diagnosis_modifier VALUES ('D255', 'DM372');
INSERT INTO dis_relationship_master VALUES ('734SS158', 'C5', 'S30', 'SS158', 'D255', 'DM368');
INSERT INTO dis_relationship_diagnosis_to_diagnosis_modifier VALUES ('D255', 'DM368');
INSERT INTO dis_relationship_master VALUES ('734SS112', 'C5', 'S30', 'SS112', 'D255', 'DM368');
INSERT INTO dis_relationship_master VALUES ('734SS69', 'C5', 'S30', 'SS69', 'D255', 'DM368');
INSERT INTO dis_relationship_master VALUES ('734SS18', 'C5', 'S30', 'SS18', 'D255', 'DM368');
INSERT INTO diagnosis_modifiers VALUES ('DM373', 'UROTHELIAL');
INSERT INTO dis_relationship_master VALUES ('1529SS1', 'C5', 'S68', 'SS1', 'D255', 'DM373');
INSERT INTO dis_relationship_diagnosis_to_diagnosis_modifier VALUES ('D255', 'DM373');
INSERT INTO diagnoses VALUES ('D256', 'DYSPLASIA IN NODULE');
INSERT INTO dis_relationship_master VALUES ('1926', 'C0', 'S0', 'SS0', 'D256', 'DM2');
INSERT INTO dis_relationship_diagnosis_to_diagnosis_modifier VALUES ('D256', 'DM2');
INSERT INTO dis_relationship_master VALUES ('824SS1', 'C5', 'S39', 'SS1', 'D256', 'DM2');
INSERT INTO diagnoses VALUES ('D257', 'EATON LAMBERT SYNDROME');
INSERT INTO dis_relationship_master VALUES ('1479SS105', 'C2', 'S85', 'SS105', 'D257', 'DM2');
INSERT INTO dis_relationship_diagnosis_to_diagnosis_modifier VALUES ('D257', 'DM2');
INSERT INTO dis_relationship_master VALUES ('1479SS42', 'C2', 'S85', 'SS42', 'D257', 'DM2');
INSERT INTO dis_relationship_master VALUES ('2065', 'C0', 'S0', 'SS0', 'D257', 'DM2');
INSERT INTO diagnoses VALUES ('D258', 'ECTOPIC');
INSERT INTO dis_relationship_master VALUES ('1365SS1', 'C7', 'S50', 'SS1', 'D258', 'DM2');
INSERT INTO dis_relationship_diagnosis_to_diagnosis_modifier VALUES ('D258', 'DM2');
INSERT INTO dis_relationship_master VALUES ('1497SS101', 'C7', 'S73', 'SS101', 'D258', 'DM2');
INSERT INTO dis_relationship_master VALUES ('1497SS148', 'C7', 'S73', 'SS148', 'D258', 'DM2');
INSERT INTO dis_relationship_master VALUES ('1497SS90', 'C7', 'S73', 'SS90', 'D258', 'DM2');
INSERT INTO dis_relationship_master VALUES ('1908', 'C0', 'S0', 'SS0', 'D258', 'DM2');
INSERT INTO diagnosis_modifiers VALUES ('DM374', 'DIABETES MELLITUS');
INSERT INTO dis_relationship_master VALUES ('1080SS175', 'C2', 'S24', 'SS175', 'D162', 'DM374');
INSERT INTO dis_relationship_diagnosis_to_diagnosis_modifier VALUES ('D162', 'DM374');
INSERT INTO dis_relationship_master VALUES ('1080SS123', 'C2', 'S24', 'SS123', 'D162', 'DM374');
INSERT INTO dis_relationship_master VALUES ('778SS151', 'C2', 'S82', 'SS151', 'D162', 'DM374');
INSERT INTO dis_relationship_master VALUES ('778SS105', 'C2', 'S82', 'SS105', 'D162', 'DM374');
INSERT INTO dis_relationship_master VALUES ('778SS42', 'C2', 'S82', 'SS42', 'D162', 'DM374');
INSERT INTO diagnosis_modifiers VALUES ('DM375', 'GRANULOMATOUS THYROIDITIS (DEQUERVAIN)');
INSERT INTO dis_relationship_master VALUES ('1498SS101', 'C2', 'S73', 'SS101', 'D162', 'DM375');
INSERT INTO dis_relationship_diagnosis_to_diagnosis_modifier VALUES ('D162', 'DM375');
INSERT INTO dis_relationship_master VALUES ('1498SS148', 'C2', 'S73', 'SS148', 'D162', 'DM375');
INSERT INTO dis_relationship_master VALUES ('1498SS90', 'C2', 'S73', 'SS90', 'D162', 'DM375');
INSERT INTO diagnosis_modifiers VALUES ('DM376', 'MULTIPLE ENDOCRINE NEOPLASIA');
INSERT INTO dis_relationship_master VALUES ('86', 'C2', 'S0', 'SS0', 'D162', 'DM376');
INSERT INTO dis_relationship_diagnosis_to_diagnosis_modifier VALUES ('D162', 'DM376');
INSERT INTO diagnosis_modifiers VALUES ('DM377', 'REIDELS THYROIDITIS');
INSERT INTO dis_relationship_master VALUES ('1499SS101', 'C2', 'S73', 'SS101', 'D162', 'DM377');
INSERT INTO dis_relationship_diagnosis_to_diagnosis_modifier VALUES ('D162', 'DM377');
INSERT INTO dis_relationship_master VALUES ('1499SS148', 'C2', 'S73', 'SS148', 'D162', 'DM377');
INSERT INTO dis_relationship_master VALUES ('1499SS90', 'C2', 'S73', 'SS90', 'D162', 'DM377');
INSERT INTO diagnosis_modifiers VALUES ('DM378', 'THYROIDITIS');
INSERT INTO dis_relationship_master VALUES ('1500SS101', 'C2', 'S73', 'SS101', 'D162', 'DM378');
INSERT INTO dis_relationship_diagnosis_to_diagnosis_modifier VALUES ('D162', 'DM378');
INSERT INTO dis_relationship_master VALUES ('1500SS148', 'C2', 'S73', 'SS148', 'D162', 'DM378');
INSERT INTO dis_relationship_master VALUES ('1500SS90', 'C2', 'S73', 'SS90', 'D162', 'DM378');
INSERT INTO diagnoses VALUES ('D259', 'ENDOCRINE TUMOR');
INSERT INTO dis_relationship_master VALUES ('1081SS175', 'C1', 'S24', 'SS175', 'D259', 'DM2');
INSERT INTO dis_relationship_diagnosis_to_diagnosis_modifier VALUES ('D259', 'DM2');
INSERT INTO dis_relationship_master VALUES ('1081SS123', 'C1', 'S24', 'SS123', 'D259', 'DM2');
INSERT INTO dis_relationship_master VALUES ('1968', 'C0', 'S0', 'SS0', 'D259', 'DM2');
INSERT INTO diagnosis_modifiers VALUES ('DM379', 'GASTRINOMA');
INSERT INTO dis_relationship_master VALUES ('1082SS175', 'C1', 'S24', 'SS175', 'D163', 'DM379');
INSERT INTO dis_relationship_diagnosis_to_diagnosis_modifier VALUES ('D163', 'DM379');
INSERT INTO dis_relationship_master VALUES ('1082SS123', 'C1', 'S24', 'SS123', 'D163', 'DM379');
INSERT INTO diagnosis_modifiers VALUES ('DM380', 'GLUCAGONOMA');
INSERT INTO dis_relationship_master VALUES ('1083SS175', 'C1', 'S24', 'SS175', 'D163', 'DM380');
INSERT INTO dis_relationship_diagnosis_to_diagnosis_modifier VALUES ('D163', 'DM380');
INSERT INTO dis_relationship_master VALUES ('1083SS123', 'C1', 'S24', 'SS123', 'D163', 'DM380');
INSERT INTO diagnosis_modifiers VALUES ('DM381', 'INSULINOMA');
INSERT INTO dis_relationship_master VALUES ('1084SS175', 'C1', 'S24', 'SS175', 'D163', 'DM381');
INSERT INTO dis_relationship_diagnosis_to_diagnosis_modifier VALUES ('D163', 'DM381');
INSERT INTO dis_relationship_master VALUES ('1084SS123', 'C1', 'S24', 'SS123', 'D163', 'DM381');
INSERT INTO diagnosis_modifiers VALUES ('DM382', 'MULTIPLE ENDOCRINE NEOPLASM (MEN) TYPE 1 & 2');
INSERT INTO dis_relationship_master VALUES ('1085SS175', 'C1', 'S24', 'SS175', 'D163', 'DM382');
INSERT INTO dis_relationship_diagnosis_to_diagnosis_modifier VALUES ('D163', 'DM382');
INSERT INTO dis_relationship_master VALUES ('1085SS123', 'C1', 'S24', 'SS123', 'D163', 'DM382');
INSERT INTO diagnosis_modifiers VALUES ('DM383', 'OTHER HORMONE');
INSERT INTO dis_relationship_master VALUES ('1086SS175', 'C1', 'S24', 'SS175', 'D163', 'DM383');
INSERT INTO dis_relationship_diagnosis_to_diagnosis_modifier VALUES ('D163', 'DM383');
INSERT INTO dis_relationship_master VALUES ('1086SS123', 'C1', 'S24', 'SS123', 'D163', 'DM383');
INSERT INTO diagnosis_modifiers VALUES ('DM384', 'PANCREATIC POLYPEPTIDE PRODUCING');
INSERT INTO dis_relationship_master VALUES ('1087SS175', 'C1', 'S24', 'SS175', 'D163', 'DM384');
INSERT INTO dis_relationship_diagnosis_to_diagnosis_modifier VALUES ('D163', 'DM384');
INSERT INTO dis_relationship_master VALUES ('1087SS123', 'C1', 'S24', 'SS123', 'D163', 'DM384');
INSERT INTO diagnosis_modifiers VALUES ('DM385', 'SOMATOSTATINOMA');
INSERT INTO dis_relationship_master VALUES ('1088SS175', 'C1', 'S24', 'SS175', 'D163', 'DM385');
INSERT INTO dis_relationship_diagnosis_to_diagnosis_modifier VALUES ('D163', 'DM385');
INSERT INTO dis_relationship_master VALUES ('1088SS123', 'C1', 'S24', 'SS123', 'D163', 'DM385');
INSERT INTO diagnoses VALUES ('D260', 'ENDOMETRIAL STROMAL TUMORS');
INSERT INTO dis_relationship_master VALUES ('1543SS166', 'C6', 'S70', 'SS166', 'D260', 'DM2');
INSERT INTO dis_relationship_diagnosis_to_diagnosis_modifier VALUES ('D260', 'DM2');
INSERT INTO dis_relationship_master VALUES ('1543SS136', 'C6', 'S70', 'SS136', 'D260', 'DM2');
INSERT INTO dis_relationship_master VALUES ('1543SS132', 'C6', 'S70', 'SS132', 'D260', 'DM2');
INSERT INTO dis_relationship_master VALUES ('1543SS115', 'C6', 'S70', 'SS115', 'D260', 'DM2');
INSERT INTO dis_relationship_master VALUES ('1543SS54', 'C6', 'S70', 'SS54', 'D260', 'DM2');
INSERT INTO dis_relationship_master VALUES ('1870', 'C0', 'S0', 'SS0', 'D260', 'DM2');
INSERT INTO diagnoses VALUES ('D261', 'ENDOMETRIOSIS');
INSERT INTO dis_relationship_master VALUES ('1544SS166', 'C7', 'S70', 'SS166', 'D261', 'DM2');
INSERT INTO dis_relationship_diagnosis_to_diagnosis_modifier VALUES ('D261', 'DM2');
INSERT INTO dis_relationship_master VALUES ('1544SS136', 'C7', 'S70', 'SS136', 'D261', 'DM2');
INSERT INTO dis_relationship_master VALUES ('1544SS132', 'C7', 'S70', 'SS132', 'D261', 'DM2');
INSERT INTO dis_relationship_master VALUES ('1544SS115', 'C7', 'S70', 'SS115', 'D261', 'DM2');
INSERT INTO dis_relationship_master VALUES ('1544SS54', 'C7', 'S70', 'SS54', 'D261', 'DM2');
INSERT INTO dis_relationship_master VALUES ('1179SS166', 'C7', 'S64', 'SS166', 'D261', 'DM2');
INSERT INTO dis_relationship_master VALUES ('1037SS137', 'C7', 'S35', 'SS137', 'D261', 'DM2');
INSERT INTO dis_relationship_master VALUES ('1037SS52', 'C7', 'S35', 'SS52', 'D261', 'DM2');
INSERT INTO dis_relationship_master VALUES ('1037SS80', 'C7', 'S35', 'SS80', 'D261', 'DM2');
INSERT INTO dis_relationship_master VALUES ('1037SS42', 'C7', 'S35', 'SS42', 'D261', 'DM2');
INSERT INTO dis_relationship_master VALUES ('1037SS41', 'C7', 'S35', 'SS41', 'D261', 'DM2');
INSERT INTO dis_relationship_master VALUES ('2008', 'C0', 'S0', 'SS0', 'D261', 'DM2');
INSERT INTO dis_relationship_master VALUES ('719SS63', 'C7', 'S93', 'SS63', 'D261', 'DM2');
INSERT INTO dis_relationship_master VALUES ('657SS186', 'C7', 'S67', 'SS186', 'D261', 'DM2');
INSERT INTO dis_relationship_master VALUES ('657SS185', 'C7', 'S67', 'SS185', 'D261', 'DM2');
INSERT INTO dis_relationship_master VALUES ('657SS184', 'C7', 'S67', 'SS184', 'D261', 'DM2');
INSERT INTO dis_relationship_master VALUES ('657SS166', 'C7', 'S67', 'SS166', 'D261', 'DM2');
INSERT INTO dis_relationship_master VALUES ('657SS161', 'C7', 'S67', 'SS161', 'D261', 'DM2');
INSERT INTO dis_relationship_master VALUES ('657SS45', 'C7', 'S67', 'SS45', 'D261', 'DM2');
INSERT INTO dis_relationship_master VALUES ('657SS36', 'C7', 'S67', 'SS36', 'D261', 'DM2');
INSERT INTO dis_relationship_master VALUES ('657SS27', 'C7', 'S67', 'SS27', 'D261', 'DM2');
INSERT INTO dis_relationship_master VALUES ('657SS10', 'C7', 'S67', 'SS10', 'D261', 'DM2');
INSERT INTO dis_relationship_master VALUES ('506SS192', 'C1', 'S31', 'SS192', 'D164', 'DM69');
INSERT INTO dis_relationship_diagnosis_to_diagnosis_modifier VALUES ('D164', 'DM69');
INSERT INTO dis_relationship_master VALUES ('506SS177', 'C1', 'S31', 'SS177', 'D164', 'DM69');
INSERT INTO dis_relationship_master VALUES ('506SS176', 'C1', 'S31', 'SS176', 'D164', 'DM69');
INSERT INTO dis_relationship_master VALUES ('506SS126', 'C1', 'S31', 'SS126', 'D164', 'DM69');
INSERT INTO dis_relationship_master VALUES ('506SS119', 'C1', 'S31', 'SS119', 'D164', 'DM69');
INSERT INTO dis_relationship_master VALUES ('506SS82', 'C1', 'S31', 'SS82', 'D164', 'DM69');
INSERT INTO dis_relationship_master VALUES ('506SS78', 'C1', 'S31', 'SS78', 'D164', 'DM69');
INSERT INTO dis_relationship_master VALUES ('506SS67', 'C1', 'S31', 'SS67', 'D164', 'DM69');
INSERT INTO dis_relationship_master VALUES ('506SS49', 'C1', 'S31', 'SS49', 'D164', 'DM69');
INSERT INTO dis_relationship_master VALUES ('506SS42', 'C1', 'S31', 'SS42', 'D164', 'DM69');
INSERT INTO dis_relationship_master VALUES ('506SS40', 'C1', 'S31', 'SS40', 'D164', 'DM69');
INSERT INTO dis_relationship_master VALUES ('506SS35', 'C1', 'S31', 'SS35', 'D164', 'DM69');
INSERT INTO dis_relationship_master VALUES ('506SS31', 'C1', 'S31', 'SS31', 'D164', 'DM69');
INSERT INTO dis_relationship_master VALUES ('506SS29', 'C1', 'S31', 'SS29', 'D164', 'DM69');
INSERT INTO dis_relationship_master VALUES ('506SS17', 'C1', 'S31', 'SS17', 'D164', 'DM69');
INSERT INTO diagnosis_modifiers VALUES ('DM386', 'MYXOPAPILLARY');
INSERT INTO dis_relationship_master VALUES ('507SS192', 'C1', 'S31', 'SS192', 'D164', 'DM386');
INSERT INTO dis_relationship_diagnosis_to_diagnosis_modifier VALUES ('D164', 'DM386');
INSERT INTO dis_relationship_master VALUES ('507SS177', 'C1', 'S31', 'SS177', 'D164', 'DM386');
INSERT INTO dis_relationship_master VALUES ('507SS176', 'C1', 'S31', 'SS176', 'D164', 'DM386');
INSERT INTO dis_relationship_master VALUES ('507SS126', 'C1', 'S31', 'SS126', 'D164', 'DM386');
INSERT INTO dis_relationship_master VALUES ('507SS119', 'C1', 'S31', 'SS119', 'D164', 'DM386');
INSERT INTO dis_relationship_master VALUES ('507SS82', 'C1', 'S31', 'SS82', 'D164', 'DM386');
INSERT INTO dis_relationship_master VALUES ('507SS78', 'C1', 'S31', 'SS78', 'D164', 'DM386');
INSERT INTO dis_relationship_master VALUES ('507SS67', 'C1', 'S31', 'SS67', 'D164', 'DM386');
INSERT INTO dis_relationship_master VALUES ('507SS49', 'C1', 'S31', 'SS49', 'D164', 'DM386');
INSERT INTO dis_relationship_master VALUES ('507SS42', 'C1', 'S31', 'SS42', 'D164', 'DM386');
INSERT INTO dis_relationship_master VALUES ('507SS40', 'C1', 'S31', 'SS40', 'D164', 'DM386');
INSERT INTO dis_relationship_master VALUES ('507SS35', 'C1', 'S31', 'SS35', 'D164', 'DM386');
INSERT INTO dis_relationship_master VALUES ('507SS31', 'C1', 'S31', 'SS31', 'D164', 'DM386');
INSERT INTO dis_relationship_master VALUES ('507SS29', 'C1', 'S31', 'SS29', 'D164', 'DM386');
INSERT INTO dis_relationship_master VALUES ('507SS17', 'C1', 'S31', 'SS17', 'D164', 'DM386');
INSERT INTO dis_relationship_master VALUES ('508SS192', 'C1', 'S31', 'SS192', 'D164', 'DM12');
INSERT INTO dis_relationship_diagnosis_to_diagnosis_modifier VALUES ('D164', 'DM12');
INSERT INTO dis_relationship_master VALUES ('508SS177', 'C1', 'S31', 'SS177', 'D164', 'DM12');
INSERT INTO dis_relationship_master VALUES ('508SS176', 'C1', 'S31', 'SS176', 'D164', 'DM12');
INSERT INTO dis_relationship_master VALUES ('508SS126', 'C1', 'S31', 'SS126', 'D164', 'DM12');
INSERT INTO dis_relationship_master VALUES ('508SS119', 'C1', 'S31', 'SS119', 'D164', 'DM12');
INSERT INTO dis_relationship_master VALUES ('508SS82', 'C1', 'S31', 'SS82', 'D164', 'DM12');
INSERT INTO dis_relationship_master VALUES ('508SS78', 'C1', 'S31', 'SS78', 'D164', 'DM12');
INSERT INTO dis_relationship_master VALUES ('508SS67', 'C1', 'S31', 'SS67', 'D164', 'DM12');
INSERT INTO dis_relationship_master VALUES ('508SS49', 'C1', 'S31', 'SS49', 'D164', 'DM12');
INSERT INTO dis_relationship_master VALUES ('508SS42', 'C1', 'S31', 'SS42', 'D164', 'DM12');
INSERT INTO dis_relationship_master VALUES ('508SS40', 'C1', 'S31', 'SS40', 'D164', 'DM12');
INSERT INTO dis_relationship_master VALUES ('508SS35', 'C1', 'S31', 'SS35', 'D164', 'DM12');
INSERT INTO dis_relationship_master VALUES ('508SS31', 'C1', 'S31', 'SS31', 'D164', 'DM12');
INSERT INTO dis_relationship_master VALUES ('508SS29', 'C1', 'S31', 'SS29', 'D164', 'DM12');
INSERT INTO dis_relationship_master VALUES ('508SS17', 'C1', 'S31', 'SS17', 'D164', 'DM12');
INSERT INTO diagnosis_modifiers VALUES ('DM387', 'TANYCYTIC');
INSERT INTO dis_relationship_master VALUES ('509SS192', 'C1', 'S31', 'SS192', 'D164', 'DM387');
INSERT INTO dis_relationship_diagnosis_to_diagnosis_modifier VALUES ('D164', 'DM387');
INSERT INTO dis_relationship_master VALUES ('509SS177', 'C1', 'S31', 'SS177', 'D164', 'DM387');
INSERT INTO dis_relationship_master VALUES ('509SS176', 'C1', 'S31', 'SS176', 'D164', 'DM387');
INSERT INTO dis_relationship_master VALUES ('509SS126', 'C1', 'S31', 'SS126', 'D164', 'DM387');
INSERT INTO dis_relationship_master VALUES ('509SS119', 'C1', 'S31', 'SS119', 'D164', 'DM387');
INSERT INTO dis_relationship_master VALUES ('509SS82', 'C1', 'S31', 'SS82', 'D164', 'DM387');
INSERT INTO dis_relationship_master VALUES ('509SS78', 'C1', 'S31', 'SS78', 'D164', 'DM387');
INSERT INTO dis_relationship_master VALUES ('509SS67', 'C1', 'S31', 'SS67', 'D164', 'DM387');
INSERT INTO dis_relationship_master VALUES ('509SS49', 'C1', 'S31', 'SS49', 'D164', 'DM387');
INSERT INTO dis_relationship_master VALUES ('509SS42', 'C1', 'S31', 'SS42', 'D164', 'DM387');
INSERT INTO dis_relationship_master VALUES ('509SS40', 'C1', 'S31', 'SS40', 'D164', 'DM387');
INSERT INTO dis_relationship_master VALUES ('509SS35', 'C1', 'S31', 'SS35', 'D164', 'DM387');
INSERT INTO dis_relationship_master VALUES ('509SS31', 'C1', 'S31', 'SS31', 'D164', 'DM387');
INSERT INTO dis_relationship_master VALUES ('509SS29', 'C1', 'S31', 'SS29', 'D164', 'DM387');
INSERT INTO dis_relationship_master VALUES ('509SS17', 'C1', 'S31', 'SS17', 'D164', 'DM387');
INSERT INTO diagnoses VALUES ('D262', 'EPENDYMOMA ANAPLASTIC');
INSERT INTO dis_relationship_master VALUES ('1899', 'C0', 'S0', 'SS0', 'D262', 'DM2');
INSERT INTO dis_relationship_diagnosis_to_diagnosis_modifier VALUES ('D262', 'DM2');
INSERT INTO dis_relationship_master VALUES ('510SS192', 'C6', 'S31', 'SS192', 'D262', 'DM2');
INSERT INTO dis_relationship_master VALUES ('510SS177', 'C6', 'S31', 'SS177', 'D262', 'DM2');
INSERT INTO dis_relationship_master VALUES ('510SS176', 'C6', 'S31', 'SS176', 'D262', 'DM2');
INSERT INTO dis_relationship_master VALUES ('510SS126', 'C6', 'S31', 'SS126', 'D262', 'DM2');
INSERT INTO dis_relationship_master VALUES ('510SS119', 'C6', 'S31', 'SS119', 'D262', 'DM2');
INSERT INTO dis_relationship_master VALUES ('510SS82', 'C6', 'S31', 'SS82', 'D262', 'DM2');
INSERT INTO dis_relationship_master VALUES ('510SS78', 'C6', 'S31', 'SS78', 'D262', 'DM2');
INSERT INTO dis_relationship_master VALUES ('510SS67', 'C6', 'S31', 'SS67', 'D262', 'DM2');
INSERT INTO dis_relationship_master VALUES ('510SS49', 'C6', 'S31', 'SS49', 'D262', 'DM2');
INSERT INTO dis_relationship_master VALUES ('510SS42', 'C6', 'S31', 'SS42', 'D262', 'DM2');
INSERT INTO dis_relationship_master VALUES ('510SS40', 'C6', 'S31', 'SS40', 'D262', 'DM2');
INSERT INTO dis_relationship_master VALUES ('510SS35', 'C6', 'S31', 'SS35', 'D262', 'DM2');
INSERT INTO dis_relationship_master VALUES ('510SS31', 'C6', 'S31', 'SS31', 'D262', 'DM2');
INSERT INTO dis_relationship_master VALUES ('510SS29', 'C6', 'S31', 'SS29', 'D262', 'DM2');
INSERT INTO dis_relationship_master VALUES ('510SS17', 'C6', 'S31', 'SS17', 'D262', 'DM2');
INSERT INTO diagnoses VALUES ('D263', 'EPULIDES');
INSERT INTO dis_relationship_master VALUES ('989SS181', 'C7', 'S51', 'SS181', 'D263', 'DM2');
INSERT INTO dis_relationship_diagnosis_to_diagnosis_modifier VALUES ('D263', 'DM2');
INSERT INTO dis_relationship_master VALUES ('989SS167', 'C7', 'S51', 'SS167', 'D263', 'DM2');
INSERT INTO dis_relationship_master VALUES ('989SS139', 'C7', 'S51', 'SS139', 'D263', 'DM2');
INSERT INTO dis_relationship_master VALUES ('989SS121', 'C7', 'S51', 'SS121', 'D263', 'DM2');
INSERT INTO dis_relationship_master VALUES ('989SS100', 'C7', 'S51', 'SS100', 'D263', 'DM2');
INSERT INTO dis_relationship_master VALUES ('989SS75', 'C7', 'S51', 'SS75', 'D263', 'DM2');
INSERT INTO dis_relationship_master VALUES ('989SS72', 'C7', 'S51', 'SS72', 'D263', 'DM2');
INSERT INTO dis_relationship_master VALUES ('989SS55', 'C7', 'S51', 'SS55', 'D263', 'DM2');
INSERT INTO dis_relationship_master VALUES ('2158', 'C0', 'S0', 'SS0', 'D263', 'DM2');
INSERT INTO dis_relationship_master VALUES ('687SS1', 'C2', 'S7', 'SS1', 'D165', 'DM113');
INSERT INTO dis_relationship_diagnosis_to_diagnosis_modifier VALUES ('D165', 'DM113');
INSERT INTO dis_relationship_master VALUES ('687SS71', 'C2', 'S7', 'SS71', 'D165', 'DM113');
INSERT INTO dis_relationship_master VALUES ('687SS56', 'C2', 'S7', 'SS56', 'D165', 'DM113');
INSERT INTO diagnosis_modifiers VALUES ('DM388', 'BACTERIAL');
INSERT INTO dis_relationship_master VALUES ('688SS1', 'C2', 'S7', 'SS1', 'D165', 'DM388');
INSERT INTO dis_relationship_diagnosis_to_diagnosis_modifier VALUES ('D165', 'DM388');
INSERT INTO dis_relationship_master VALUES ('688SS71', 'C2', 'S7', 'SS71', 'D165', 'DM388');
INSERT INTO dis_relationship_master VALUES ('688SS56', 'C2', 'S7', 'SS56', 'D165', 'DM388');
INSERT INTO dis_relationship_master VALUES ('689SS1', 'C2', 'S7', 'SS1', 'D165', 'DM151');
INSERT INTO dis_relationship_diagnosis_to_diagnosis_modifier VALUES ('D165', 'DM151');
INSERT INTO dis_relationship_master VALUES ('689SS71', 'C2', 'S7', 'SS71', 'D165', 'DM151');
INSERT INTO dis_relationship_master VALUES ('689SS56', 'C2', 'S7', 'SS56', 'D165', 'DM151');
INSERT INTO diagnosis_modifiers VALUES ('DM389', 'EOSINOPHILIC ESOPHAGITIS');
INSERT INTO dis_relationship_master VALUES ('690SS1', 'C2', 'S7', 'SS1', 'D165', 'DM389');
INSERT INTO dis_relationship_diagnosis_to_diagnosis_modifier VALUES ('D165', 'DM389');
INSERT INTO dis_relationship_master VALUES ('690SS71', 'C2', 'S7', 'SS71', 'D165', 'DM389');
INSERT INTO dis_relationship_master VALUES ('690SS56', 'C2', 'S7', 'SS56', 'D165', 'DM389');
INSERT INTO diagnosis_modifiers VALUES ('DM390', 'FUNGAL');
INSERT INTO dis_relationship_master VALUES ('691SS1', 'C2', 'S7', 'SS1', 'D165', 'DM390');
INSERT INTO dis_relationship_diagnosis_to_diagnosis_modifier VALUES ('D165', 'DM390');
INSERT INTO dis_relationship_master VALUES ('691SS71', 'C2', 'S7', 'SS71', 'D165', 'DM390');
INSERT INTO dis_relationship_master VALUES ('691SS56', 'C2', 'S7', 'SS56', 'D165', 'DM390');
INSERT INTO diagnosis_modifiers VALUES ('DM391', 'VIRAL');
INSERT INTO dis_relationship_master VALUES ('692SS1', 'C2', 'S7', 'SS1', 'D165', 'DM391');
INSERT INTO dis_relationship_diagnosis_to_diagnosis_modifier VALUES ('D165', 'DM391');
INSERT INTO dis_relationship_master VALUES ('692SS71', 'C2', 'S7', 'SS71', 'D165', 'DM391');
INSERT INTO dis_relationship_master VALUES ('692SS56', 'C2', 'S7', 'SS56', 'D165', 'DM391');
INSERT INTO diagnoses VALUES ('D264', 'ESSENTIAL THROMBOCYTHEMIA');
INSERT INTO dis_relationship_master VALUES ('1786', 'C0', 'S0', 'SS0', 'D264', 'DM2');
INSERT INTO dis_relationship_diagnosis_to_diagnosis_modifier VALUES ('D264', 'DM2');
INSERT INTO dis_relationship_master VALUES ('87', 'C2', 'S0', 'SS0', 'D264', 'DM2');
INSERT INTO diagnoses VALUES ('D265', 'EXTRAMEDULLARY HEMATOPOIESIS');
INSERT INTO dis_relationship_master VALUES ('1480SS105', 'C7', 'S85', 'SS105', 'D265', 'DM2');
INSERT INTO dis_relationship_diagnosis_to_diagnosis_modifier VALUES ('D265', 'DM2');
INSERT INTO dis_relationship_master VALUES ('1480SS42', 'C7', 'S85', 'SS42', 'D265', 'DM2');
INSERT INTO dis_relationship_master VALUES ('897SS182', 'C7', 'S57', 'SS182', 'D265', 'DM2');
INSERT INTO dis_relationship_master VALUES ('897SS178', 'C7', 'S57', 'SS178', 'D265', 'DM2');
INSERT INTO dis_relationship_master VALUES ('897SS150', 'C7', 'S57', 'SS150', 'D265', 'DM2');
INSERT INTO dis_relationship_master VALUES ('897SS129', 'C7', 'S57', 'SS129', 'D265', 'DM2');
INSERT INTO dis_relationship_master VALUES ('897SS122', 'C7', 'S57', 'SS122', 'D265', 'DM2');
INSERT INTO dis_relationship_master VALUES ('897SS117', 'C7', 'S57', 'SS117', 'D265', 'DM2');
INSERT INTO dis_relationship_master VALUES ('897SS107', 'C7', 'S57', 'SS107', 'D265', 'DM2');
INSERT INTO dis_relationship_master VALUES ('897SS103', 'C7', 'S57', 'SS103', 'D265', 'DM2');
INSERT INTO dis_relationship_master VALUES ('897SS88', 'C7', 'S57', 'SS88', 'D265', 'DM2');
INSERT INTO dis_relationship_master VALUES ('897SS76', 'C7', 'S57', 'SS76', 'D265', 'DM2');
INSERT INTO dis_relationship_master VALUES ('897SS33', 'C7', 'S57', 'SS33', 'D265', 'DM2');
INSERT INTO dis_relationship_master VALUES ('897SS21', 'C7', 'S57', 'SS21', 'D265', 'DM2');
INSERT INTO dis_relationship_master VALUES ('897SS16', 'C7', 'S57', 'SS16', 'D265', 'DM2');
INSERT INTO dis_relationship_master VALUES ('897SS2', 'C7', 'S57', 'SS2', 'D265', 'DM2');
INSERT INTO dis_relationship_master VALUES ('2291SS1', 'C7', 'S50', 'SS1', 'D265', 'DM2');
INSERT INTO dis_relationship_master VALUES ('2149', 'C0', 'S0', 'SS0', 'D265', 'DM2');
INSERT INTO diagnosis_modifiers VALUES ('DM392', 'ADULT');
INSERT INTO dis_relationship_master VALUES ('1366SS1', 'C7', 'S50', 'SS1', 'D265', 'DM392');
INSERT INTO dis_relationship_diagnosis_to_diagnosis_modifier VALUES ('D265', 'DM392');
INSERT INTO diagnoses VALUES ('D266', 'FEMALE ADNEXAL TUMOR OF WOLFFIAN ORIGIN');
INSERT INTO dis_relationship_master VALUES ('1038SS137', 'C6', 'S35', 'SS137', 'D266', 'DM2');
INSERT INTO dis_relationship_diagnosis_to_diagnosis_modifier VALUES ('D266', 'DM2');
INSERT INTO dis_relationship_master VALUES ('1038SS52', 'C6', 'S35', 'SS52', 'D266', 'DM2');
INSERT INTO dis_relationship_master VALUES ('1038SS80', 'C6', 'S35', 'SS80', 'D266', 'DM2');
INSERT INTO dis_relationship_master VALUES ('1038SS42', 'C6', 'S35', 'SS42', 'D266', 'DM2');
INSERT INTO dis_relationship_master VALUES ('1038SS41', 'C6', 'S35', 'SS41', 'D266', 'DM2');
INSERT INTO dis_relationship_master VALUES ('1967', 'C0', 'S0', 'SS0', 'D266', 'DM2');
INSERT INTO diagnoses VALUES ('D267', 'FIBROADENOMA');
INSERT INTO dis_relationship_master VALUES ('2159', 'C0', 'S0', 'SS0', 'D267', 'DM2');
INSERT INTO dis_relationship_diagnosis_to_diagnosis_modifier VALUES ('D267', 'DM2');
INSERT INTO dis_relationship_master VALUES ('594SS164', 'C7', 'S20', 'SS164', 'D267', 'DM2');
INSERT INTO dis_relationship_master VALUES ('594SS118', 'C7', 'S20', 'SS118', 'D267', 'DM2');
INSERT INTO dis_relationship_master VALUES ('594SS114', 'C7', 'S20', 'SS114', 'D267', 'DM2');
INSERT INTO dis_relationship_master VALUES ('89', 'C7', 'S0', 'SS0', 'D167', 'DM269');
INSERT INTO dis_relationship_diagnosis_to_diagnosis_modifier VALUES ('D167', 'DM269');
INSERT INTO diagnosis_modifiers VALUES ('DM393', 'ADENOSIS');
INSERT INTO dis_relationship_master VALUES ('595SS164', 'C7', 'S20', 'SS164', 'D168', 'DM393');
INSERT INTO dis_relationship_diagnosis_to_diagnosis_modifier VALUES ('D168', 'DM393');
INSERT INTO dis_relationship_master VALUES ('595SS118', 'C7', 'S20', 'SS118', 'D168', 'DM393');
INSERT INTO dis_relationship_master VALUES ('595SS114', 'C7', 'S20', 'SS114', 'D168', 'DM393');
INSERT INTO diagnosis_modifiers VALUES ('DM394', 'CYST FORMATION');
INSERT INTO dis_relationship_master VALUES ('596SS164', 'C7', 'S20', 'SS164', 'D168', 'DM394');
INSERT INTO dis_relationship_diagnosis_to_diagnosis_modifier VALUES ('D168', 'DM394');
INSERT INTO dis_relationship_master VALUES ('596SS118', 'C7', 'S20', 'SS118', 'D168', 'DM394');
INSERT INTO dis_relationship_master VALUES ('596SS114', 'C7', 'S20', 'SS114', 'D168', 'DM394');
INSERT INTO diagnosis_modifiers VALUES ('DM395', 'PAPILLARY APOCRINE CHANGE');
INSERT INTO dis_relationship_master VALUES ('597SS164', 'C7', 'S20', 'SS164', 'D168', 'DM395');
INSERT INTO dis_relationship_diagnosis_to_diagnosis_modifier VALUES ('D168', 'DM395');
INSERT INTO dis_relationship_master VALUES ('597SS118', 'C7', 'S20', 'SS118', 'D168', 'DM395');
INSERT INTO dis_relationship_master VALUES ('597SS114', 'C7', 'S20', 'SS114', 'D168', 'DM395');
INSERT INTO diagnosis_modifiers VALUES ('DM396', 'SCLEROSING ADENOSIS');
INSERT INTO dis_relationship_master VALUES ('598SS164', 'C7', 'S20', 'SS164', 'D168', 'DM396');
INSERT INTO dis_relationship_diagnosis_to_diagnosis_modifier VALUES ('D168', 'DM396');
INSERT INTO dis_relationship_master VALUES ('598SS118', 'C7', 'S20', 'SS118', 'D168', 'DM396');
INSERT INTO dis_relationship_master VALUES ('598SS114', 'C7', 'S20', 'SS114', 'D168', 'DM396');
INSERT INTO diagnoses VALUES ('D268', 'FIBROMA');
INSERT INTO dis_relationship_master VALUES ('1039SS137', 'C7', 'S35', 'SS137', 'D268', 'DM2');
INSERT INTO dis_relationship_diagnosis_to_diagnosis_modifier VALUES ('D268', 'DM2');
INSERT INTO dis_relationship_master VALUES ('1039SS52', 'C7', 'S35', 'SS52', 'D268', 'DM2');
INSERT INTO dis_relationship_master VALUES ('1039SS80', 'C7', 'S35', 'SS80', 'D268', 'DM2');
INSERT INTO dis_relationship_master VALUES ('1039SS42', 'C7', 'S35', 'SS42', 'D268', 'DM2');
INSERT INTO dis_relationship_master VALUES ('1039SS41', 'C7', 'S35', 'SS41', 'D268', 'DM2');
INSERT INTO dis_relationship_master VALUES ('2329SS188', 'C7', 'S92', 'SS188', 'D268', 'DM2');
INSERT INTO dis_relationship_master VALUES ('2329SS179', 'C7', 'S92', 'SS179', 'D268', 'DM2');
INSERT INTO dis_relationship_master VALUES ('2329SS168', 'C7', 'S92', 'SS168', 'D268', 'DM2');
INSERT INTO dis_relationship_master VALUES ('2329SS165', 'C7', 'S92', 'SS165', 'D268', 'DM2');
INSERT INTO dis_relationship_master VALUES ('2329SS153', 'C7', 'S92', 'SS153', 'D268', 'DM2');
INSERT INTO dis_relationship_master VALUES ('2329SS149', 'C7', 'S92', 'SS149', 'D268', 'DM2');
INSERT INTO dis_relationship_master VALUES ('2329SS128', 'C7', 'S92', 'SS128', 'D268', 'DM2');
INSERT INTO dis_relationship_master VALUES ('2329SS109', 'C7', 'S92', 'SS109', 'D268', 'DM2');
INSERT INTO dis_relationship_master VALUES ('2329SS108', 'C7', 'S92', 'SS108', 'D268', 'DM2');
INSERT INTO dis_relationship_master VALUES ('2329SS104', 'C7', 'S92', 'SS104', 'D268', 'DM2');
INSERT INTO dis_relationship_master VALUES ('2329SS79', 'C7', 'S92', 'SS79', 'D268', 'DM2');
INSERT INTO dis_relationship_master VALUES ('2329SS62', 'C7', 'S92', 'SS62', 'D268', 'DM2');
INSERT INTO dis_relationship_master VALUES ('2329SS60', 'C7', 'S92', 'SS60', 'D268', 'DM2');
INSERT INTO dis_relationship_master VALUES ('1769', 'C0', 'S0', 'SS0', 'D268', 'DM2');
INSERT INTO diagnosis_modifiers VALUES ('DM397', 'CHONDROMYXOID');
INSERT INTO dis_relationship_master VALUES ('429SS188', 'C7', 'S92', 'SS188', 'D268', 'DM397');
INSERT INTO dis_relationship_diagnosis_to_diagnosis_modifier VALUES ('D268', 'DM397');
INSERT INTO dis_relationship_master VALUES ('429SS179', 'C7', 'S92', 'SS179', 'D268', 'DM397');
INSERT INTO dis_relationship_master VALUES ('429SS168', 'C7', 'S92', 'SS168', 'D268', 'DM397');
INSERT INTO dis_relationship_master VALUES ('429SS165', 'C7', 'S92', 'SS165', 'D268', 'DM397');
INSERT INTO dis_relationship_master VALUES ('429SS153', 'C7', 'S92', 'SS153', 'D268', 'DM397');
INSERT INTO dis_relationship_master VALUES ('429SS149', 'C7', 'S92', 'SS149', 'D268', 'DM397');
INSERT INTO dis_relationship_master VALUES ('429SS128', 'C7', 'S92', 'SS128', 'D268', 'DM397');
INSERT INTO dis_relationship_master VALUES ('429SS109', 'C7', 'S92', 'SS109', 'D268', 'DM397');
INSERT INTO dis_relationship_master VALUES ('429SS108', 'C7', 'S92', 'SS108', 'D268', 'DM397');
INSERT INTO dis_relationship_master VALUES ('429SS104', 'C7', 'S92', 'SS104', 'D268', 'DM397');
INSERT INTO dis_relationship_master VALUES ('429SS79', 'C7', 'S92', 'SS79', 'D268', 'DM397');
INSERT INTO dis_relationship_master VALUES ('429SS62', 'C7', 'S92', 'SS62', 'D268', 'DM397');
INSERT INTO dis_relationship_master VALUES ('429SS60', 'C7', 'S92', 'SS60', 'D268', 'DM397');
INSERT INTO dis_relationship_master VALUES ('430SS188', 'C7', 'S92', 'SS188', 'D268', 'DM69');
INSERT INTO dis_relationship_diagnosis_to_diagnosis_modifier VALUES ('D268', 'DM69');
INSERT INTO dis_relationship_master VALUES ('430SS179', 'C7', 'S92', 'SS179', 'D268', 'DM69');
INSERT INTO dis_relationship_master VALUES ('430SS168', 'C7', 'S92', 'SS168', 'D268', 'DM69');
INSERT INTO dis_relationship_master VALUES ('430SS165', 'C7', 'S92', 'SS165', 'D268', 'DM69');
INSERT INTO dis_relationship_master VALUES ('430SS153', 'C7', 'S92', 'SS153', 'D268', 'DM69');
INSERT INTO dis_relationship_master VALUES ('430SS149', 'C7', 'S92', 'SS149', 'D268', 'DM69');
INSERT INTO dis_relationship_master VALUES ('430SS128', 'C7', 'S92', 'SS128', 'D268', 'DM69');
INSERT INTO dis_relationship_master VALUES ('430SS109', 'C7', 'S92', 'SS109', 'D268', 'DM69');
INSERT INTO dis_relationship_master VALUES ('430SS108', 'C7', 'S92', 'SS108', 'D268', 'DM69');
INSERT INTO dis_relationship_master VALUES ('430SS104', 'C7', 'S92', 'SS104', 'D268', 'DM69');
INSERT INTO dis_relationship_master VALUES ('430SS79', 'C7', 'S92', 'SS79', 'D268', 'DM69');
INSERT INTO dis_relationship_master VALUES ('430SS62', 'C7', 'S92', 'SS62', 'D268', 'DM69');
INSERT INTO dis_relationship_master VALUES ('430SS60', 'C7', 'S92', 'SS60', 'D268', 'DM69');
INSERT INTO diagnosis_modifiers VALUES ('DM398', 'DESMOID');
INSERT INTO dis_relationship_master VALUES ('1334SS1', 'C1', 'S2', 'SS1', 'D169', 'DM398');
INSERT INTO dis_relationship_diagnosis_to_diagnosis_modifier VALUES ('D169', 'DM398');
INSERT INTO diagnosis_modifiers VALUES ('DM399', 'INFLAMMATORY MYLOBLASTIC');
INSERT INTO dis_relationship_master VALUES ('1335SS1', 'C1', 'S2', 'SS1', 'D169', 'DM399');
INSERT INTO dis_relationship_diagnosis_to_diagnosis_modifier VALUES ('D169', 'DM399');
INSERT INTO diagnosis_modifiers VALUES ('DM400', 'PENILE');
INSERT INTO dis_relationship_master VALUES ('1336SS1', 'C1', 'S2', 'SS1', 'D169', 'DM400');
INSERT INTO dis_relationship_diagnosis_to_diagnosis_modifier VALUES ('D169', 'DM400');
INSERT INTO diagnosis_modifiers VALUES ('DM401', 'PEYRONIES');
INSERT INTO dis_relationship_master VALUES ('1337SS1', 'C1', 'S2', 'SS1', 'D169', 'DM401');
INSERT INTO dis_relationship_diagnosis_to_diagnosis_modifier VALUES ('D169', 'DM401');
INSERT INTO diagnoses VALUES ('D269', 'FIBROMATOSIS (DESMOID TUMOR)');
INSERT INTO dis_relationship_master VALUES ('1338SS1', 'C1', 'S2', 'SS1', 'D269', 'DM2');
INSERT INTO dis_relationship_diagnosis_to_diagnosis_modifier VALUES ('D269', 'DM2');
INSERT INTO dis_relationship_master VALUES ('2032', 'C0', 'S0', 'SS0', 'D269', 'DM2');
INSERT INTO dis_relationship_master VALUES ('90', 'C1', 'S0', 'SS0', 'D269', 'DM2');
INSERT INTO diagnoses VALUES ('D270', 'FIBROMATOSIS PALMAR (DUPUYTRNES)');
INSERT INTO dis_relationship_master VALUES ('1339SS1', 'C7', 'S2', 'SS1', 'D270', 'DM2');
INSERT INTO dis_relationship_diagnosis_to_diagnosis_modifier VALUES ('D270', 'DM2');
INSERT INTO dis_relationship_master VALUES ('2085', 'C0', 'S0', 'SS0', 'D270', 'DM2');
INSERT INTO diagnoses VALUES ('D271', 'FIBROMATOSIS PLANTAR');
INSERT INTO dis_relationship_master VALUES ('1340SS1', 'C7', 'S2', 'SS1', 'D271', 'DM2');
INSERT INTO dis_relationship_diagnosis_to_diagnosis_modifier VALUES ('D271', 'DM2');
INSERT INTO dis_relationship_master VALUES ('1761', 'C0', 'S0', 'SS0', 'D271', 'DM2');
INSERT INTO diagnoses VALUES ('D272', 'FIBROMYALGIA (CHRONIC FATIGUE SYNDROME)');
INSERT INTO dis_relationship_master VALUES ('2012', 'C0', 'S0', 'SS0', 'D272', 'DM2');
INSERT INTO dis_relationship_diagnosis_to_diagnosis_modifier VALUES ('D272', 'DM2');
INSERT INTO dis_relationship_master VALUES ('91', 'C2', 'S0', 'SS0', 'D272', 'DM2');
INSERT INTO diagnoses VALUES ('D273', 'FIBROSIS (PEYRONIES DISEASE)');
INSERT INTO dis_relationship_master VALUES ('1114SS74', 'C2', 'S28', 'SS74', 'D273', 'DM2');
INSERT INTO dis_relationship_diagnosis_to_diagnosis_modifier VALUES ('D273', 'DM2');
INSERT INTO dis_relationship_master VALUES ('2098', 'C0', 'S0', 'SS0', 'D273', 'DM2');
INSERT INTO diagnoses VALUES ('D274', 'FIBROTHECOMA');
INSERT INTO dis_relationship_master VALUES ('1457SS1', 'C7', 'S42', 'SS1', 'D274', 'DM2');
INSERT INTO dis_relationship_diagnosis_to_diagnosis_modifier VALUES ('D274', 'DM2');
INSERT INTO dis_relationship_master VALUES ('2344SS137', 'C7', 'S35', 'SS137', 'D274', 'DM2');
INSERT INTO dis_relationship_master VALUES ('2344SS52', 'C7', 'S35', 'SS52', 'D274', 'DM2');
INSERT INTO dis_relationship_master VALUES ('2344SS80', 'C7', 'S35', 'SS80', 'D274', 'DM2');
INSERT INTO dis_relationship_master VALUES ('2344SS42', 'C7', 'S35', 'SS42', 'D274', 'DM2');
INSERT INTO dis_relationship_master VALUES ('2344SS41', 'C7', 'S35', 'SS41', 'D274', 'DM2');
INSERT INTO dis_relationship_master VALUES ('1876', 'C0', 'S0', 'SS0', 'D274', 'DM2');
INSERT INTO diagnosis_modifiers VALUES ('DM402', 'LUTEINIZED');
INSERT INTO dis_relationship_master VALUES ('1040SS137', 'C7', 'S35', 'SS137', 'D274', 'DM402');
INSERT INTO dis_relationship_diagnosis_to_diagnosis_modifier VALUES ('D274', 'DM402');
INSERT INTO dis_relationship_master VALUES ('1040SS52', 'C7', 'S35', 'SS52', 'D274', 'DM402');
INSERT INTO dis_relationship_master VALUES ('1040SS80', 'C7', 'S35', 'SS80', 'D274', 'DM402');
INSERT INTO dis_relationship_master VALUES ('1040SS42', 'C7', 'S35', 'SS42', 'D274', 'DM402');
INSERT INTO dis_relationship_master VALUES ('1040SS41', 'C7', 'S35', 'SS41', 'D274', 'DM402');
INSERT INTO diagnosis_modifiers VALUES ('DM403', 'DERMATOFIBROMA');
INSERT INTO dis_relationship_master VALUES ('92', 'C7', 'S0', 'SS0', 'D170', 'DM403');
INSERT INTO dis_relationship_diagnosis_to_diagnosis_modifier VALUES ('D170', 'DM403');
INSERT INTO diagnosis_modifiers VALUES ('DM404', 'ELASTOFIBROMA');
INSERT INTO dis_relationship_master VALUES ('93', 'C7', 'S0', 'SS0', 'D170', 'DM404');
INSERT INTO dis_relationship_diagnosis_to_diagnosis_modifier VALUES ('D170', 'DM404');
INSERT INTO diagnosis_modifiers VALUES ('DM405', 'FIBRO-OSSEOUS');
INSERT INTO dis_relationship_master VALUES ('94', 'C7', 'S0', 'SS0', 'D170', 'DM405');
INSERT INTO dis_relationship_diagnosis_to_diagnosis_modifier VALUES ('D170', 'DM405');
INSERT INTO diagnosis_modifiers VALUES ('DM406', 'ISCHEMIC');
INSERT INTO dis_relationship_master VALUES ('95', 'C7', 'S0', 'SS0', 'D170', 'DM406');
INSERT INTO dis_relationship_diagnosis_to_diagnosis_modifier VALUES ('D170', 'DM406');
INSERT INTO diagnosis_modifiers VALUES ('DM407', 'MYOFIBROMA');
INSERT INTO dis_relationship_master VALUES ('96', 'C7', 'S0', 'SS0', 'D170', 'DM407');
INSERT INTO dis_relationship_diagnosis_to_diagnosis_modifier VALUES ('D170', 'DM407');
INSERT INTO diagnosis_modifiers VALUES ('DM408', 'MYOFIBROMATOSIS');
INSERT INTO dis_relationship_master VALUES ('97', 'C7', 'S0', 'SS0', 'D170', 'DM408');
INSERT INTO dis_relationship_diagnosis_to_diagnosis_modifier VALUES ('D170', 'DM408');
INSERT INTO diagnosis_modifiers VALUES ('DM409', 'MYOSITIS OSSIFICANS');
INSERT INTO dis_relationship_master VALUES ('98', 'C7', 'S0', 'SS0', 'D170', 'DM409');
INSERT INTO dis_relationship_diagnosis_to_diagnosis_modifier VALUES ('D170', 'DM409');
INSERT INTO diagnosis_modifiers VALUES ('DM410', 'NODULAR FASCIITIS');
INSERT INTO dis_relationship_master VALUES ('99', 'C7', 'S0', 'SS0', 'D170', 'DM410');
INSERT INTO dis_relationship_diagnosis_to_diagnosis_modifier VALUES ('D170', 'DM410');
INSERT INTO diagnosis_modifiers VALUES ('DM411', 'PROLIFERATIVE');
INSERT INTO dis_relationship_master VALUES ('100', 'C7', 'S0', 'SS0', 'D170', 'DM411');
INSERT INTO dis_relationship_diagnosis_to_diagnosis_modifier VALUES ('D170', 'DM411');
INSERT INTO diagnosis_modifiers VALUES ('DM412', 'REACTIVE MYOFIBROBLASTIC PROLIFERATION AT VISCERAL LOCATIONS');
INSERT INTO dis_relationship_master VALUES ('101', 'C7', 'S0', 'SS0', 'D170', 'DM412');
INSERT INTO dis_relationship_diagnosis_to_diagnosis_modifier VALUES ('D170', 'DM412');
INSERT INTO diagnosis_modifiers VALUES ('DM413', 'SOLITARY');
INSERT INTO dis_relationship_master VALUES ('966SS1', 'C7', 'S72', 'SS1', 'D170', 'DM413');
INSERT INTO dis_relationship_diagnosis_to_diagnosis_modifier VALUES ('D170', 'DM413');
INSERT INTO diagnosis_modifiers VALUES ('DM414', 'TENDON SHEATH');
INSERT INTO dis_relationship_master VALUES ('102', 'C7', 'S0', 'SS0', 'D170', 'DM414');
INSERT INTO dis_relationship_diagnosis_to_diagnosis_modifier VALUES ('D170', 'DM414');
INSERT INTO dis_relationship_master VALUES ('1261SS157', 'C7', 'S1', 'SS157', 'D171', 'DM8');
INSERT INTO dis_relationship_diagnosis_to_diagnosis_modifier VALUES ('D171', 'DM8');
INSERT INTO dis_relationship_master VALUES ('1261SS156', 'C7', 'S1', 'SS156', 'D171', 'DM8');
INSERT INTO dis_relationship_master VALUES ('1261SS98', 'C7', 'S1', 'SS98', 'D171', 'DM8');
INSERT INTO dis_relationship_master VALUES ('1261SS73', 'C7', 'S1', 'SS73', 'D171', 'DM8');
INSERT INTO dis_relationship_master VALUES ('1261SS66', 'C7', 'S1', 'SS66', 'D171', 'DM8');
INSERT INTO dis_relationship_master VALUES ('1261SS65', 'C7', 'S1', 'SS65', 'D171', 'DM8');
INSERT INTO dis_relationship_master VALUES ('1261SS57', 'C7', 'S1', 'SS57', 'D171', 'DM8');
INSERT INTO dis_relationship_master VALUES ('1261SS19', 'C7', 'S1', 'SS19', 'D171', 'DM8');
INSERT INTO dis_relationship_master VALUES ('1261SS8', 'C7', 'S1', 'SS8', 'D171', 'DM8');
INSERT INTO dis_relationship_master VALUES ('1261SS2', 'C7', 'S1', 'SS2', 'D171', 'DM8');
INSERT INTO diagnoses VALUES ('D275', 'FOLLICULAR NEOPLASMS');
INSERT INTO dis_relationship_master VALUES ('1262SS157', 'C7', 'S1', 'SS157', 'D275', 'DM2');
INSERT INTO dis_relationship_diagnosis_to_diagnosis_modifier VALUES ('D275', 'DM2');
INSERT INTO dis_relationship_master VALUES ('1262SS156', 'C7', 'S1', 'SS156', 'D275', 'DM2');
INSERT INTO dis_relationship_master VALUES ('1262SS98', 'C7', 'S1', 'SS98', 'D275', 'DM2');
INSERT INTO dis_relationship_master VALUES ('1262SS73', 'C7', 'S1', 'SS73', 'D275', 'DM2');
INSERT INTO dis_relationship_master VALUES ('1262SS66', 'C7', 'S1', 'SS66', 'D275', 'DM2');
INSERT INTO dis_relationship_master VALUES ('1262SS65', 'C7', 'S1', 'SS65', 'D275', 'DM2');
INSERT INTO dis_relationship_master VALUES ('1262SS57', 'C7', 'S1', 'SS57', 'D275', 'DM2');
INSERT INTO dis_relationship_master VALUES ('1262SS19', 'C7', 'S1', 'SS19', 'D275', 'DM2');
INSERT INTO dis_relationship_master VALUES ('1262SS8', 'C7', 'S1', 'SS8', 'D275', 'DM2');
INSERT INTO dis_relationship_master VALUES ('1262SS2', 'C7', 'S1', 'SS2', 'D275', 'DM2');
INSERT INTO dis_relationship_master VALUES ('2007', 'C0', 'S0', 'SS0', 'D275', 'DM2');
INSERT INTO diagnosis_modifiers VALUES ('DM415', 'ASPERGILLUS');
INSERT INTO dis_relationship_master VALUES ('1234SS116', 'C2', 'S66', 'SS116', 'D172', 'DM415');
INSERT INTO dis_relationship_diagnosis_to_diagnosis_modifier VALUES ('D172', 'DM415');
INSERT INTO diagnoses VALUES ('D276', 'GANGLIOCYTOMA');
INSERT INTO dis_relationship_master VALUES ('1835', 'C0', 'S0', 'SS0', 'D276', 'DM2');
INSERT INTO dis_relationship_diagnosis_to_diagnosis_modifier VALUES ('D276', 'DM2');
INSERT INTO dis_relationship_master VALUES ('511SS192', 'C7', 'S31', 'SS192', 'D276', 'DM2');
INSERT INTO dis_relationship_master VALUES ('511SS177', 'C7', 'S31', 'SS177', 'D276', 'DM2');
INSERT INTO dis_relationship_master VALUES ('511SS176', 'C7', 'S31', 'SS176', 'D276', 'DM2');
INSERT INTO dis_relationship_master VALUES ('511SS126', 'C7', 'S31', 'SS126', 'D276', 'DM2');
INSERT INTO dis_relationship_master VALUES ('511SS119', 'C7', 'S31', 'SS119', 'D276', 'DM2');
INSERT INTO dis_relationship_master VALUES ('511SS82', 'C7', 'S31', 'SS82', 'D276', 'DM2');
INSERT INTO dis_relationship_master VALUES ('511SS78', 'C7', 'S31', 'SS78', 'D276', 'DM2');
INSERT INTO dis_relationship_master VALUES ('511SS67', 'C7', 'S31', 'SS67', 'D276', 'DM2');
INSERT INTO dis_relationship_master VALUES ('511SS49', 'C7', 'S31', 'SS49', 'D276', 'DM2');
INSERT INTO dis_relationship_master VALUES ('511SS42', 'C7', 'S31', 'SS42', 'D276', 'DM2');
INSERT INTO dis_relationship_master VALUES ('511SS40', 'C7', 'S31', 'SS40', 'D276', 'DM2');
INSERT INTO dis_relationship_master VALUES ('511SS35', 'C7', 'S31', 'SS35', 'D276', 'DM2');
INSERT INTO dis_relationship_master VALUES ('511SS31', 'C7', 'S31', 'SS31', 'D276', 'DM2');
INSERT INTO dis_relationship_master VALUES ('511SS29', 'C7', 'S31', 'SS29', 'D276', 'DM2');
INSERT INTO dis_relationship_master VALUES ('511SS17', 'C7', 'S31', 'SS17', 'D276', 'DM2');
INSERT INTO diagnoses VALUES ('D277', 'GANGLIOCYTOMA DYSPLASTIC');
INSERT INTO dis_relationship_master VALUES ('512SS192', 'C1', 'S31', 'SS192', 'D277', 'DM2');
INSERT INTO dis_relationship_diagnosis_to_diagnosis_modifier VALUES ('D277', 'DM2');
INSERT INTO dis_relationship_master VALUES ('512SS177', 'C1', 'S31', 'SS177', 'D277', 'DM2');
INSERT INTO dis_relationship_master VALUES ('512SS176', 'C1', 'S31', 'SS176', 'D277', 'DM2');
INSERT INTO dis_relationship_master VALUES ('512SS126', 'C1', 'S31', 'SS126', 'D277', 'DM2');
INSERT INTO dis_relationship_master VALUES ('512SS119', 'C1', 'S31', 'SS119', 'D277', 'DM2');
INSERT INTO dis_relationship_master VALUES ('512SS82', 'C1', 'S31', 'SS82', 'D277', 'DM2');
INSERT INTO dis_relationship_master VALUES ('512SS78', 'C1', 'S31', 'SS78', 'D277', 'DM2');
INSERT INTO dis_relationship_master VALUES ('512SS67', 'C1', 'S31', 'SS67', 'D277', 'DM2');
INSERT INTO dis_relationship_master VALUES ('512SS49', 'C1', 'S31', 'SS49', 'D277', 'DM2');
INSERT INTO dis_relationship_master VALUES ('512SS42', 'C1', 'S31', 'SS42', 'D277', 'DM2');
INSERT INTO dis_relationship_master VALUES ('512SS40', 'C1', 'S31', 'SS40', 'D277', 'DM2');
INSERT INTO dis_relationship_master VALUES ('512SS35', 'C1', 'S31', 'SS35', 'D277', 'DM2');
INSERT INTO dis_relationship_master VALUES ('512SS31', 'C1', 'S31', 'SS31', 'D277', 'DM2');
INSERT INTO dis_relationship_master VALUES ('512SS29', 'C1', 'S31', 'SS29', 'D277', 'DM2');
INSERT INTO dis_relationship_master VALUES ('512SS17', 'C1', 'S31', 'SS17', 'D277', 'DM2');
INSERT INTO dis_relationship_master VALUES ('2024', 'C0', 'S0', 'SS0', 'D277', 'DM2');
INSERT INTO diagnoses VALUES ('D278', 'GANGLIOGLIOMA');
INSERT INTO dis_relationship_master VALUES ('2105', 'C0', 'S0', 'SS0', 'D278', 'DM2');
INSERT INTO dis_relationship_diagnosis_to_diagnosis_modifier VALUES ('D278', 'DM2');
INSERT INTO dis_relationship_master VALUES ('513SS192', 'C7', 'S31', 'SS192', 'D278', 'DM2');
INSERT INTO dis_relationship_master VALUES ('513SS177', 'C7', 'S31', 'SS177', 'D278', 'DM2');
INSERT INTO dis_relationship_master VALUES ('513SS176', 'C7', 'S31', 'SS176', 'D278', 'DM2');
INSERT INTO dis_relationship_master VALUES ('513SS126', 'C7', 'S31', 'SS126', 'D278', 'DM2');
INSERT INTO dis_relationship_master VALUES ('513SS119', 'C7', 'S31', 'SS119', 'D278', 'DM2');
INSERT INTO dis_relationship_master VALUES ('513SS82', 'C7', 'S31', 'SS82', 'D278', 'DM2');
INSERT INTO dis_relationship_master VALUES ('513SS78', 'C7', 'S31', 'SS78', 'D278', 'DM2');
INSERT INTO dis_relationship_master VALUES ('513SS67', 'C7', 'S31', 'SS67', 'D278', 'DM2');
INSERT INTO dis_relationship_master VALUES ('513SS49', 'C7', 'S31', 'SS49', 'D278', 'DM2');
INSERT INTO dis_relationship_master VALUES ('513SS42', 'C7', 'S31', 'SS42', 'D278', 'DM2');
INSERT INTO dis_relationship_master VALUES ('513SS40', 'C7', 'S31', 'SS40', 'D278', 'DM2');
INSERT INTO dis_relationship_master VALUES ('513SS35', 'C7', 'S31', 'SS35', 'D278', 'DM2');
INSERT INTO dis_relationship_master VALUES ('513SS31', 'C7', 'S31', 'SS31', 'D278', 'DM2');
INSERT INTO dis_relationship_master VALUES ('513SS29', 'C7', 'S31', 'SS29', 'D278', 'DM2');
INSERT INTO dis_relationship_master VALUES ('513SS17', 'C7', 'S31', 'SS17', 'D278', 'DM2');
INSERT INTO diagnoses VALUES ('D279', 'GANGLIOGLIOMA ANAPLASTIC');
INSERT INTO dis_relationship_master VALUES ('1859', 'C0', 'S0', 'SS0', 'D279', 'DM2');
INSERT INTO dis_relationship_diagnosis_to_diagnosis_modifier VALUES ('D279', 'DM2');
INSERT INTO dis_relationship_master VALUES ('514SS192', 'C6', 'S31', 'SS192', 'D279', 'DM2');
INSERT INTO dis_relationship_master VALUES ('514SS177', 'C6', 'S31', 'SS177', 'D279', 'DM2');
INSERT INTO dis_relationship_master VALUES ('514SS176', 'C6', 'S31', 'SS176', 'D279', 'DM2');
INSERT INTO dis_relationship_master VALUES ('514SS126', 'C6', 'S31', 'SS126', 'D279', 'DM2');
INSERT INTO dis_relationship_master VALUES ('514SS119', 'C6', 'S31', 'SS119', 'D279', 'DM2');
INSERT INTO dis_relationship_master VALUES ('514SS82', 'C6', 'S31', 'SS82', 'D279', 'DM2');
INSERT INTO dis_relationship_master VALUES ('514SS78', 'C6', 'S31', 'SS78', 'D279', 'DM2');
INSERT INTO dis_relationship_master VALUES ('514SS67', 'C6', 'S31', 'SS67', 'D279', 'DM2');
INSERT INTO dis_relationship_master VALUES ('514SS49', 'C6', 'S31', 'SS49', 'D279', 'DM2');
INSERT INTO dis_relationship_master VALUES ('514SS42', 'C6', 'S31', 'SS42', 'D279', 'DM2');
INSERT INTO dis_relationship_master VALUES ('514SS40', 'C6', 'S31', 'SS40', 'D279', 'DM2');
INSERT INTO dis_relationship_master VALUES ('514SS35', 'C6', 'S31', 'SS35', 'D279', 'DM2');
INSERT INTO dis_relationship_master VALUES ('514SS31', 'C6', 'S31', 'SS31', 'D279', 'DM2');
INSERT INTO dis_relationship_master VALUES ('514SS29', 'C6', 'S31', 'SS29', 'D279', 'DM2');
INSERT INTO dis_relationship_master VALUES ('514SS17', 'C6', 'S31', 'SS17', 'D279', 'DM2');
INSERT INTO diagnoses VALUES ('D280', 'GANGLIOMA');
INSERT INTO dis_relationship_master VALUES ('2009', 'C0', 'S0', 'SS0', 'D280', 'DM2');
INSERT INTO dis_relationship_diagnosis_to_diagnosis_modifier VALUES ('D280', 'DM2');
INSERT INTO dis_relationship_master VALUES ('103', 'C7', 'S0', 'SS0', 'D280', 'DM2');
INSERT INTO diagnoses VALUES ('D281', 'GANGLIONEUROBLASTOMA');
INSERT INTO dis_relationship_master VALUES ('970SS190', 'C6', 'S74', 'SS190', 'D281', 'DM2');
INSERT INTO dis_relationship_diagnosis_to_diagnosis_modifier VALUES ('D281', 'DM2');
INSERT INTO dis_relationship_master VALUES ('970SS133', 'C6', 'S74', 'SS133', 'D281', 'DM2');
INSERT INTO dis_relationship_master VALUES ('970SS70', 'C6', 'S74', 'SS70', 'D281', 'DM2');
INSERT INTO dis_relationship_master VALUES ('970SS43', 'C6', 'S74', 'SS43', 'D281', 'DM2');
INSERT INTO dis_relationship_master VALUES ('970SS13', 'C6', 'S74', 'SS13', 'D281', 'DM2');
INSERT INTO dis_relationship_master VALUES ('2099', 'C0', 'S0', 'SS0', 'D281', 'DM2');
INSERT INTO dis_relationship_master VALUES ('12SS105', 'C6', 'S80', 'SS105', 'D281', 'DM2');
INSERT INTO dis_relationship_master VALUES ('12SS42', 'C6', 'S80', 'SS42', 'D281', 'DM2');
INSERT INTO diagnoses VALUES ('D282', 'GANGLIONEUROMA');
INSERT INTO dis_relationship_master VALUES ('971SS190', 'C7', 'S74', 'SS190', 'D282', 'DM2');
INSERT INTO dis_relationship_diagnosis_to_diagnosis_modifier VALUES ('D282', 'DM2');
INSERT INTO dis_relationship_master VALUES ('971SS133', 'C7', 'S74', 'SS133', 'D282', 'DM2');
INSERT INTO dis_relationship_master VALUES ('971SS70', 'C7', 'S74', 'SS70', 'D282', 'DM2');
INSERT INTO dis_relationship_master VALUES ('971SS43', 'C7', 'S74', 'SS43', 'D282', 'DM2');
INSERT INTO dis_relationship_master VALUES ('971SS13', 'C7', 'S74', 'SS13', 'D282', 'DM2');
INSERT INTO dis_relationship_master VALUES ('1873', 'C0', 'S0', 'SS0', 'D282', 'DM2');
INSERT INTO dis_relationship_master VALUES ('13SS105', 'C7', 'S80', 'SS105', 'D282', 'DM2');
INSERT INTO dis_relationship_master VALUES ('13SS42', 'C7', 'S80', 'SS42', 'D282', 'DM2');
INSERT INTO diagnosis_modifiers VALUES ('DM416', 'UNKNOWN MALIGNANT POTENTIAL');
INSERT INTO dis_relationship_master VALUES ('1433SS166', 'C1', 'S100', 'SS166', 'D173', 'DM416');
INSERT INTO dis_relationship_diagnosis_to_diagnosis_modifier VALUES ('D173', 'DM416');
INSERT INTO dis_relationship_master VALUES ('1433SS147', 'C1', 'S100', 'SS147', 'D173', 'DM416');
INSERT INTO dis_relationship_master VALUES ('1433SS145', 'C1', 'S100', 'SS145', 'D173', 'DM416');
INSERT INTO dis_relationship_master VALUES ('1433SS68', 'C1', 'S100', 'SS68', 'D173', 'DM416');
INSERT INTO dis_relationship_master VALUES ('1433SS5', 'C1', 'S100', 'SS5', 'D173', 'DM416');
INSERT INTO dis_relationship_master VALUES ('1433SS24', 'C1', 'S100', 'SS24', 'D173', 'DM416');
INSERT INTO dis_relationship_master VALUES ('1318SS166', 'C1', 'S76', 'SS166', 'D173', 'DM416');
INSERT INTO dis_relationship_master VALUES ('1318SS91', 'C1', 'S76', 'SS91', 'D173', 'DM416');
INSERT INTO dis_relationship_master VALUES ('1318SS85', 'C1', 'S76', 'SS85', 'D173', 'DM416');
INSERT INTO dis_relationship_master VALUES ('1318SS84', 'C1', 'S76', 'SS84', 'D173', 'DM416');
INSERT INTO dis_relationship_master VALUES ('1318SS83', 'C1', 'S76', 'SS83', 'D173', 'DM416');
INSERT INTO dis_relationship_master VALUES ('1318SS48', 'C1', 'S76', 'SS48', 'D173', 'DM416');
INSERT INTO dis_relationship_master VALUES ('658SS186', 'C1', 'S67', 'SS186', 'D173', 'DM416');
INSERT INTO dis_relationship_master VALUES ('658SS185', 'C1', 'S67', 'SS185', 'D173', 'DM416');
INSERT INTO dis_relationship_master VALUES ('658SS184', 'C1', 'S67', 'SS184', 'D173', 'DM416');
INSERT INTO dis_relationship_master VALUES ('658SS166', 'C1', 'S67', 'SS166', 'D173', 'DM416');
INSERT INTO dis_relationship_master VALUES ('658SS161', 'C1', 'S67', 'SS161', 'D173', 'DM416');
INSERT INTO dis_relationship_master VALUES ('658SS45', 'C1', 'S67', 'SS45', 'D173', 'DM416');
INSERT INTO dis_relationship_master VALUES ('658SS36', 'C1', 'S67', 'SS36', 'D173', 'DM416');
INSERT INTO dis_relationship_master VALUES ('658SS27', 'C1', 'S67', 'SS27', 'D173', 'DM416');
INSERT INTO dis_relationship_master VALUES ('658SS10', 'C1', 'S67', 'SS10', 'D173', 'DM416');
INSERT INTO diagnosis_modifiers VALUES ('DM417', 'ACHALASIA');
INSERT INTO dis_relationship_master VALUES ('693SS1', 'C2', 'S7', 'SS1', 'D174', 'DM417');
INSERT INTO dis_relationship_diagnosis_to_diagnosis_modifier VALUES ('D174', 'DM417');
INSERT INTO dis_relationship_master VALUES ('693SS71', 'C2', 'S7', 'SS71', 'D174', 'DM417');
INSERT INTO dis_relationship_master VALUES ('693SS56', 'C2', 'S7', 'SS56', 'D174', 'DM417');
INSERT INTO diagnosis_modifiers VALUES ('DM418', 'APPENDICITIS');
INSERT INTO dis_relationship_master VALUES ('301SS166', 'C2', 'S60', 'SS166', 'D174', 'DM418');
INSERT INTO dis_relationship_diagnosis_to_diagnosis_modifier VALUES ('D174', 'DM418');
INSERT INTO diagnosis_modifiers VALUES ('DM419', 'ATROPHIC GASTRITIS');
INSERT INTO dis_relationship_master VALUES ('104', 'C2', 'S0', 'SS0', 'D174', 'DM419');
INSERT INTO dis_relationship_diagnosis_to_diagnosis_modifier VALUES ('D174', 'DM419');
INSERT INTO diagnosis_modifiers VALUES ('DM420', 'BILIARY ATRESIA EXTRAHEPATIC');
INSERT INTO dis_relationship_master VALUES ('735SS158', 'C2', 'S30', 'SS158', 'D174', 'DM420');
INSERT INTO dis_relationship_diagnosis_to_diagnosis_modifier VALUES ('D174', 'DM420');
INSERT INTO dis_relationship_master VALUES ('735SS112', 'C2', 'S30', 'SS112', 'D174', 'DM420');
INSERT INTO dis_relationship_master VALUES ('735SS69', 'C2', 'S30', 'SS69', 'D174', 'DM420');
INSERT INTO dis_relationship_master VALUES ('735SS18', 'C2', 'S30', 'SS18', 'D174', 'DM420');
INSERT INTO diagnosis_modifiers VALUES ('DM421', 'BILIARY ATRESIA INTRAHEPATIC');
INSERT INTO dis_relationship_master VALUES ('736SS158', 'C2', 'S30', 'SS158', 'D174', 'DM421');
INSERT INTO dis_relationship_diagnosis_to_diagnosis_modifier VALUES ('D174', 'DM421');
INSERT INTO dis_relationship_master VALUES ('736SS112', 'C2', 'S30', 'SS112', 'D174', 'DM421');
INSERT INTO dis_relationship_master VALUES ('736SS69', 'C2', 'S30', 'SS69', 'D174', 'DM421');
INSERT INTO dis_relationship_master VALUES ('736SS18', 'C2', 'S30', 'SS18', 'D174', 'DM421');
INSERT INTO diagnosis_modifiers VALUES ('DM422', 'BILIARY DUCTAL ECTASIA (CAROLIS DISEASE)');
INSERT INTO dis_relationship_master VALUES ('737SS158', 'C2', 'S30', 'SS158', 'D174', 'DM422');
INSERT INTO dis_relationship_diagnosis_to_diagnosis_modifier VALUES ('D174', 'DM422');
INSERT INTO dis_relationship_master VALUES ('737SS112', 'C2', 'S30', 'SS112', 'D174', 'DM422');
INSERT INTO dis_relationship_master VALUES ('737SS69', 'C2', 'S30', 'SS69', 'D174', 'DM422');
INSERT INTO dis_relationship_master VALUES ('737SS18', 'C2', 'S30', 'SS18', 'D174', 'DM422');
INSERT INTO diagnosis_modifiers VALUES ('DM423', 'CELIAC DISEASE');
INSERT INTO dis_relationship_master VALUES ('1319SS166', 'C2', 'S76', 'SS166', 'D174', 'DM423');
INSERT INTO dis_relationship_diagnosis_to_diagnosis_modifier VALUES ('D174', 'DM423');
INSERT INTO dis_relationship_master VALUES ('1319SS91', 'C2', 'S76', 'SS91', 'D174', 'DM423');
INSERT INTO dis_relationship_master VALUES ('1319SS85', 'C2', 'S76', 'SS85', 'D174', 'DM423');
INSERT INTO dis_relationship_master VALUES ('1319SS84', 'C2', 'S76', 'SS84', 'D174', 'DM423');
INSERT INTO dis_relationship_master VALUES ('1319SS83', 'C2', 'S76', 'SS83', 'D174', 'DM423');
INSERT INTO dis_relationship_master VALUES ('1319SS48', 'C2', 'S76', 'SS48', 'D174', 'DM423');
INSERT INTO diagnosis_modifiers VALUES ('DM424', 'CHOLECYSTITIS');
INSERT INTO dis_relationship_master VALUES ('738SS158', 'C2', 'S30', 'SS158', 'D174', 'DM424');
INSERT INTO dis_relationship_diagnosis_to_diagnosis_modifier VALUES ('D174', 'DM424');
INSERT INTO dis_relationship_master VALUES ('738SS112', 'C2', 'S30', 'SS112', 'D174', 'DM424');
INSERT INTO dis_relationship_master VALUES ('738SS69', 'C2', 'S30', 'SS69', 'D174', 'DM424');
INSERT INTO dis_relationship_master VALUES ('738SS18', 'C2', 'S30', 'SS18', 'D174', 'DM424');
INSERT INTO diagnosis_modifiers VALUES ('DM425', 'CHOLELITHIASIS/GALLSTONES');
INSERT INTO dis_relationship_master VALUES ('739SS158', 'C2', 'S30', 'SS158', 'D174', 'DM425');
INSERT INTO dis_relationship_diagnosis_to_diagnosis_modifier VALUES ('D174', 'DM425');
INSERT INTO dis_relationship_master VALUES ('739SS112', 'C2', 'S30', 'SS112', 'D174', 'DM425');
INSERT INTO dis_relationship_master VALUES ('739SS69', 'C2', 'S30', 'SS69', 'D174', 'DM425');
INSERT INTO dis_relationship_master VALUES ('739SS18', 'C2', 'S30', 'SS18', 'D174', 'DM425');
INSERT INTO diagnosis_modifiers VALUES ('DM426', 'CHOLESTEROSIS');
INSERT INTO dis_relationship_master VALUES ('740SS158', 'C2', 'S30', 'SS158', 'D174', 'DM426');
INSERT INTO dis_relationship_diagnosis_to_diagnosis_modifier VALUES ('D174', 'DM426');
INSERT INTO dis_relationship_master VALUES ('740SS112', 'C2', 'S30', 'SS112', 'D174', 'DM426');
INSERT INTO dis_relationship_master VALUES ('740SS69', 'C2', 'S30', 'SS69', 'D174', 'DM426');
INSERT INTO dis_relationship_master VALUES ('740SS18', 'C2', 'S30', 'SS18', 'D174', 'DM426');
INSERT INTO diagnosis_modifiers VALUES ('DM427', 'CIRRHOSIS');
INSERT INTO dis_relationship_master VALUES ('825SS1', 'C2', 'S39', 'SS1', 'D174', 'DM427');
INSERT INTO dis_relationship_diagnosis_to_diagnosis_modifier VALUES ('D174', 'DM427');
INSERT INTO diagnosis_modifiers VALUES ('DM428', 'CIRRHOSIS ALCOHOLIC');
INSERT INTO dis_relationship_master VALUES ('826SS1', 'C2', 'S39', 'SS1', 'D174', 'DM428');
INSERT INTO dis_relationship_diagnosis_to_diagnosis_modifier VALUES ('D174', 'DM428');
INSERT INTO diagnosis_modifiers VALUES ('DM429', 'CIRRHOSIS PRIMARY BILIARY');
INSERT INTO dis_relationship_master VALUES ('827SS1', 'C2', 'S39', 'SS1', 'D174', 'DM429');
INSERT INTO dis_relationship_diagnosis_to_diagnosis_modifier VALUES ('D174', 'DM429');
INSERT INTO diagnosis_modifiers VALUES ('DM430', 'COLLAGENOUS COLITIS');
INSERT INTO dis_relationship_master VALUES ('659SS186', 'C2', 'S67', 'SS186', 'D174', 'DM430');
INSERT INTO dis_relationship_diagnosis_to_diagnosis_modifier VALUES ('D174', 'DM430');
INSERT INTO dis_relationship_master VALUES ('659SS185', 'C2', 'S67', 'SS185', 'D174', 'DM430');
INSERT INTO dis_relationship_master VALUES ('659SS184', 'C2', 'S67', 'SS184', 'D174', 'DM430');
INSERT INTO dis_relationship_master VALUES ('659SS166', 'C2', 'S67', 'SS166', 'D174', 'DM430');
INSERT INTO dis_relationship_master VALUES ('659SS161', 'C2', 'S67', 'SS161', 'D174', 'DM430');
INSERT INTO dis_relationship_master VALUES ('659SS45', 'C2', 'S67', 'SS45', 'D174', 'DM430');
INSERT INTO dis_relationship_master VALUES ('659SS36', 'C2', 'S67', 'SS36', 'D174', 'DM430');
INSERT INTO dis_relationship_master VALUES ('659SS27', 'C2', 'S67', 'SS27', 'D174', 'DM430');
INSERT INTO dis_relationship_master VALUES ('659SS10', 'C2', 'S67', 'SS10', 'D174', 'DM430');
INSERT INTO diagnosis_modifiers VALUES ('DM431', 'CONGENITAL HEPATIC FIBROSIS ASSOCIATED WITH POLYCYSTIC KIDNEY DISEASE');
INSERT INTO dis_relationship_master VALUES ('105', 'C2', 'S0', 'SS0', 'D174', 'DM431');
INSERT INTO dis_relationship_diagnosis_to_diagnosis_modifier VALUES ('D174', 'DM431');
INSERT INTO diagnosis_modifiers VALUES ('DM432', 'CONGENITAL HEPATIC FIBROSIS NOT ASSOCIATED WITH POLYCYSTIC KIDNEY DISEASE');
INSERT INTO dis_relationship_master VALUES ('106', 'C2', 'S0', 'SS0', 'D174', 'DM432');
INSERT INTO dis_relationship_diagnosis_to_diagnosis_modifier VALUES ('D174', 'DM432');
INSERT INTO diagnosis_modifiers VALUES ('DM433', 'CROHNS DISEASE');
INSERT INTO dis_relationship_master VALUES ('1320SS166', 'C2', 'S76', 'SS166', 'D174', 'DM433');
INSERT INTO dis_relationship_diagnosis_to_diagnosis_modifier VALUES ('D174', 'DM433');
INSERT INTO dis_relationship_master VALUES ('1320SS91', 'C2', 'S76', 'SS91', 'D174', 'DM433');
INSERT INTO dis_relationship_master VALUES ('1320SS85', 'C2', 'S76', 'SS85', 'D174', 'DM433');
INSERT INTO dis_relationship_master VALUES ('1320SS84', 'C2', 'S76', 'SS84', 'D174', 'DM433');
INSERT INTO dis_relationship_master VALUES ('1320SS83', 'C2', 'S76', 'SS83', 'D174', 'DM433');
INSERT INTO dis_relationship_master VALUES ('1320SS48', 'C2', 'S76', 'SS48', 'D174', 'DM433');
INSERT INTO dis_relationship_master VALUES ('660SS186', 'C2', 'S67', 'SS186', 'D174', 'DM433');
INSERT INTO dis_relationship_master VALUES ('660SS185', 'C2', 'S67', 'SS185', 'D174', 'DM433');
INSERT INTO dis_relationship_master VALUES ('660SS184', 'C2', 'S67', 'SS184', 'D174', 'DM433');
INSERT INTO dis_relationship_master VALUES ('660SS166', 'C2', 'S67', 'SS166', 'D174', 'DM433');
INSERT INTO dis_relationship_master VALUES ('660SS161', 'C2', 'S67', 'SS161', 'D174', 'DM433');
INSERT INTO dis_relationship_master VALUES ('660SS45', 'C2', 'S67', 'SS45', 'D174', 'DM433');
INSERT INTO dis_relationship_master VALUES ('660SS36', 'C2', 'S67', 'SS36', 'D174', 'DM433');
INSERT INTO dis_relationship_master VALUES ('660SS27', 'C2', 'S67', 'SS27', 'D174', 'DM433');
INSERT INTO dis_relationship_master VALUES ('660SS10', 'C2', 'S67', 'SS10', 'D174', 'DM433');
INSERT INTO dis_relationship_master VALUES ('302SS166', 'C2', 'S60', 'SS166', 'D174', 'DM433');
INSERT INTO dis_relationship_master VALUES ('38SS1', 'C2', 'S6', 'SS1', 'D174', 'DM433');
INSERT INTO diagnosis_modifiers VALUES ('DM434', 'DIVERTICULITIS');
INSERT INTO dis_relationship_master VALUES ('1321SS166', 'C2', 'S76', 'SS166', 'D174', 'DM434');
INSERT INTO dis_relationship_diagnosis_to_diagnosis_modifier VALUES ('D174', 'DM434');
INSERT INTO dis_relationship_master VALUES ('1321SS91', 'C2', 'S76', 'SS91', 'D174', 'DM434');
INSERT INTO dis_relationship_master VALUES ('1321SS85', 'C2', 'S76', 'SS85', 'D174', 'DM434');
INSERT INTO dis_relationship_master VALUES ('1321SS84', 'C2', 'S76', 'SS84', 'D174', 'DM434');
INSERT INTO dis_relationship_master VALUES ('1321SS83', 'C2', 'S76', 'SS83', 'D174', 'DM434');
INSERT INTO dis_relationship_master VALUES ('1321SS48', 'C2', 'S76', 'SS48', 'D174', 'DM434');
INSERT INTO dis_relationship_master VALUES ('661SS186', 'C2', 'S67', 'SS186', 'D174', 'DM434');
INSERT INTO dis_relationship_master VALUES ('661SS185', 'C2', 'S67', 'SS185', 'D174', 'DM434');
INSERT INTO dis_relationship_master VALUES ('661SS184', 'C2', 'S67', 'SS184', 'D174', 'DM434');
INSERT INTO dis_relationship_master VALUES ('661SS166', 'C2', 'S67', 'SS166', 'D174', 'DM434');
INSERT INTO dis_relationship_master VALUES ('661SS161', 'C2', 'S67', 'SS161', 'D174', 'DM434');
INSERT INTO dis_relationship_master VALUES ('661SS45', 'C2', 'S67', 'SS45', 'D174', 'DM434');
INSERT INTO dis_relationship_master VALUES ('661SS36', 'C2', 'S67', 'SS36', 'D174', 'DM434');
INSERT INTO dis_relationship_master VALUES ('661SS27', 'C2', 'S67', 'SS27', 'D174', 'DM434');
INSERT INTO dis_relationship_master VALUES ('661SS10', 'C2', 'S67', 'SS10', 'D174', 'DM434');
INSERT INTO diagnosis_modifiers VALUES ('DM435', 'DIVERTICULOSIS');
INSERT INTO dis_relationship_master VALUES ('1322SS166', 'C2', 'S76', 'SS166', 'D174', 'DM435');
INSERT INTO dis_relationship_diagnosis_to_diagnosis_modifier VALUES ('D174', 'DM435');
INSERT INTO dis_relationship_master VALUES ('1322SS91', 'C2', 'S76', 'SS91', 'D174', 'DM435');
INSERT INTO dis_relationship_master VALUES ('1322SS85', 'C2', 'S76', 'SS85', 'D174', 'DM435');
INSERT INTO dis_relationship_master VALUES ('1322SS84', 'C2', 'S76', 'SS84', 'D174', 'DM435');
INSERT INTO dis_relationship_master VALUES ('1322SS83', 'C2', 'S76', 'SS83', 'D174', 'DM435');
INSERT INTO dis_relationship_master VALUES ('1322SS48', 'C2', 'S76', 'SS48', 'D174', 'DM435');
INSERT INTO dis_relationship_master VALUES ('662SS186', 'C2', 'S67', 'SS186', 'D174', 'DM435');
INSERT INTO dis_relationship_master VALUES ('662SS185', 'C2', 'S67', 'SS185', 'D174', 'DM435');
INSERT INTO dis_relationship_master VALUES ('662SS184', 'C2', 'S67', 'SS184', 'D174', 'DM435');
INSERT INTO dis_relationship_master VALUES ('662SS166', 'C2', 'S67', 'SS166', 'D174', 'DM435');
INSERT INTO dis_relationship_master VALUES ('662SS161', 'C2', 'S67', 'SS161', 'D174', 'DM435');
INSERT INTO dis_relationship_master VALUES ('662SS45', 'C2', 'S67', 'SS45', 'D174', 'DM435');
INSERT INTO dis_relationship_master VALUES ('662SS36', 'C2', 'S67', 'SS36', 'D174', 'DM435');
INSERT INTO dis_relationship_master VALUES ('662SS27', 'C2', 'S67', 'SS27', 'D174', 'DM435');
INSERT INTO dis_relationship_master VALUES ('662SS10', 'C2', 'S67', 'SS10', 'D174', 'DM435');
INSERT INTO diagnosis_modifiers VALUES ('DM436', 'DIVERTICULUM');
INSERT INTO dis_relationship_master VALUES ('1323SS166', 'C2', 'S76', 'SS166', 'D174', 'DM436');
INSERT INTO dis_relationship_diagnosis_to_diagnosis_modifier VALUES ('D174', 'DM436');
INSERT INTO dis_relationship_master VALUES ('1323SS91', 'C2', 'S76', 'SS91', 'D174', 'DM436');
INSERT INTO dis_relationship_master VALUES ('1323SS85', 'C2', 'S76', 'SS85', 'D174', 'DM436');
INSERT INTO dis_relationship_master VALUES ('1323SS84', 'C2', 'S76', 'SS84', 'D174', 'DM436');
INSERT INTO dis_relationship_master VALUES ('1323SS83', 'C2', 'S76', 'SS83', 'D174', 'DM436');
INSERT INTO dis_relationship_master VALUES ('1323SS48', 'C2', 'S76', 'SS48', 'D174', 'DM436');
INSERT INTO dis_relationship_master VALUES ('663SS186', 'C2', 'S67', 'SS186', 'D174', 'DM436');
INSERT INTO dis_relationship_master VALUES ('663SS185', 'C2', 'S67', 'SS185', 'D174', 'DM436');
INSERT INTO dis_relationship_master VALUES ('663SS184', 'C2', 'S67', 'SS184', 'D174', 'DM436');
INSERT INTO dis_relationship_master VALUES ('663SS166', 'C2', 'S67', 'SS166', 'D174', 'DM436');
INSERT INTO dis_relationship_master VALUES ('663SS161', 'C2', 'S67', 'SS161', 'D174', 'DM436');
INSERT INTO dis_relationship_master VALUES ('663SS45', 'C2', 'S67', 'SS45', 'D174', 'DM436');
INSERT INTO dis_relationship_master VALUES ('663SS36', 'C2', 'S67', 'SS36', 'D174', 'DM436');
INSERT INTO dis_relationship_master VALUES ('663SS27', 'C2', 'S67', 'SS27', 'D174', 'DM436');
INSERT INTO dis_relationship_master VALUES ('663SS10', 'C2', 'S67', 'SS10', 'D174', 'DM436');
INSERT INTO diagnosis_modifiers VALUES ('DM437', 'DUCTAL PLATE FORMATION');
INSERT INTO dis_relationship_master VALUES ('828SS1', 'C2', 'S39', 'SS1', 'D174', 'DM437');
INSERT INTO dis_relationship_diagnosis_to_diagnosis_modifier VALUES ('D174', 'DM437');
INSERT INTO diagnosis_modifiers VALUES ('DM438', 'GASTRITIS');
INSERT INTO dis_relationship_master VALUES ('1434SS166', 'C2', 'S100', 'SS166', 'D174', 'DM438');
INSERT INTO dis_relationship_diagnosis_to_diagnosis_modifier VALUES ('D174', 'DM438');
INSERT INTO dis_relationship_master VALUES ('1434SS147', 'C2', 'S100', 'SS147', 'D174', 'DM438');
INSERT INTO dis_relationship_master VALUES ('1434SS145', 'C2', 'S100', 'SS145', 'D174', 'DM438');
INSERT INTO dis_relationship_master VALUES ('1434SS68', 'C2', 'S100', 'SS68', 'D174', 'DM438');
INSERT INTO dis_relationship_master VALUES ('1434SS5', 'C2', 'S100', 'SS5', 'D174', 'DM438');
INSERT INTO dis_relationship_master VALUES ('1434SS24', 'C2', 'S100', 'SS24', 'D174', 'DM438');
INSERT INTO diagnosis_modifiers VALUES ('DM439', 'GASTRITIS - ATROPHIC');
INSERT INTO dis_relationship_master VALUES ('1435SS166', 'C2', 'S100', 'SS166', 'D174', 'DM439');
INSERT INTO dis_relationship_diagnosis_to_diagnosis_modifier VALUES ('D174', 'DM439');
INSERT INTO dis_relationship_master VALUES ('1435SS147', 'C2', 'S100', 'SS147', 'D174', 'DM439');
INSERT INTO dis_relationship_master VALUES ('1435SS145', 'C2', 'S100', 'SS145', 'D174', 'DM439');
INSERT INTO dis_relationship_master VALUES ('1435SS68', 'C2', 'S100', 'SS68', 'D174', 'DM439');
INSERT INTO dis_relationship_master VALUES ('1435SS5', 'C2', 'S100', 'SS5', 'D174', 'DM439');
INSERT INTO dis_relationship_master VALUES ('1435SS24', 'C2', 'S100', 'SS24', 'D174', 'DM439');
INSERT INTO diagnosis_modifiers VALUES ('DM440', 'GASTRITIS WITH DYSPLASIA');
INSERT INTO dis_relationship_master VALUES ('1436SS166', 'C5', 'S100', 'SS166', 'D174', 'DM440');
INSERT INTO dis_relationship_diagnosis_to_diagnosis_modifier VALUES ('D174', 'DM440');
INSERT INTO dis_relationship_master VALUES ('1436SS147', 'C5', 'S100', 'SS147', 'D174', 'DM440');
INSERT INTO dis_relationship_master VALUES ('1436SS145', 'C5', 'S100', 'SS145', 'D174', 'DM440');
INSERT INTO dis_relationship_master VALUES ('1436SS68', 'C5', 'S100', 'SS68', 'D174', 'DM440');
INSERT INTO dis_relationship_master VALUES ('1436SS5', 'C5', 'S100', 'SS5', 'D174', 'DM440');
INSERT INTO dis_relationship_master VALUES ('1436SS24', 'C5', 'S100', 'SS24', 'D174', 'DM440');
INSERT INTO diagnosis_modifiers VALUES ('DM441', 'HEPATITIS - AUTOIMMUNE');
INSERT INTO dis_relationship_master VALUES ('829SS1', 'C2', 'S39', 'SS1', 'D174', 'DM441');
INSERT INTO dis_relationship_diagnosis_to_diagnosis_modifier VALUES ('D174', 'DM441');
INSERT INTO diagnosis_modifiers VALUES ('DM442', 'HEPATITIS - VIRAL');
INSERT INTO dis_relationship_master VALUES ('830SS1', 'C2', 'S39', 'SS1', 'D174', 'DM442');
INSERT INTO dis_relationship_diagnosis_to_diagnosis_modifier VALUES ('D174', 'DM442');
INSERT INTO diagnosis_modifiers VALUES ('DM443', 'HYPERTROPHIC GASTRITIS (M&N&TRIER DISEASE)');
INSERT INTO dis_relationship_master VALUES ('1437SS166', 'C2', 'S100', 'SS166', 'D174', 'DM443');
INSERT INTO dis_relationship_diagnosis_to_diagnosis_modifier VALUES ('D174', 'DM443');
INSERT INTO dis_relationship_master VALUES ('1437SS147', 'C2', 'S100', 'SS147', 'D174', 'DM443');
INSERT INTO dis_relationship_master VALUES ('1437SS145', 'C2', 'S100', 'SS145', 'D174', 'DM443');
INSERT INTO dis_relationship_master VALUES ('1437SS68', 'C2', 'S100', 'SS68', 'D174', 'DM443');
INSERT INTO dis_relationship_master VALUES ('1437SS5', 'C2', 'S100', 'SS5', 'D174', 'DM443');
INSERT INTO dis_relationship_master VALUES ('1437SS24', 'C2', 'S100', 'SS24', 'D174', 'DM443');
INSERT INTO diagnosis_modifiers VALUES ('DM444', 'INFLAMMATORY BOWEL DISEASE');
INSERT INTO dis_relationship_master VALUES ('1324SS166', 'C2', 'S76', 'SS166', 'D174', 'DM444');
INSERT INTO dis_relationship_diagnosis_to_diagnosis_modifier VALUES ('D174', 'DM444');
INSERT INTO dis_relationship_master VALUES ('1324SS91', 'C2', 'S76', 'SS91', 'D174', 'DM444');
INSERT INTO dis_relationship_master VALUES ('1324SS85', 'C2', 'S76', 'SS85', 'D174', 'DM444');
INSERT INTO dis_relationship_master VALUES ('1324SS84', 'C2', 'S76', 'SS84', 'D174', 'DM444');
INSERT INTO dis_relationship_master VALUES ('1324SS83', 'C2', 'S76', 'SS83', 'D174', 'DM444');
INSERT INTO dis_relationship_master VALUES ('1324SS48', 'C2', 'S76', 'SS48', 'D174', 'DM444');
INSERT INTO diagnosis_modifiers VALUES ('DM445', 'LYMPHOCYTIC COLITIS');
INSERT INTO dis_relationship_master VALUES ('664SS186', 'C2', 'S67', 'SS186', 'D174', 'DM445');
INSERT INTO dis_relationship_diagnosis_to_diagnosis_modifier VALUES ('D174', 'DM445');
INSERT INTO dis_relationship_master VALUES ('664SS185', 'C2', 'S67', 'SS185', 'D174', 'DM445');
INSERT INTO dis_relationship_master VALUES ('664SS184', 'C2', 'S67', 'SS184', 'D174', 'DM445');
INSERT INTO dis_relationship_master VALUES ('664SS166', 'C2', 'S67', 'SS166', 'D174', 'DM445');
INSERT INTO dis_relationship_master VALUES ('664SS161', 'C2', 'S67', 'SS161', 'D174', 'DM445');
INSERT INTO dis_relationship_master VALUES ('664SS45', 'C2', 'S67', 'SS45', 'D174', 'DM445');
INSERT INTO dis_relationship_master VALUES ('664SS36', 'C2', 'S67', 'SS36', 'D174', 'DM445');
INSERT INTO dis_relationship_master VALUES ('664SS27', 'C2', 'S67', 'SS27', 'D174', 'DM445');
INSERT INTO dis_relationship_master VALUES ('664SS10', 'C2', 'S67', 'SS10', 'D174', 'DM445');
INSERT INTO diagnosis_modifiers VALUES ('DM446', 'NASH (NON ALCOHOLIC STEATOHEPATITIS)');
INSERT INTO dis_relationship_master VALUES ('831SS1', 'C2', 'S39', 'SS1', 'D174', 'DM446');
INSERT INTO dis_relationship_diagnosis_to_diagnosis_modifier VALUES ('D174', 'DM446');
INSERT INTO diagnosis_modifiers VALUES ('DM447', 'NECROTIZING ENTEROCOLITIS');
INSERT INTO dis_relationship_master VALUES ('1325SS166', 'C2', 'S76', 'SS166', 'D174', 'DM447');
INSERT INTO dis_relationship_diagnosis_to_diagnosis_modifier VALUES ('D174', 'DM447');
INSERT INTO dis_relationship_master VALUES ('1325SS91', 'C2', 'S76', 'SS91', 'D174', 'DM447');
INSERT INTO dis_relationship_master VALUES ('1325SS85', 'C2', 'S76', 'SS85', 'D174', 'DM447');
INSERT INTO dis_relationship_master VALUES ('1325SS84', 'C2', 'S76', 'SS84', 'D174', 'DM447');
INSERT INTO dis_relationship_master VALUES ('1325SS83', 'C2', 'S76', 'SS83', 'D174', 'DM447');
INSERT INTO dis_relationship_master VALUES ('1325SS48', 'C2', 'S76', 'SS48', 'D174', 'DM447');
INSERT INTO dis_relationship_master VALUES ('665SS186', 'C2', 'S67', 'SS186', 'D174', 'DM447');
INSERT INTO dis_relationship_master VALUES ('665SS185', 'C2', 'S67', 'SS185', 'D174', 'DM447');
INSERT INTO dis_relationship_master VALUES ('665SS184', 'C2', 'S67', 'SS184', 'D174', 'DM447');
INSERT INTO dis_relationship_master VALUES ('665SS166', 'C2', 'S67', 'SS166', 'D174', 'DM447');
INSERT INTO dis_relationship_master VALUES ('665SS161', 'C2', 'S67', 'SS161', 'D174', 'DM447');
INSERT INTO dis_relationship_master VALUES ('665SS45', 'C2', 'S67', 'SS45', 'D174', 'DM447');
INSERT INTO dis_relationship_master VALUES ('665SS36', 'C2', 'S67', 'SS36', 'D174', 'DM447');
INSERT INTO dis_relationship_master VALUES ('665SS27', 'C2', 'S67', 'SS27', 'D174', 'DM447');
INSERT INTO dis_relationship_master VALUES ('665SS10', 'C2', 'S67', 'SS10', 'D174', 'DM447');
INSERT INTO diagnosis_modifiers VALUES ('DM448', 'PANCREATITIS');
INSERT INTO dis_relationship_master VALUES ('1089SS175', 'C2', 'S24', 'SS175', 'D174', 'DM448');
INSERT INTO dis_relationship_diagnosis_to_diagnosis_modifier VALUES ('D174', 'DM448');
INSERT INTO dis_relationship_master VALUES ('1089SS123', 'C2', 'S24', 'SS123', 'D174', 'DM448');
INSERT INTO diagnosis_modifiers VALUES ('DM449', 'PANCREATITIS - ACUTE');
INSERT INTO dis_relationship_master VALUES ('1090SS175', 'C2', 'S24', 'SS175', 'D174', 'DM449');
INSERT INTO dis_relationship_diagnosis_to_diagnosis_modifier VALUES ('D174', 'DM449');
INSERT INTO dis_relationship_master VALUES ('1090SS123', 'C2', 'S24', 'SS123', 'D174', 'DM449');
INSERT INTO diagnosis_modifiers VALUES ('DM450', 'PANCREATITIS - CHRONIC');
INSERT INTO dis_relationship_master VALUES ('1091SS175', 'C2', 'S24', 'SS175', 'D174', 'DM450');
INSERT INTO dis_relationship_diagnosis_to_diagnosis_modifier VALUES ('D174', 'DM450');
INSERT INTO dis_relationship_master VALUES ('1091SS123', 'C2', 'S24', 'SS123', 'D174', 'DM450');
INSERT INTO diagnosis_modifiers VALUES ('DM451', 'POLYCYSTIC LIVER DISEASE');
INSERT INTO dis_relationship_master VALUES ('832SS1', 'C2', 'S39', 'SS1', 'D174', 'DM451');
INSERT INTO dis_relationship_diagnosis_to_diagnosis_modifier VALUES ('D174', 'DM451');
INSERT INTO diagnosis_modifiers VALUES ('DM452', 'PRIMARY SCLEROSING CHOLANGITIS');
INSERT INTO dis_relationship_master VALUES ('833SS1', 'C2', 'S39', 'SS1', 'D174', 'DM452');
INSERT INTO dis_relationship_diagnosis_to_diagnosis_modifier VALUES ('D174', 'DM452');
INSERT INTO diagnosis_modifiers VALUES ('DM453', 'SEBORRHEIC DERMATITIS');
INSERT INTO dis_relationship_master VALUES ('1263SS157', 'C2', 'S1', 'SS157', 'D174', 'DM453');
INSERT INTO dis_relationship_diagnosis_to_diagnosis_modifier VALUES ('D174', 'DM453');
INSERT INTO dis_relationship_master VALUES ('1263SS156', 'C2', 'S1', 'SS156', 'D174', 'DM453');
INSERT INTO dis_relationship_master VALUES ('1263SS98', 'C2', 'S1', 'SS98', 'D174', 'DM453');
INSERT INTO dis_relationship_master VALUES ('1263SS73', 'C2', 'S1', 'SS73', 'D174', 'DM453');
INSERT INTO dis_relationship_master VALUES ('1263SS66', 'C2', 'S1', 'SS66', 'D174', 'DM453');
INSERT INTO dis_relationship_master VALUES ('1263SS65', 'C2', 'S1', 'SS65', 'D174', 'DM453');
INSERT INTO dis_relationship_master VALUES ('1263SS57', 'C2', 'S1', 'SS57', 'D174', 'DM453');
INSERT INTO dis_relationship_master VALUES ('1263SS19', 'C2', 'S1', 'SS19', 'D174', 'DM453');
INSERT INTO dis_relationship_master VALUES ('1263SS8', 'C2', 'S1', 'SS8', 'D174', 'DM453');
INSERT INTO dis_relationship_master VALUES ('1263SS2', 'C2', 'S1', 'SS2', 'D174', 'DM453');
INSERT INTO diagnosis_modifiers VALUES ('DM454', 'STEATOHEPATITIS');
INSERT INTO dis_relationship_master VALUES ('834SS1', 'C2', 'S39', 'SS1', 'D174', 'DM454');
INSERT INTO dis_relationship_diagnosis_to_diagnosis_modifier VALUES ('D174', 'DM454');
INSERT INTO diagnosis_modifiers VALUES ('DM455', 'STEATOSIS (FATTY LIVER)');
INSERT INTO dis_relationship_master VALUES ('835SS1', 'C2', 'S39', 'SS1', 'D174', 'DM455');
INSERT INTO dis_relationship_diagnosis_to_diagnosis_modifier VALUES ('D174', 'DM455');
INSERT INTO diagnosis_modifiers VALUES ('DM456', 'ULCERATIVE COLITIS');
INSERT INTO dis_relationship_master VALUES ('666SS186', 'C2', 'S67', 'SS186', 'D174', 'DM456');
INSERT INTO dis_relationship_diagnosis_to_diagnosis_modifier VALUES ('D174', 'DM456');
INSERT INTO dis_relationship_master VALUES ('666SS185', 'C2', 'S67', 'SS185', 'D174', 'DM456');
INSERT INTO dis_relationship_master VALUES ('666SS184', 'C2', 'S67', 'SS184', 'D174', 'DM456');
INSERT INTO dis_relationship_master VALUES ('666SS166', 'C2', 'S67', 'SS166', 'D174', 'DM456');
INSERT INTO dis_relationship_master VALUES ('666SS161', 'C2', 'S67', 'SS161', 'D174', 'DM456');
INSERT INTO dis_relationship_master VALUES ('666SS45', 'C2', 'S67', 'SS45', 'D174', 'DM456');
INSERT INTO dis_relationship_master VALUES ('666SS36', 'C2', 'S67', 'SS36', 'D174', 'DM456');
INSERT INTO dis_relationship_master VALUES ('666SS27', 'C2', 'S67', 'SS27', 'D174', 'DM456');
INSERT INTO dis_relationship_master VALUES ('666SS10', 'C2', 'S67', 'SS10', 'D174', 'DM456');
INSERT INTO dis_relationship_master VALUES ('303SS166', 'C2', 'S60', 'SS166', 'D174', 'DM456');
INSERT INTO diagnosis_modifiers VALUES ('DM457', 'WHIPPLES DISEASE');
INSERT INTO dis_relationship_master VALUES ('1326SS166', 'C2', 'S76', 'SS166', 'D174', 'DM457');
INSERT INTO dis_relationship_diagnosis_to_diagnosis_modifier VALUES ('D174', 'DM457');
INSERT INTO dis_relationship_master VALUES ('1326SS91', 'C2', 'S76', 'SS91', 'D174', 'DM457');
INSERT INTO dis_relationship_master VALUES ('1326SS85', 'C2', 'S76', 'SS85', 'D174', 'DM457');
INSERT INTO dis_relationship_master VALUES ('1326SS84', 'C2', 'S76', 'SS84', 'D174', 'DM457');
INSERT INTO dis_relationship_master VALUES ('1326SS83', 'C2', 'S76', 'SS83', 'D174', 'DM457');
INSERT INTO dis_relationship_master VALUES ('1326SS48', 'C2', 'S76', 'SS48', 'D174', 'DM457');
INSERT INTO diagnosis_modifiers VALUES ('DM458', 'ZOLLINGER-ELLISON DISEASE (PEPTIC ULCER)');
INSERT INTO dis_relationship_master VALUES ('107', 'C2', 'S0', 'SS0', 'D174', 'DM458');
INSERT INTO dis_relationship_diagnosis_to_diagnosis_modifier VALUES ('D174', 'DM458');
INSERT INTO diagnosis_modifiers VALUES ('DM459', 'ALPHA-1 ANTITRYPSIN DEFICIENCY');
INSERT INTO dis_relationship_master VALUES ('1583SS173', 'C2', 'S88', 'SS173', 'D175', 'DM459');
INSERT INTO dis_relationship_diagnosis_to_diagnosis_modifier VALUES ('D175', 'DM459');
INSERT INTO dis_relationship_master VALUES ('1583SS150', 'C2', 'S88', 'SS150', 'D175', 'DM459');
INSERT INTO dis_relationship_master VALUES ('1583SS93', 'C2', 'S88', 'SS93', 'D175', 'DM459');
INSERT INTO dis_relationship_master VALUES ('1583SS87', 'C2', 'S88', 'SS87', 'D175', 'DM459');
INSERT INTO dis_relationship_master VALUES ('1583SS58', 'C2', 'S88', 'SS58', 'D175', 'DM459');
INSERT INTO dis_relationship_master VALUES ('872SS125', 'C2', 'S94', 'SS125', 'D175', 'DM459');
INSERT INTO dis_relationship_master VALUES ('836SS1', 'C2', 'S39', 'SS1', 'D175', 'DM459');
INSERT INTO dis_relationship_master VALUES ('324SS194', 'C2', 'S9', 'SS194', 'D175', 'DM459');
INSERT INTO dis_relationship_master VALUES ('324SS166', 'C2', 'S9', 'SS166', 'D175', 'DM459');
INSERT INTO dis_relationship_master VALUES ('324SS150', 'C2', 'S9', 'SS150', 'D175', 'DM459');
INSERT INTO dis_relationship_master VALUES ('324SS143', 'C2', 'S9', 'SS143', 'D175', 'DM459');
INSERT INTO dis_relationship_master VALUES ('324SS30', 'C2', 'S9', 'SS30', 'D175', 'DM459');
INSERT INTO dis_relationship_master VALUES ('324SS28', 'C2', 'S9', 'SS28', 'D175', 'DM459');
INSERT INTO dis_relationship_master VALUES ('324SS26', 'C2', 'S9', 'SS26', 'D175', 'DM459');
INSERT INTO dis_relationship_master VALUES ('324SS6', 'C2', 'S9', 'SS6', 'D175', 'DM459');
INSERT INTO diagnosis_modifiers VALUES ('DM460', 'CYSTIC FIBROSIS');
INSERT INTO dis_relationship_master VALUES ('1584SS173', 'C2', 'S88', 'SS173', 'D175', 'DM460');
INSERT INTO dis_relationship_diagnosis_to_diagnosis_modifier VALUES ('D175', 'DM460');
INSERT INTO dis_relationship_master VALUES ('1584SS150', 'C2', 'S88', 'SS150', 'D175', 'DM460');
INSERT INTO dis_relationship_master VALUES ('1584SS93', 'C2', 'S88', 'SS93', 'D175', 'DM460');
INSERT INTO dis_relationship_master VALUES ('1584SS87', 'C2', 'S88', 'SS87', 'D175', 'DM460');
INSERT INTO dis_relationship_master VALUES ('1584SS58', 'C2', 'S88', 'SS58', 'D175', 'DM460');
INSERT INTO dis_relationship_master VALUES ('1517', 'C2', 'S46', 'SS0', 'D175', 'DM460');
INSERT INTO dis_relationship_master VALUES ('1092SS175', 'C2', 'S24', 'SS175', 'D175', 'DM460');
INSERT INTO dis_relationship_master VALUES ('1092SS123', 'C2', 'S24', 'SS123', 'D175', 'DM460');
INSERT INTO dis_relationship_master VALUES ('873SS125', 'C2', 'S94', 'SS125', 'D175', 'DM460');
INSERT INTO dis_relationship_master VALUES ('618SS89', 'C2', 'S63', 'SS89', 'D175', 'DM460');
INSERT INTO dis_relationship_master VALUES ('325SS194', 'C2', 'S9', 'SS194', 'D175', 'DM460');
INSERT INTO dis_relationship_master VALUES ('325SS166', 'C2', 'S9', 'SS166', 'D175', 'DM460');
INSERT INTO dis_relationship_master VALUES ('325SS150', 'C2', 'S9', 'SS150', 'D175', 'DM460');
INSERT INTO dis_relationship_master VALUES ('325SS143', 'C2', 'S9', 'SS143', 'D175', 'DM460');
INSERT INTO dis_relationship_master VALUES ('325SS30', 'C2', 'S9', 'SS30', 'D175', 'DM460');
INSERT INTO dis_relationship_master VALUES ('325SS28', 'C2', 'S9', 'SS28', 'D175', 'DM460');
INSERT INTO dis_relationship_master VALUES ('325SS26', 'C2', 'S9', 'SS26', 'D175', 'DM460');
INSERT INTO dis_relationship_master VALUES ('325SS6', 'C2', 'S9', 'SS6', 'D175', 'DM460');
INSERT INTO dis_relationship_master VALUES ('108', 'C2', 'S0', 'SS0', 'D175', 'DM460');
INSERT INTO diagnosis_modifiers VALUES ('DM461', 'GAUCHERS DISEASE');
INSERT INTO dis_relationship_master VALUES ('109', 'C2', 'S0', 'SS0', 'D175', 'DM461');
INSERT INTO dis_relationship_diagnosis_to_diagnosis_modifier VALUES ('D175', 'DM461');
INSERT INTO diagnosis_modifiers VALUES ('DM462', 'GLYCOGEN STORAGE DISEASE');
INSERT INTO dis_relationship_master VALUES ('110', 'C2', 'S0', 'SS0', 'D175', 'DM462');
INSERT INTO dis_relationship_diagnosis_to_diagnosis_modifier VALUES ('D175', 'DM462');
INSERT INTO diagnosis_modifiers VALUES ('DM463', 'HEREDITARY DEGENERATIVE DISEASES');
INSERT INTO dis_relationship_master VALUES ('111', 'C2', 'S0', 'SS0', 'D175', 'DM463');
INSERT INTO dis_relationship_diagnosis_to_diagnosis_modifier VALUES ('D175', 'DM463');
INSERT INTO diagnosis_modifiers VALUES ('DM464', 'HEREDITARY DISORDER OF BILIRUBIN METABOLISM');
INSERT INTO dis_relationship_master VALUES ('112', 'C2', 'S0', 'SS0', 'D175', 'DM464');
INSERT INTO dis_relationship_diagnosis_to_diagnosis_modifier VALUES ('D175', 'DM464');
INSERT INTO diagnosis_modifiers VALUES ('DM465', 'HEREDITARY MYOPATHIES (MUSCULAR DYSTROPHY)');
INSERT INTO dis_relationship_master VALUES ('113', 'C2', 'S0', 'SS0', 'D175', 'DM465');
INSERT INTO dis_relationship_diagnosis_to_diagnosis_modifier VALUES ('D175', 'DM465');
INSERT INTO diagnosis_modifiers VALUES ('DM466', 'HEREDITARY NEUROPATHIES');
INSERT INTO dis_relationship_master VALUES ('114', 'C2', 'S0', 'SS0', 'D175', 'DM466');
INSERT INTO dis_relationship_diagnosis_to_diagnosis_modifier VALUES ('D175', 'DM466');
INSERT INTO diagnosis_modifiers VALUES ('DM467', 'HEREDITARY SPHEROCYTOSIS');
INSERT INTO dis_relationship_master VALUES ('358SS198', 'C2', 'S22', 'SS198', 'D175', 'DM467');
INSERT INTO dis_relationship_diagnosis_to_diagnosis_modifier VALUES ('D175', 'DM467');
INSERT INTO dis_relationship_master VALUES ('358SS159', 'C2', 'S22', 'SS159', 'D175', 'DM467');
INSERT INTO dis_relationship_master VALUES ('358SS140', 'C2', 'S22', 'SS140', 'D175', 'DM467');
INSERT INTO dis_relationship_master VALUES ('358SS23', 'C2', 'S22', 'SS23', 'D175', 'DM467');
INSERT INTO diagnosis_modifiers VALUES ('DM468', 'HERITABLE DISORDERS OF CONNECTIVE TISSUE');
INSERT INTO dis_relationship_master VALUES ('115', 'C2', 'S0', 'SS0', 'D175', 'DM468');
INSERT INTO dis_relationship_diagnosis_to_diagnosis_modifier VALUES ('D175', 'DM468');
INSERT INTO diagnosis_modifiers VALUES ('DM469', 'HIRSCHSPRUNGS DISEASE');
INSERT INTO dis_relationship_master VALUES ('1180SS166', 'C2', 'S64', 'SS166', 'D175', 'DM469');
INSERT INTO dis_relationship_diagnosis_to_diagnosis_modifier VALUES ('D175', 'DM469');
INSERT INTO dis_relationship_master VALUES ('667SS186', 'C2', 'S67', 'SS186', 'D175', 'DM469');
INSERT INTO dis_relationship_master VALUES ('667SS185', 'C2', 'S67', 'SS185', 'D175', 'DM469');
INSERT INTO dis_relationship_master VALUES ('667SS184', 'C2', 'S67', 'SS184', 'D175', 'DM469');
INSERT INTO dis_relationship_master VALUES ('667SS166', 'C2', 'S67', 'SS166', 'D175', 'DM469');
INSERT INTO dis_relationship_master VALUES ('667SS161', 'C2', 'S67', 'SS161', 'D175', 'DM469');
INSERT INTO dis_relationship_master VALUES ('667SS45', 'C2', 'S67', 'SS45', 'D175', 'DM469');
INSERT INTO dis_relationship_master VALUES ('667SS36', 'C2', 'S67', 'SS36', 'D175', 'DM469');
INSERT INTO dis_relationship_master VALUES ('667SS27', 'C2', 'S67', 'SS27', 'D175', 'DM469');
INSERT INTO dis_relationship_master VALUES ('667SS10', 'C2', 'S67', 'SS10', 'D175', 'DM469');
INSERT INTO diagnosis_modifiers VALUES ('DM470', 'SICKLE CELL');
INSERT INTO dis_relationship_master VALUES ('359SS198', 'C2', 'S22', 'SS198', 'D175', 'DM470');
INSERT INTO dis_relationship_diagnosis_to_diagnosis_modifier VALUES ('D175', 'DM470');
INSERT INTO dis_relationship_master VALUES ('359SS159', 'C2', 'S22', 'SS159', 'D175', 'DM470');
INSERT INTO dis_relationship_master VALUES ('359SS140', 'C2', 'S22', 'SS140', 'D175', 'DM470');
INSERT INTO dis_relationship_master VALUES ('359SS23', 'C2', 'S22', 'SS23', 'D175', 'DM470');
INSERT INTO diagnosis_modifiers VALUES ('DM471', 'STORAGE DISEASE');
INSERT INTO dis_relationship_master VALUES ('1367SS1', 'C2', 'S50', 'SS1', 'D175', 'DM471');
INSERT INTO dis_relationship_diagnosis_to_diagnosis_modifier VALUES ('D175', 'DM471');
INSERT INTO dis_relationship_master VALUES ('837SS1', 'C2', 'S39', 'SS1', 'D175', 'DM471');
INSERT INTO diagnoses VALUES ('D283', 'GERM CELL TUMOR');
INSERT INTO dis_relationship_master VALUES ('1124SS1', 'C6', 'S17', 'SS1', 'D283', 'DM2');
INSERT INTO dis_relationship_diagnosis_to_diagnosis_modifier VALUES ('D283', 'DM2');
INSERT INTO dis_relationship_master VALUES ('1041SS137', 'C6', 'S35', 'SS137', 'D283', 'DM2');
INSERT INTO dis_relationship_master VALUES ('1041SS52', 'C6', 'S35', 'SS52', 'D283', 'DM2');
INSERT INTO dis_relationship_master VALUES ('1041SS80', 'C6', 'S35', 'SS80', 'D283', 'DM2');
INSERT INTO dis_relationship_master VALUES ('1041SS42', 'C6', 'S35', 'SS42', 'D283', 'DM2');
INSERT INTO dis_relationship_master VALUES ('1041SS41', 'C6', 'S35', 'SS41', 'D283', 'DM2');
INSERT INTO dis_relationship_master VALUES ('2278', 'C6', 'S0', 'SS0', 'D283', 'DM2');
INSERT INTO dis_relationship_master VALUES ('1837', 'C0', 'S0', 'SS0', 'D283', 'DM2');
INSERT INTO diagnoses VALUES ('D284', 'GERM CELL TUMOR MIXED');
INSERT INTO dis_relationship_master VALUES ('1458SS1', 'C6', 'S42', 'SS1', 'D284', 'DM2');
INSERT INTO dis_relationship_diagnosis_to_diagnosis_modifier VALUES ('D284', 'DM2');
INSERT INTO dis_relationship_master VALUES ('1042SS137', 'C6', 'S35', 'SS137', 'D284', 'DM2');
INSERT INTO dis_relationship_master VALUES ('1042SS52', 'C6', 'S35', 'SS52', 'D284', 'DM2');
INSERT INTO dis_relationship_master VALUES ('1042SS80', 'C6', 'S35', 'SS80', 'D284', 'DM2');
INSERT INTO dis_relationship_master VALUES ('1042SS42', 'C6', 'S35', 'SS42', 'D284', 'DM2');
INSERT INTO dis_relationship_master VALUES ('1042SS41', 'C6', 'S35', 'SS41', 'D284', 'DM2');
INSERT INTO dis_relationship_master VALUES ('1947', 'C0', 'S0', 'SS0', 'D284', 'DM2');
INSERT INTO dis_relationship_master VALUES ('515SS192', 'C6', 'S31', 'SS192', 'D284', 'DM2');
INSERT INTO dis_relationship_master VALUES ('515SS177', 'C6', 'S31', 'SS177', 'D284', 'DM2');
INSERT INTO dis_relationship_master VALUES ('515SS176', 'C6', 'S31', 'SS176', 'D284', 'DM2');
INSERT INTO dis_relationship_master VALUES ('515SS126', 'C6', 'S31', 'SS126', 'D284', 'DM2');
INSERT INTO dis_relationship_master VALUES ('515SS119', 'C6', 'S31', 'SS119', 'D284', 'DM2');
INSERT INTO dis_relationship_master VALUES ('515SS82', 'C6', 'S31', 'SS82', 'D284', 'DM2');
INSERT INTO dis_relationship_master VALUES ('515SS78', 'C6', 'S31', 'SS78', 'D284', 'DM2');
INSERT INTO dis_relationship_master VALUES ('515SS67', 'C6', 'S31', 'SS67', 'D284', 'DM2');
INSERT INTO dis_relationship_master VALUES ('515SS49', 'C6', 'S31', 'SS49', 'D284', 'DM2');
INSERT INTO dis_relationship_master VALUES ('515SS42', 'C6', 'S31', 'SS42', 'D284', 'DM2');
INSERT INTO dis_relationship_master VALUES ('515SS40', 'C6', 'S31', 'SS40', 'D284', 'DM2');
INSERT INTO dis_relationship_master VALUES ('515SS35', 'C6', 'S31', 'SS35', 'D284', 'DM2');
INSERT INTO dis_relationship_master VALUES ('515SS31', 'C6', 'S31', 'SS31', 'D284', 'DM2');
INSERT INTO dis_relationship_master VALUES ('515SS29', 'C6', 'S31', 'SS29', 'D284', 'DM2');
INSERT INTO dis_relationship_master VALUES ('515SS17', 'C6', 'S31', 'SS17', 'D284', 'DM2');
INSERT INTO diagnoses VALUES ('D285', 'GERM CELL-SEX CORD MIXED -STROMAL TUMOR');
INSERT INTO dis_relationship_master VALUES ('1459SS1', 'C6', 'S42', 'SS1', 'D285', 'DM2');
INSERT INTO dis_relationship_diagnosis_to_diagnosis_modifier VALUES ('D285', 'DM2');
INSERT INTO dis_relationship_master VALUES ('2107', 'C0', 'S0', 'SS0', 'D285', 'DM2');
INSERT INTO diagnoses VALUES ('D286', 'GIANT CELL ANGIOBLASTOMA');
INSERT INTO dis_relationship_master VALUES ('1585SS173', 'C1', 'S88', 'SS173', 'D286', 'DM2');
INSERT INTO dis_relationship_diagnosis_to_diagnosis_modifier VALUES ('D286', 'DM2');
INSERT INTO dis_relationship_master VALUES ('1585SS150', 'C1', 'S88', 'SS150', 'D286', 'DM2');
INSERT INTO dis_relationship_master VALUES ('1585SS93', 'C1', 'S88', 'SS93', 'D286', 'DM2');
INSERT INTO dis_relationship_master VALUES ('1585SS87', 'C1', 'S88', 'SS87', 'D286', 'DM2');
INSERT INTO dis_relationship_master VALUES ('1585SS58', 'C1', 'S88', 'SS58', 'D286', 'DM2');
INSERT INTO dis_relationship_master VALUES ('1902', 'C0', 'S0', 'SS0', 'D286', 'DM2');
INSERT INTO dis_relationship_master VALUES ('326SS194', 'C1', 'S9', 'SS194', 'D286', 'DM2');
INSERT INTO dis_relationship_master VALUES ('326SS166', 'C1', 'S9', 'SS166', 'D286', 'DM2');
INSERT INTO dis_relationship_master VALUES ('326SS150', 'C1', 'S9', 'SS150', 'D286', 'DM2');
INSERT INTO dis_relationship_master VALUES ('326SS143', 'C1', 'S9', 'SS143', 'D286', 'DM2');
INSERT INTO dis_relationship_master VALUES ('326SS30', 'C1', 'S9', 'SS30', 'D286', 'DM2');
INSERT INTO dis_relationship_master VALUES ('326SS28', 'C1', 'S9', 'SS28', 'D286', 'DM2');
INSERT INTO dis_relationship_master VALUES ('326SS26', 'C1', 'S9', 'SS26', 'D286', 'DM2');
INSERT INTO dis_relationship_master VALUES ('326SS6', 'C1', 'S9', 'SS6', 'D286', 'DM2');
INSERT INTO diagnoses VALUES ('D287', 'GIANT CELL TUMOR');
INSERT INTO dis_relationship_master VALUES ('1450SS1', 'C7', 'S55', 'SS1', 'D287', 'DM2');
INSERT INTO dis_relationship_diagnosis_to_diagnosis_modifier VALUES ('D287', 'DM2');
INSERT INTO dis_relationship_master VALUES ('2306', 'C7', 'S0', 'SS0', 'D287', 'DM2');
INSERT INTO dis_relationship_master VALUES ('2037', 'C0', 'S0', 'SS0', 'D287', 'DM2');
INSERT INTO dis_relationship_master VALUES ('431SS188', 'C7', 'S92', 'SS188', 'D287', 'DM2');
INSERT INTO dis_relationship_master VALUES ('431SS179', 'C7', 'S92', 'SS179', 'D287', 'DM2');
INSERT INTO dis_relationship_master VALUES ('431SS168', 'C7', 'S92', 'SS168', 'D287', 'DM2');
INSERT INTO dis_relationship_master VALUES ('431SS165', 'C7', 'S92', 'SS165', 'D287', 'DM2');
INSERT INTO dis_relationship_master VALUES ('431SS153', 'C7', 'S92', 'SS153', 'D287', 'DM2');
INSERT INTO dis_relationship_master VALUES ('431SS149', 'C7', 'S92', 'SS149', 'D287', 'DM2');
INSERT INTO dis_relationship_master VALUES ('431SS128', 'C7', 'S92', 'SS128', 'D287', 'DM2');
INSERT INTO dis_relationship_master VALUES ('431SS109', 'C7', 'S92', 'SS109', 'D287', 'DM2');
INSERT INTO dis_relationship_master VALUES ('431SS108', 'C7', 'S92', 'SS108', 'D287', 'DM2');
INSERT INTO dis_relationship_master VALUES ('431SS104', 'C7', 'S92', 'SS104', 'D287', 'DM2');
INSERT INTO dis_relationship_master VALUES ('431SS79', 'C7', 'S92', 'SS79', 'D287', 'DM2');
INSERT INTO dis_relationship_master VALUES ('431SS62', 'C7', 'S92', 'SS62', 'D287', 'DM2');
INSERT INTO dis_relationship_master VALUES ('431SS60', 'C7', 'S92', 'SS60', 'D287', 'DM2');
INSERT INTO diagnosis_modifiers VALUES ('DM472', 'PIGMENTED NODULAR TENOSYNOVITIS');
INSERT INTO dis_relationship_master VALUES ('116', 'C7', 'S0', 'SS0', 'D287', 'DM472');
INSERT INTO dis_relationship_diagnosis_to_diagnosis_modifier VALUES ('D287', 'DM472');
INSERT INTO diagnoses VALUES ('D288', 'GLIOBLASTOMA MULTIFORME');
INSERT INTO dis_relationship_master VALUES ('1888', 'C0', 'S0', 'SS0', 'D288', 'DM2');
INSERT INTO dis_relationship_diagnosis_to_diagnosis_modifier VALUES ('D288', 'DM2');
INSERT INTO dis_relationship_master VALUES ('516SS192', 'C6', 'S31', 'SS192', 'D288', 'DM2');
INSERT INTO dis_relationship_master VALUES ('516SS177', 'C6', 'S31', 'SS177', 'D288', 'DM2');
INSERT INTO dis_relationship_master VALUES ('516SS176', 'C6', 'S31', 'SS176', 'D288', 'DM2');
INSERT INTO dis_relationship_master VALUES ('516SS126', 'C6', 'S31', 'SS126', 'D288', 'DM2');
INSERT INTO dis_relationship_master VALUES ('516SS119', 'C6', 'S31', 'SS119', 'D288', 'DM2');
INSERT INTO dis_relationship_master VALUES ('516SS82', 'C6', 'S31', 'SS82', 'D288', 'DM2');
INSERT INTO dis_relationship_master VALUES ('516SS78', 'C6', 'S31', 'SS78', 'D288', 'DM2');
INSERT INTO dis_relationship_master VALUES ('516SS67', 'C6', 'S31', 'SS67', 'D288', 'DM2');
INSERT INTO dis_relationship_master VALUES ('516SS49', 'C6', 'S31', 'SS49', 'D288', 'DM2');
INSERT INTO dis_relationship_master VALUES ('516SS42', 'C6', 'S31', 'SS42', 'D288', 'DM2');
INSERT INTO dis_relationship_master VALUES ('516SS40', 'C6', 'S31', 'SS40', 'D288', 'DM2');
INSERT INTO dis_relationship_master VALUES ('516SS35', 'C6', 'S31', 'SS35', 'D288', 'DM2');
INSERT INTO dis_relationship_master VALUES ('516SS31', 'C6', 'S31', 'SS31', 'D288', 'DM2');
INSERT INTO dis_relationship_master VALUES ('516SS29', 'C6', 'S31', 'SS29', 'D288', 'DM2');
INSERT INTO dis_relationship_master VALUES ('516SS17', 'C6', 'S31', 'SS17', 'D288', 'DM2');
INSERT INTO diagnoses VALUES ('D289', 'GLIOMA');
INSERT INTO dis_relationship_master VALUES ('1360SS1', 'C1', 'S99', 'SS1', 'D289', 'DM2');
INSERT INTO dis_relationship_diagnosis_to_diagnosis_modifier VALUES ('D289', 'DM2');
INSERT INTO dis_relationship_master VALUES ('1360SS46', 'C1', 'S99', 'SS46', 'D289', 'DM2');
INSERT INTO dis_relationship_master VALUES ('2020', 'C0', 'S0', 'SS0', 'D289', 'DM2');
INSERT INTO dis_relationship_master VALUES ('517SS192', 'C1', 'S31', 'SS192', 'D289', 'DM2');
INSERT INTO dis_relationship_master VALUES ('517SS177', 'C1', 'S31', 'SS177', 'D289', 'DM2');
INSERT INTO dis_relationship_master VALUES ('517SS176', 'C1', 'S31', 'SS176', 'D289', 'DM2');
INSERT INTO dis_relationship_master VALUES ('517SS126', 'C1', 'S31', 'SS126', 'D289', 'DM2');
INSERT INTO dis_relationship_master VALUES ('517SS119', 'C1', 'S31', 'SS119', 'D289', 'DM2');
INSERT INTO dis_relationship_master VALUES ('517SS82', 'C1', 'S31', 'SS82', 'D289', 'DM2');
INSERT INTO dis_relationship_master VALUES ('517SS78', 'C1', 'S31', 'SS78', 'D289', 'DM2');
INSERT INTO dis_relationship_master VALUES ('517SS67', 'C1', 'S31', 'SS67', 'D289', 'DM2');
INSERT INTO dis_relationship_master VALUES ('517SS49', 'C1', 'S31', 'SS49', 'D289', 'DM2');
INSERT INTO dis_relationship_master VALUES ('517SS42', 'C1', 'S31', 'SS42', 'D289', 'DM2');
INSERT INTO dis_relationship_master VALUES ('517SS40', 'C1', 'S31', 'SS40', 'D289', 'DM2');
INSERT INTO dis_relationship_master VALUES ('517SS35', 'C1', 'S31', 'SS35', 'D289', 'DM2');
INSERT INTO dis_relationship_master VALUES ('517SS31', 'C1', 'S31', 'SS31', 'D289', 'DM2');
INSERT INTO dis_relationship_master VALUES ('517SS29', 'C1', 'S31', 'SS29', 'D289', 'DM2');
INSERT INTO dis_relationship_master VALUES ('517SS17', 'C1', 'S31', 'SS17', 'D289', 'DM2');
INSERT INTO diagnoses VALUES ('D290', 'GLIOSARCOMA');
INSERT INTO dis_relationship_master VALUES ('1792', 'C0', 'S0', 'SS0', 'D290', 'DM2');
INSERT INTO dis_relationship_diagnosis_to_diagnosis_modifier VALUES ('D290', 'DM2');
INSERT INTO dis_relationship_master VALUES ('518SS192', 'C6', 'S31', 'SS192', 'D290', 'DM2');
INSERT INTO dis_relationship_master VALUES ('518SS177', 'C6', 'S31', 'SS177', 'D290', 'DM2');
INSERT INTO dis_relationship_master VALUES ('518SS176', 'C6', 'S31', 'SS176', 'D290', 'DM2');
INSERT INTO dis_relationship_master VALUES ('518SS126', 'C6', 'S31', 'SS126', 'D290', 'DM2');
INSERT INTO dis_relationship_master VALUES ('518SS119', 'C6', 'S31', 'SS119', 'D290', 'DM2');
INSERT INTO dis_relationship_master VALUES ('518SS82', 'C6', 'S31', 'SS82', 'D290', 'DM2');
INSERT INTO dis_relationship_master VALUES ('518SS78', 'C6', 'S31', 'SS78', 'D290', 'DM2');
INSERT INTO dis_relationship_master VALUES ('518SS67', 'C6', 'S31', 'SS67', 'D290', 'DM2');
INSERT INTO dis_relationship_master VALUES ('518SS49', 'C6', 'S31', 'SS49', 'D290', 'DM2');
INSERT INTO dis_relationship_master VALUES ('518SS42', 'C6', 'S31', 'SS42', 'D290', 'DM2');
INSERT INTO dis_relationship_master VALUES ('518SS40', 'C6', 'S31', 'SS40', 'D290', 'DM2');
INSERT INTO dis_relationship_master VALUES ('518SS35', 'C6', 'S31', 'SS35', 'D290', 'DM2');
INSERT INTO dis_relationship_master VALUES ('518SS31', 'C6', 'S31', 'SS31', 'D290', 'DM2');
INSERT INTO dis_relationship_master VALUES ('518SS29', 'C6', 'S31', 'SS29', 'D290', 'DM2');
INSERT INTO dis_relationship_master VALUES ('518SS17', 'C6', 'S31', 'SS17', 'D290', 'DM2');
INSERT INTO diagnoses VALUES ('D291', 'GOITER');
INSERT INTO dis_relationship_master VALUES ('1501SS101', 'C7', 'S73', 'SS101', 'D291', 'DM2');
INSERT INTO dis_relationship_diagnosis_to_diagnosis_modifier VALUES ('D291', 'DM2');
INSERT INTO dis_relationship_master VALUES ('1501SS148', 'C7', 'S73', 'SS148', 'D291', 'DM2');
INSERT INTO dis_relationship_master VALUES ('1501SS90', 'C7', 'S73', 'SS90', 'D291', 'DM2');
INSERT INTO dis_relationship_master VALUES ('1832', 'C0', 'S0', 'SS0', 'D291', 'DM2');
INSERT INTO diagnoses VALUES ('D292', 'GONADOBLASTOMA');
INSERT INTO dis_relationship_master VALUES ('1460SS1', 'C6', 'S42', 'SS1', 'D292', 'DM2');
INSERT INTO dis_relationship_diagnosis_to_diagnosis_modifier VALUES ('D292', 'DM2');
INSERT INTO dis_relationship_master VALUES ('1043SS137', 'C6', 'S35', 'SS137', 'D292', 'DM2');
INSERT INTO dis_relationship_master VALUES ('1043SS52', 'C6', 'S35', 'SS52', 'D292', 'DM2');
INSERT INTO dis_relationship_master VALUES ('1043SS80', 'C6', 'S35', 'SS80', 'D292', 'DM2');
INSERT INTO dis_relationship_master VALUES ('1043SS42', 'C6', 'S35', 'SS42', 'D292', 'DM2');
INSERT INTO dis_relationship_master VALUES ('1043SS41', 'C6', 'S35', 'SS41', 'D292', 'DM2');
INSERT INTO dis_relationship_master VALUES ('1991', 'C0', 'S0', 'SS0', 'D292', 'DM2');
INSERT INTO diagnoses VALUES ('D293', 'GRANULAR CELL TUMOR');
INSERT INTO dis_relationship_master VALUES ('1821', 'C0', 'S0', 'SS0', 'D293', 'DM2');
INSERT INTO dis_relationship_diagnosis_to_diagnosis_modifier VALUES ('D293', 'DM2');
INSERT INTO dis_relationship_master VALUES ('117', 'C7', 'S0', 'SS0', 'D293', 'DM2');
INSERT INTO diagnoses VALUES ('D294', 'GYNANDROBLASTOMA');
INSERT INTO dis_relationship_master VALUES ('1044SS137', 'C7', 'S35', 'SS137', 'D294', 'DM2');
INSERT INTO dis_relationship_diagnosis_to_diagnosis_modifier VALUES ('D294', 'DM2');
INSERT INTO dis_relationship_master VALUES ('1044SS52', 'C7', 'S35', 'SS52', 'D294', 'DM2');
INSERT INTO dis_relationship_master VALUES ('1044SS80', 'C7', 'S35', 'SS80', 'D294', 'DM2');
INSERT INTO dis_relationship_master VALUES ('1044SS42', 'C7', 'S35', 'SS42', 'D294', 'DM2');
INSERT INTO dis_relationship_master VALUES ('1044SS41', 'C7', 'S35', 'SS41', 'D294', 'DM2');
INSERT INTO dis_relationship_master VALUES ('1940', 'C0', 'S0', 'SS0', 'D294', 'DM2');
INSERT INTO diagnoses VALUES ('D295', 'GYNECOLOGICAL TRACT DISEASE');
INSERT INTO dis_relationship_master VALUES ('2054', 'C0', 'S0', 'SS0', 'D295', 'DM2');
INSERT INTO dis_relationship_diagnosis_to_diagnosis_modifier VALUES ('D295', 'DM2');
INSERT INTO dis_relationship_master VALUES ('1738SS137', 'C2', 'S35', 'SS137', 'D295', 'DM2');
INSERT INTO dis_relationship_master VALUES ('1738SS52', 'C2', 'S35', 'SS52', 'D295', 'DM2');
INSERT INTO dis_relationship_master VALUES ('1738SS80', 'C2', 'S35', 'SS80', 'D295', 'DM2');
INSERT INTO dis_relationship_master VALUES ('1738SS42', 'C2', 'S35', 'SS42', 'D295', 'DM2');
INSERT INTO dis_relationship_master VALUES ('1738SS41', 'C2', 'S35', 'SS41', 'D295', 'DM2');
INSERT INTO anatomic_sites VALUES ('S75', 'UMBILICAL CORD');
INSERT INTO dis_relationship_master VALUES ('1710SS1', 'C2', 'S75', 'SS1', 'D295', 'DM2');
INSERT INTO dis_relationship_site_to_subsite VALUES ('S75', 'SS1');
INSERT INTO subsites VALUES ('SS38', 'CORD BLOOD');
INSERT INTO dis_relationship_master VALUES ('1710SS38', 'C2', 'S75', 'SS38', 'D295', 'DM2');
INSERT INTO dis_relationship_site_to_subsite VALUES ('S75', 'SS38');
INSERT INTO dis_relationship_master VALUES ('1696SS166', 'C2', 'S70', 'SS166', 'D295', 'DM2');
INSERT INTO dis_relationship_master VALUES ('1696SS136', 'C2', 'S70', 'SS136', 'D295', 'DM2');
INSERT INTO dis_relationship_master VALUES ('1696SS132', 'C2', 'S70', 'SS132', 'D295', 'DM2');
INSERT INTO dis_relationship_master VALUES ('1696SS115', 'C2', 'S70', 'SS115', 'D295', 'DM2');
INSERT INTO dis_relationship_master VALUES ('1696SS54', 'C2', 'S70', 'SS54', 'D295', 'DM2');
INSERT INTO dis_relationship_master VALUES ('1688SS63', 'C2', 'S93', 'SS63', 'D295', 'DM2');
INSERT INTO dis_relationship_master VALUES ('1679SS1', 'C2', 'S27', 'SS1', 'D295', 'DM2');
INSERT INTO dis_relationship_master VALUES ('635SS53', 'C2', 'S62', 'SS53', 'D295', 'DM2');
INSERT INTO dis_relationship_master VALUES ('635SS51', 'C2', 'S62', 'SS51', 'D295', 'DM2');
INSERT INTO dis_relationship_master VALUES ('635SS50', 'C2', 'S62', 'SS50', 'D295', 'DM2');
INSERT INTO diagnosis_modifiers VALUES ('DM473', 'CERVICITIS');
INSERT INTO dis_relationship_master VALUES ('636SS53', 'C2', 'S62', 'SS53', 'D295', 'DM473');
INSERT INTO dis_relationship_diagnosis_to_diagnosis_modifier VALUES ('D295', 'DM473');
INSERT INTO dis_relationship_master VALUES ('636SS51', 'C2', 'S62', 'SS51', 'D295', 'DM473');
INSERT INTO dis_relationship_master VALUES ('636SS50', 'C2', 'S62', 'SS50', 'D295', 'DM473');
INSERT INTO diagnosis_modifiers VALUES ('DM474', 'CHORIOAMNIONITIS');
INSERT INTO dis_relationship_master VALUES ('1522SS1', 'C2', 'S75', 'SS1', 'D295', 'DM474');
INSERT INTO dis_relationship_diagnosis_to_diagnosis_modifier VALUES ('D295', 'DM474');
INSERT INTO dis_relationship_master VALUES ('1522SS38', 'C2', 'S75', 'SS38', 'D295', 'DM474');
INSERT INTO dis_relationship_master VALUES ('1138SS1', 'C2', 'S27', 'SS1', 'D295', 'DM474');
INSERT INTO diagnosis_modifiers VALUES ('DM475', 'ECTOPIC PREGNANCY');
INSERT INTO dis_relationship_master VALUES ('720SS63', 'C2', 'S93', 'SS63', 'D295', 'DM475');
INSERT INTO dis_relationship_diagnosis_to_diagnosis_modifier VALUES ('D295', 'DM475');
INSERT INTO diagnosis_modifiers VALUES ('DM476', 'ENDOMETRIOSIS');
INSERT INTO dis_relationship_master VALUES ('1045SS137', 'C2', 'S35', 'SS137', 'D295', 'DM476');
INSERT INTO dis_relationship_diagnosis_to_diagnosis_modifier VALUES ('D295', 'DM476');
INSERT INTO dis_relationship_master VALUES ('1045SS52', 'C2', 'S35', 'SS52', 'D295', 'DM476');
INSERT INTO dis_relationship_master VALUES ('1045SS80', 'C2', 'S35', 'SS80', 'D295', 'DM476');
INSERT INTO dis_relationship_master VALUES ('1045SS42', 'C2', 'S35', 'SS42', 'D295', 'DM476');
INSERT INTO dis_relationship_master VALUES ('1045SS41', 'C2', 'S35', 'SS41', 'D295', 'DM476');
INSERT INTO diagnosis_modifiers VALUES ('DM477', 'ENDOMETRITIS');
INSERT INTO dis_relationship_master VALUES ('1545SS166', 'C2', 'S70', 'SS166', 'D295', 'DM477');
INSERT INTO dis_relationship_diagnosis_to_diagnosis_modifier VALUES ('D295', 'DM477');
INSERT INTO dis_relationship_master VALUES ('1545SS136', 'C2', 'S70', 'SS136', 'D295', 'DM477');
INSERT INTO dis_relationship_master VALUES ('1545SS132', 'C2', 'S70', 'SS132', 'D295', 'DM477');
INSERT INTO dis_relationship_master VALUES ('1545SS115', 'C2', 'S70', 'SS115', 'D295', 'DM477');
INSERT INTO dis_relationship_master VALUES ('1545SS54', 'C2', 'S70', 'SS54', 'D295', 'DM477');
INSERT INTO diagnosis_modifiers VALUES ('DM478', 'FUNISITIS');
INSERT INTO dis_relationship_master VALUES ('1139SS1', 'C2', 'S27', 'SS1', 'D295', 'DM478');
INSERT INTO dis_relationship_diagnosis_to_diagnosis_modifier VALUES ('D295', 'DM478');
INSERT INTO diagnosis_modifiers VALUES ('DM479', 'PLACENTAL ABRUPTION');
INSERT INTO dis_relationship_master VALUES ('1140SS1', 'C2', 'S27', 'SS1', 'D295', 'DM479');
INSERT INTO dis_relationship_diagnosis_to_diagnosis_modifier VALUES ('D295', 'DM479');
INSERT INTO diagnosis_modifiers VALUES ('DM480', 'SALPINGITIS');
INSERT INTO dis_relationship_master VALUES ('721SS63', 'C2', 'S93', 'SS63', 'D295', 'DM480');
INSERT INTO dis_relationship_diagnosis_to_diagnosis_modifier VALUES ('D295', 'DM480');
INSERT INTO diagnoses VALUES ('D296', 'GYNECOMASTIA');
INSERT INTO dis_relationship_master VALUES ('2087', 'C0', 'S0', 'SS0', 'D296', 'DM2');
INSERT INTO dis_relationship_diagnosis_to_diagnosis_modifier VALUES ('D296', 'DM2');
INSERT INTO dis_relationship_master VALUES ('599SS164', 'C7', 'S20', 'SS164', 'D296', 'DM2');
INSERT INTO dis_relationship_master VALUES ('599SS118', 'C7', 'S20', 'SS118', 'D296', 'DM2');
INSERT INTO dis_relationship_master VALUES ('599SS114', 'C7', 'S20', 'SS114', 'D296', 'DM2');
INSERT INTO diagnoses VALUES ('D297', 'HAIR FOLLICLE TUMORS (TRICO- )');
INSERT INTO dis_relationship_master VALUES ('1264SS157', 'C7', 'S1', 'SS157', 'D297', 'DM2');
INSERT INTO dis_relationship_diagnosis_to_diagnosis_modifier VALUES ('D297', 'DM2');
INSERT INTO dis_relationship_master VALUES ('1264SS156', 'C7', 'S1', 'SS156', 'D297', 'DM2');
INSERT INTO dis_relationship_master VALUES ('1264SS98', 'C7', 'S1', 'SS98', 'D297', 'DM2');
INSERT INTO dis_relationship_master VALUES ('1264SS73', 'C7', 'S1', 'SS73', 'D297', 'DM2');
INSERT INTO dis_relationship_master VALUES ('1264SS66', 'C7', 'S1', 'SS66', 'D297', 'DM2');
INSERT INTO dis_relationship_master VALUES ('1264SS65', 'C7', 'S1', 'SS65', 'D297', 'DM2');
INSERT INTO dis_relationship_master VALUES ('1264SS57', 'C7', 'S1', 'SS57', 'D297', 'DM2');
INSERT INTO dis_relationship_master VALUES ('1264SS19', 'C7', 'S1', 'SS19', 'D297', 'DM2');
INSERT INTO dis_relationship_master VALUES ('1264SS8', 'C7', 'S1', 'SS8', 'D297', 'DM2');
INSERT INTO dis_relationship_master VALUES ('1264SS2', 'C7', 'S1', 'SS2', 'D297', 'DM2');
INSERT INTO dis_relationship_master VALUES ('1909', 'C0', 'S0', 'SS0', 'D297', 'DM2');
INSERT INTO diagnosis_modifiers VALUES ('DM481', 'INFANTILE MYOFIBROMATOSIS');
INSERT INTO dis_relationship_master VALUES ('118', 'C7', 'S0', 'SS0', 'D176', 'DM481');
INSERT INTO dis_relationship_diagnosis_to_diagnosis_modifier VALUES ('D176', 'DM481');
INSERT INTO diagnoses VALUES ('D298', 'HEAVY CHAIN DISEASE');
INSERT INTO dis_relationship_master VALUES ('898SS182', 'C6', 'S57', 'SS182', 'D298', 'DM2');
INSERT INTO dis_relationship_diagnosis_to_diagnosis_modifier VALUES ('D298', 'DM2');
INSERT INTO dis_relationship_master VALUES ('898SS178', 'C6', 'S57', 'SS178', 'D298', 'DM2');
INSERT INTO dis_relationship_master VALUES ('898SS150', 'C6', 'S57', 'SS150', 'D298', 'DM2');
INSERT INTO dis_relationship_master VALUES ('898SS129', 'C6', 'S57', 'SS129', 'D298', 'DM2');
INSERT INTO dis_relationship_master VALUES ('898SS122', 'C6', 'S57', 'SS122', 'D298', 'DM2');
INSERT INTO dis_relationship_master VALUES ('898SS117', 'C6', 'S57', 'SS117', 'D298', 'DM2');
INSERT INTO dis_relationship_master VALUES ('898SS107', 'C6', 'S57', 'SS107', 'D298', 'DM2');
INSERT INTO dis_relationship_master VALUES ('898SS103', 'C6', 'S57', 'SS103', 'D298', 'DM2');
INSERT INTO dis_relationship_master VALUES ('898SS88', 'C6', 'S57', 'SS88', 'D298', 'DM2');
INSERT INTO dis_relationship_master VALUES ('898SS76', 'C6', 'S57', 'SS76', 'D298', 'DM2');
INSERT INTO dis_relationship_master VALUES ('898SS33', 'C6', 'S57', 'SS33', 'D298', 'DM2');
INSERT INTO dis_relationship_master VALUES ('898SS21', 'C6', 'S57', 'SS21', 'D298', 'DM2');
INSERT INTO dis_relationship_master VALUES ('898SS16', 'C6', 'S57', 'SS16', 'D298', 'DM2');
INSERT INTO dis_relationship_master VALUES ('898SS2', 'C6', 'S57', 'SS2', 'D298', 'DM2');
INSERT INTO dis_relationship_master VALUES ('441SS195', 'C6', 'S65', 'SS195', 'D298', 'DM2');
INSERT INTO dis_relationship_master VALUES ('441SS168', 'C6', 'S65', 'SS168', 'D298', 'DM2');
INSERT INTO dis_relationship_master VALUES ('441SS153', 'C6', 'S65', 'SS153', 'D298', 'DM2');
INSERT INTO dis_relationship_master VALUES ('441SS130', 'C6', 'S65', 'SS130', 'D298', 'DM2');
INSERT INTO dis_relationship_master VALUES ('441SS86', 'C6', 'S65', 'SS86', 'D298', 'DM2');
INSERT INTO dis_relationship_master VALUES ('441SS60', 'C6', 'S65', 'SS60', 'D298', 'DM2');
INSERT INTO dis_relationship_master VALUES ('2115', 'C0', 'S0', 'SS0', 'D298', 'DM2');
INSERT INTO diagnoses VALUES ('D299', 'HEMANGIOBLASTOMA');
INSERT INTO dis_relationship_master VALUES ('1904', 'C0', 'S0', 'SS0', 'D299', 'DM2');
INSERT INTO dis_relationship_diagnosis_to_diagnosis_modifier VALUES ('D299', 'DM2');
INSERT INTO dis_relationship_master VALUES ('519SS192', 'C1', 'S31', 'SS192', 'D299', 'DM2');
INSERT INTO dis_relationship_master VALUES ('519SS177', 'C1', 'S31', 'SS177', 'D299', 'DM2');
INSERT INTO dis_relationship_master VALUES ('519SS176', 'C1', 'S31', 'SS176', 'D299', 'DM2');
INSERT INTO dis_relationship_master VALUES ('519SS126', 'C1', 'S31', 'SS126', 'D299', 'DM2');
INSERT INTO dis_relationship_master VALUES ('519SS119', 'C1', 'S31', 'SS119', 'D299', 'DM2');
INSERT INTO dis_relationship_master VALUES ('519SS82', 'C1', 'S31', 'SS82', 'D299', 'DM2');
INSERT INTO dis_relationship_master VALUES ('519SS78', 'C1', 'S31', 'SS78', 'D299', 'DM2');
INSERT INTO dis_relationship_master VALUES ('519SS67', 'C1', 'S31', 'SS67', 'D299', 'DM2');
INSERT INTO dis_relationship_master VALUES ('519SS49', 'C1', 'S31', 'SS49', 'D299', 'DM2');
INSERT INTO dis_relationship_master VALUES ('519SS42', 'C1', 'S31', 'SS42', 'D299', 'DM2');
INSERT INTO dis_relationship_master VALUES ('519SS40', 'C1', 'S31', 'SS40', 'D299', 'DM2');
INSERT INTO dis_relationship_master VALUES ('519SS35', 'C1', 'S31', 'SS35', 'D299', 'DM2');
INSERT INTO dis_relationship_master VALUES ('519SS31', 'C1', 'S31', 'SS31', 'D299', 'DM2');
INSERT INTO dis_relationship_master VALUES ('519SS29', 'C1', 'S31', 'SS29', 'D299', 'DM2');
INSERT INTO dis_relationship_master VALUES ('519SS17', 'C1', 'S31', 'SS17', 'D299', 'DM2');
INSERT INTO diagnosis_modifiers VALUES ('DM482', 'KAPOSIFORM');
INSERT INTO dis_relationship_master VALUES ('1341SS1', 'C1', 'S2', 'SS1', 'D177', 'DM482');
INSERT INTO dis_relationship_diagnosis_to_diagnosis_modifier VALUES ('D177', 'DM482');
INSERT INTO dis_relationship_master VALUES ('874SS125', 'C1', 'S94', 'SS125', 'D177', 'DM482');
INSERT INTO dis_relationship_master VALUES ('838SS1', 'C1', 'S39', 'SS1', 'D177', 'DM482');
INSERT INTO dis_relationship_master VALUES ('432SS188', 'C1', 'S92', 'SS188', 'D177', 'DM482');
INSERT INTO dis_relationship_master VALUES ('432SS179', 'C1', 'S92', 'SS179', 'D177', 'DM482');
INSERT INTO dis_relationship_master VALUES ('432SS168', 'C1', 'S92', 'SS168', 'D177', 'DM482');
INSERT INTO dis_relationship_master VALUES ('432SS165', 'C1', 'S92', 'SS165', 'D177', 'DM482');
INSERT INTO dis_relationship_master VALUES ('432SS153', 'C1', 'S92', 'SS153', 'D177', 'DM482');
INSERT INTO dis_relationship_master VALUES ('432SS149', 'C1', 'S92', 'SS149', 'D177', 'DM482');
INSERT INTO dis_relationship_master VALUES ('432SS128', 'C1', 'S92', 'SS128', 'D177', 'DM482');
INSERT INTO dis_relationship_master VALUES ('432SS109', 'C1', 'S92', 'SS109', 'D177', 'DM482');
INSERT INTO dis_relationship_master VALUES ('432SS108', 'C1', 'S92', 'SS108', 'D177', 'DM482');
INSERT INTO dis_relationship_master VALUES ('432SS104', 'C1', 'S92', 'SS104', 'D177', 'DM482');
INSERT INTO dis_relationship_master VALUES ('432SS79', 'C1', 'S92', 'SS79', 'D177', 'DM482');
INSERT INTO dis_relationship_master VALUES ('432SS62', 'C1', 'S92', 'SS62', 'D177', 'DM482');
INSERT INTO dis_relationship_master VALUES ('432SS60', 'C1', 'S92', 'SS60', 'D177', 'DM482');
INSERT INTO diagnoses VALUES ('D300', 'HEMANGIOPERICYTOMA');
INSERT INTO dis_relationship_master VALUES ('1752', 'C0', 'S0', 'SS0', 'D300', 'DM2');
INSERT INTO dis_relationship_diagnosis_to_diagnosis_modifier VALUES ('D300', 'DM2');
INSERT INTO dis_relationship_master VALUES ('119', 'C1', 'S0', 'SS0', 'D300', 'DM2');
INSERT INTO diagnosis_modifiers VALUES ('DM483', 'ANEMIA');
INSERT INTO dis_relationship_master VALUES ('120', 'C2', 'S0', 'SS0', 'D178', 'DM483');
INSERT INTO dis_relationship_diagnosis_to_diagnosis_modifier VALUES ('D178', 'DM483');
INSERT INTO diagnosis_modifiers VALUES ('DM484', 'BLEEDING & THROMBOSIS');
INSERT INTO dis_relationship_master VALUES ('1586SS173', 'C2', 'S88', 'SS173', 'D178', 'DM484');
INSERT INTO dis_relationship_diagnosis_to_diagnosis_modifier VALUES ('D178', 'DM484');
INSERT INTO dis_relationship_master VALUES ('1586SS150', 'C2', 'S88', 'SS150', 'D178', 'DM484');
INSERT INTO dis_relationship_master VALUES ('1586SS93', 'C2', 'S88', 'SS93', 'D178', 'DM484');
INSERT INTO dis_relationship_master VALUES ('1586SS87', 'C2', 'S88', 'SS87', 'D178', 'DM484');
INSERT INTO dis_relationship_master VALUES ('1586SS58', 'C2', 'S88', 'SS58', 'D178', 'DM484');
INSERT INTO dis_relationship_master VALUES ('327SS194', 'C2', 'S9', 'SS194', 'D178', 'DM484');
INSERT INTO dis_relationship_master VALUES ('327SS166', 'C2', 'S9', 'SS166', 'D178', 'DM484');
INSERT INTO dis_relationship_master VALUES ('327SS150', 'C2', 'S9', 'SS150', 'D178', 'DM484');
INSERT INTO dis_relationship_master VALUES ('327SS143', 'C2', 'S9', 'SS143', 'D178', 'DM484');
INSERT INTO dis_relationship_master VALUES ('327SS30', 'C2', 'S9', 'SS30', 'D178', 'DM484');
INSERT INTO dis_relationship_master VALUES ('327SS28', 'C2', 'S9', 'SS28', 'D178', 'DM484');
INSERT INTO dis_relationship_master VALUES ('327SS26', 'C2', 'S9', 'SS26', 'D178', 'DM484');
INSERT INTO dis_relationship_master VALUES ('327SS6', 'C2', 'S9', 'SS6', 'D178', 'DM484');
INSERT INTO diagnosis_modifiers VALUES ('DM485', 'CLOTTING DISORDERS');
INSERT INTO dis_relationship_master VALUES ('121', 'C2', 'S0', 'SS0', 'D178', 'DM485');
INSERT INTO dis_relationship_diagnosis_to_diagnosis_modifier VALUES ('D178', 'DM485');
INSERT INTO diagnosis_modifiers VALUES ('DM486', 'HEMOGLOBIN DISORDERS');
INSERT INTO dis_relationship_master VALUES ('122', 'C2', 'S0', 'SS0', 'D178', 'DM486');
INSERT INTO dis_relationship_diagnosis_to_diagnosis_modifier VALUES ('D178', 'DM486');
INSERT INTO diagnosis_modifiers VALUES ('DM487', 'HEMOGLOBINOPATHY');
INSERT INTO dis_relationship_master VALUES ('360SS198', 'C2', 'S22', 'SS198', 'D178', 'DM487');
INSERT INTO dis_relationship_diagnosis_to_diagnosis_modifier VALUES ('D178', 'DM487');
INSERT INTO dis_relationship_master VALUES ('360SS159', 'C2', 'S22', 'SS159', 'D178', 'DM487');
INSERT INTO dis_relationship_master VALUES ('360SS140', 'C2', 'S22', 'SS140', 'D178', 'DM487');
INSERT INTO dis_relationship_master VALUES ('360SS23', 'C2', 'S22', 'SS23', 'D178', 'DM487');
INSERT INTO diagnosis_modifiers VALUES ('DM488', 'HEMOLYTIC ANEMIA');
INSERT INTO dis_relationship_master VALUES ('361SS198', 'C2', 'S22', 'SS198', 'D178', 'DM488');
INSERT INTO dis_relationship_diagnosis_to_diagnosis_modifier VALUES ('D178', 'DM488');
INSERT INTO dis_relationship_master VALUES ('361SS159', 'C2', 'S22', 'SS159', 'D178', 'DM488');
INSERT INTO dis_relationship_master VALUES ('361SS140', 'C2', 'S22', 'SS140', 'D178', 'DM488');
INSERT INTO dis_relationship_master VALUES ('361SS23', 'C2', 'S22', 'SS23', 'D178', 'DM488');
INSERT INTO diagnosis_modifiers VALUES ('DM489', 'HEMORRHAGE');
INSERT INTO dis_relationship_master VALUES ('123', 'C2', 'S0', 'SS0', 'D178', 'DM489');
INSERT INTO dis_relationship_diagnosis_to_diagnosis_modifier VALUES ('D178', 'DM489');
INSERT INTO dis_relationship_master VALUES ('1587SS173', 'C2', 'S88', 'SS173', 'D178', 'DM39');
INSERT INTO dis_relationship_diagnosis_to_diagnosis_modifier VALUES ('D178', 'DM39');
INSERT INTO dis_relationship_master VALUES ('1587SS150', 'C2', 'S88', 'SS150', 'D178', 'DM39');
INSERT INTO dis_relationship_master VALUES ('1587SS93', 'C2', 'S88', 'SS93', 'D178', 'DM39');
INSERT INTO dis_relationship_master VALUES ('1587SS87', 'C2', 'S88', 'SS87', 'D178', 'DM39');
INSERT INTO dis_relationship_master VALUES ('1587SS58', 'C2', 'S88', 'SS58', 'D178', 'DM39');
INSERT INTO dis_relationship_master VALUES ('1093SS175', 'C2', 'S24', 'SS175', 'D178', 'DM39');
INSERT INTO dis_relationship_master VALUES ('1093SS123', 'C2', 'S24', 'SS123', 'D178', 'DM39');
INSERT INTO dis_relationship_master VALUES ('875SS125', 'C2', 'S94', 'SS125', 'D178', 'DM39');
INSERT INTO dis_relationship_master VALUES ('328SS194', 'C2', 'S9', 'SS194', 'D178', 'DM39');
INSERT INTO dis_relationship_master VALUES ('328SS166', 'C2', 'S9', 'SS166', 'D178', 'DM39');
INSERT INTO dis_relationship_master VALUES ('328SS150', 'C2', 'S9', 'SS150', 'D178', 'DM39');
INSERT INTO dis_relationship_master VALUES ('328SS143', 'C2', 'S9', 'SS143', 'D178', 'DM39');
INSERT INTO dis_relationship_master VALUES ('328SS30', 'C2', 'S9', 'SS30', 'D178', 'DM39');
INSERT INTO dis_relationship_master VALUES ('328SS28', 'C2', 'S9', 'SS28', 'D178', 'DM39');
INSERT INTO dis_relationship_master VALUES ('328SS26', 'C2', 'S9', 'SS26', 'D178', 'DM39');
INSERT INTO dis_relationship_master VALUES ('328SS6', 'C2', 'S9', 'SS6', 'D178', 'DM39');
INSERT INTO diagnosis_modifiers VALUES ('DM490', 'IDIOPATHIC THROMBOCYTOPENIC PURPURA (ITP)');
INSERT INTO dis_relationship_master VALUES ('1368SS1', 'C2', 'S50', 'SS1', 'D178', 'DM490');
INSERT INTO dis_relationship_diagnosis_to_diagnosis_modifier VALUES ('D178', 'DM490');
INSERT INTO diagnosis_modifiers VALUES ('DM491', 'MYELOPROLIFERATIVE DISEASE UNCLASSIFIABLE');
INSERT INTO dis_relationship_master VALUES ('124', 'C2', 'S0', 'SS0', 'D178', 'DM491');
INSERT INTO dis_relationship_diagnosis_to_diagnosis_modifier VALUES ('D178', 'DM491');
INSERT INTO diagnosis_modifiers VALUES ('DM492', 'POLYCYTHEMIA VERA');
INSERT INTO dis_relationship_master VALUES ('125', 'C2', 'S0', 'SS0', 'D178', 'DM492');
INSERT INTO dis_relationship_diagnosis_to_diagnosis_modifier VALUES ('D178', 'DM492');
INSERT INTO diagnosis_modifiers VALUES ('DM493', 'POST-TRANSPLANT LYMPHOPROLIFERATIVE DISORDER POLYMORPHIC');
INSERT INTO dis_relationship_master VALUES ('126', 'C2', 'S0', 'SS0', 'D178', 'DM493');
INSERT INTO dis_relationship_diagnosis_to_diagnosis_modifier VALUES ('D178', 'DM493');
INSERT INTO diagnosis_modifiers VALUES ('DM494', 'THROMBOTIC THROMBOCYTOPENIC PURPURA (TTP)');
INSERT INTO dis_relationship_master VALUES ('1369SS1', 'C2', 'S50', 'SS1', 'D178', 'DM494');
INSERT INTO dis_relationship_diagnosis_to_diagnosis_modifier VALUES ('D178', 'DM494');
INSERT INTO diagnoses VALUES ('D301', 'HEMORRHOID');
INSERT INTO dis_relationship_master VALUES ('1181SS166', 'C7', 'S64', 'SS166', 'D301', 'DM2');
INSERT INTO dis_relationship_diagnosis_to_diagnosis_modifier VALUES ('D301', 'DM2');
INSERT INTO dis_relationship_master VALUES ('2150', 'C0', 'S0', 'SS0', 'D301', 'DM2');
INSERT INTO diagnoses VALUES ('D302', 'HEMORRHOIDS');
INSERT INTO dis_relationship_master VALUES ('1960', 'C0', 'S0', 'SS0', 'D302', 'DM2');
INSERT INTO dis_relationship_diagnosis_to_diagnosis_modifier VALUES ('D302', 'DM2');
INSERT INTO dis_relationship_master VALUES ('39SS1', 'C2', 'S6', 'SS1', 'D302', 'DM2');
INSERT INTO diagnoses VALUES ('D303', 'HEPATOBLASTOMA');
INSERT INTO dis_relationship_master VALUES ('1985', 'C0', 'S0', 'SS0', 'D303', 'DM2');
INSERT INTO dis_relationship_diagnosis_to_diagnosis_modifier VALUES ('D303', 'DM2');
INSERT INTO dis_relationship_master VALUES ('839SS1', 'C6', 'S39', 'SS1', 'D303', 'DM2');
INSERT INTO diagnoses VALUES ('D304', 'HIGH GRADE DYSPLASIA SQUAMOUS');
INSERT INTO dis_relationship_master VALUES ('876SS125', 'C1', 'S94', 'SS125', 'D304', 'DM2');
INSERT INTO dis_relationship_diagnosis_to_diagnosis_modifier VALUES ('D304', 'DM2');
INSERT INTO dis_relationship_master VALUES ('1932', 'C0', 'S0', 'SS0', 'D304', 'DM2');
INSERT INTO diagnosis_modifiers VALUES ('DM495', 'FOLLICULAR DENDRITIC CELL SARCOMA');
INSERT INTO dis_relationship_master VALUES ('1370SS1', 'C6', 'S50', 'SS1', 'D179', 'DM495');
INSERT INTO dis_relationship_diagnosis_to_diagnosis_modifier VALUES ('D179', 'DM495');
INSERT INTO dis_relationship_master VALUES ('899SS182', 'C6', 'S57', 'SS182', 'D179', 'DM495');
INSERT INTO dis_relationship_master VALUES ('899SS178', 'C6', 'S57', 'SS178', 'D179', 'DM495');
INSERT INTO dis_relationship_master VALUES ('899SS150', 'C6', 'S57', 'SS150', 'D179', 'DM495');
INSERT INTO dis_relationship_master VALUES ('899SS129', 'C6', 'S57', 'SS129', 'D179', 'DM495');
INSERT INTO dis_relationship_master VALUES ('899SS122', 'C6', 'S57', 'SS122', 'D179', 'DM495');
INSERT INTO dis_relationship_master VALUES ('899SS117', 'C6', 'S57', 'SS117', 'D179', 'DM495');
INSERT INTO dis_relationship_master VALUES ('899SS107', 'C6', 'S57', 'SS107', 'D179', 'DM495');
INSERT INTO dis_relationship_master VALUES ('899SS103', 'C6', 'S57', 'SS103', 'D179', 'DM495');
INSERT INTO dis_relationship_master VALUES ('899SS88', 'C6', 'S57', 'SS88', 'D179', 'DM495');
INSERT INTO dis_relationship_master VALUES ('899SS76', 'C6', 'S57', 'SS76', 'D179', 'DM495');
INSERT INTO dis_relationship_master VALUES ('899SS33', 'C6', 'S57', 'SS33', 'D179', 'DM495');
INSERT INTO dis_relationship_master VALUES ('899SS21', 'C6', 'S57', 'SS21', 'D179', 'DM495');
INSERT INTO dis_relationship_master VALUES ('899SS16', 'C6', 'S57', 'SS16', 'D179', 'DM495');
INSERT INTO dis_relationship_master VALUES ('899SS2', 'C6', 'S57', 'SS2', 'D179', 'DM495');
INSERT INTO dis_relationship_master VALUES ('442SS195', 'C6', 'S65', 'SS195', 'D179', 'DM495');
INSERT INTO dis_relationship_master VALUES ('442SS168', 'C6', 'S65', 'SS168', 'D179', 'DM495');
INSERT INTO dis_relationship_master VALUES ('442SS153', 'C6', 'S65', 'SS153', 'D179', 'DM495');
INSERT INTO dis_relationship_master VALUES ('442SS130', 'C6', 'S65', 'SS130', 'D179', 'DM495');
INSERT INTO dis_relationship_master VALUES ('442SS86', 'C6', 'S65', 'SS86', 'D179', 'DM495');
INSERT INTO dis_relationship_master VALUES ('442SS60', 'C6', 'S65', 'SS60', 'D179', 'DM495');
INSERT INTO dis_relationship_master VALUES ('362SS198', 'C6', 'S22', 'SS198', 'D179', 'DM495');
INSERT INTO dis_relationship_master VALUES ('362SS159', 'C6', 'S22', 'SS159', 'D179', 'DM495');
INSERT INTO dis_relationship_master VALUES ('362SS140', 'C6', 'S22', 'SS140', 'D179', 'DM495');
INSERT INTO dis_relationship_master VALUES ('362SS23', 'C6', 'S22', 'SS23', 'D179', 'DM495');
INSERT INTO dis_relationship_master VALUES ('127', 'C6', 'S0', 'SS0', 'D179', 'DM495');
INSERT INTO diagnosis_modifiers VALUES ('DM496', 'HISTIOCYTOSIS');
INSERT INTO dis_relationship_master VALUES ('1371SS1', 'C6', 'S50', 'SS1', 'D179', 'DM496');
INSERT INTO dis_relationship_diagnosis_to_diagnosis_modifier VALUES ('D179', 'DM496');
INSERT INTO dis_relationship_master VALUES ('900SS182', 'C6', 'S57', 'SS182', 'D179', 'DM496');
INSERT INTO dis_relationship_master VALUES ('900SS178', 'C6', 'S57', 'SS178', 'D179', 'DM496');
INSERT INTO dis_relationship_master VALUES ('900SS150', 'C6', 'S57', 'SS150', 'D179', 'DM496');
INSERT INTO dis_relationship_master VALUES ('900SS129', 'C6', 'S57', 'SS129', 'D179', 'DM496');
INSERT INTO dis_relationship_master VALUES ('900SS122', 'C6', 'S57', 'SS122', 'D179', 'DM496');
INSERT INTO dis_relationship_master VALUES ('900SS117', 'C6', 'S57', 'SS117', 'D179', 'DM496');
INSERT INTO dis_relationship_master VALUES ('900SS107', 'C6', 'S57', 'SS107', 'D179', 'DM496');
INSERT INTO dis_relationship_master VALUES ('900SS103', 'C6', 'S57', 'SS103', 'D179', 'DM496');
INSERT INTO dis_relationship_master VALUES ('900SS88', 'C6', 'S57', 'SS88', 'D179', 'DM496');
INSERT INTO dis_relationship_master VALUES ('900SS76', 'C6', 'S57', 'SS76', 'D179', 'DM496');
INSERT INTO dis_relationship_master VALUES ('900SS33', 'C6', 'S57', 'SS33', 'D179', 'DM496');
INSERT INTO dis_relationship_master VALUES ('900SS21', 'C6', 'S57', 'SS21', 'D179', 'DM496');
INSERT INTO dis_relationship_master VALUES ('900SS16', 'C6', 'S57', 'SS16', 'D179', 'DM496');
INSERT INTO dis_relationship_master VALUES ('900SS2', 'C6', 'S57', 'SS2', 'D179', 'DM496');
INSERT INTO dis_relationship_master VALUES ('443SS195', 'C6', 'S65', 'SS195', 'D179', 'DM496');
INSERT INTO dis_relationship_master VALUES ('443SS168', 'C6', 'S65', 'SS168', 'D179', 'DM496');
INSERT INTO dis_relationship_master VALUES ('443SS153', 'C6', 'S65', 'SS153', 'D179', 'DM496');
INSERT INTO dis_relationship_master VALUES ('443SS130', 'C6', 'S65', 'SS130', 'D179', 'DM496');
INSERT INTO dis_relationship_master VALUES ('443SS86', 'C6', 'S65', 'SS86', 'D179', 'DM496');
INSERT INTO dis_relationship_master VALUES ('443SS60', 'C6', 'S65', 'SS60', 'D179', 'DM496');
INSERT INTO dis_relationship_master VALUES ('363SS198', 'C6', 'S22', 'SS198', 'D179', 'DM496');
INSERT INTO dis_relationship_master VALUES ('363SS159', 'C6', 'S22', 'SS159', 'D179', 'DM496');
INSERT INTO dis_relationship_master VALUES ('363SS140', 'C6', 'S22', 'SS140', 'D179', 'DM496');
INSERT INTO dis_relationship_master VALUES ('363SS23', 'C6', 'S22', 'SS23', 'D179', 'DM496');
INSERT INTO dis_relationship_master VALUES ('128', 'C6', 'S0', 'SS0', 'D179', 'DM496');
INSERT INTO diagnosis_modifiers VALUES ('DM497', 'INTERDIGITATING DENDRITIC CELL SARCOMA');
INSERT INTO dis_relationship_master VALUES ('1372SS1', 'C6', 'S50', 'SS1', 'D179', 'DM497');
INSERT INTO dis_relationship_diagnosis_to_diagnosis_modifier VALUES ('D179', 'DM497');
INSERT INTO dis_relationship_master VALUES ('901SS182', 'C6', 'S57', 'SS182', 'D179', 'DM497');
INSERT INTO dis_relationship_master VALUES ('901SS178', 'C6', 'S57', 'SS178', 'D179', 'DM497');
INSERT INTO dis_relationship_master VALUES ('901SS150', 'C6', 'S57', 'SS150', 'D179', 'DM497');
INSERT INTO dis_relationship_master VALUES ('901SS129', 'C6', 'S57', 'SS129', 'D179', 'DM497');
INSERT INTO dis_relationship_master VALUES ('901SS122', 'C6', 'S57', 'SS122', 'D179', 'DM497');
INSERT INTO dis_relationship_master VALUES ('901SS117', 'C6', 'S57', 'SS117', 'D179', 'DM497');
INSERT INTO dis_relationship_master VALUES ('901SS107', 'C6', 'S57', 'SS107', 'D179', 'DM497');
INSERT INTO dis_relationship_master VALUES ('901SS103', 'C6', 'S57', 'SS103', 'D179', 'DM497');
INSERT INTO dis_relationship_master VALUES ('901SS88', 'C6', 'S57', 'SS88', 'D179', 'DM497');
INSERT INTO dis_relationship_master VALUES ('901SS76', 'C6', 'S57', 'SS76', 'D179', 'DM497');
INSERT INTO dis_relationship_master VALUES ('901SS33', 'C6', 'S57', 'SS33', 'D179', 'DM497');
INSERT INTO dis_relationship_master VALUES ('901SS21', 'C6', 'S57', 'SS21', 'D179', 'DM497');
INSERT INTO dis_relationship_master VALUES ('901SS16', 'C6', 'S57', 'SS16', 'D179', 'DM497');
INSERT INTO dis_relationship_master VALUES ('901SS2', 'C6', 'S57', 'SS2', 'D179', 'DM497');
INSERT INTO dis_relationship_master VALUES ('444SS195', 'C6', 'S65', 'SS195', 'D179', 'DM497');
INSERT INTO dis_relationship_master VALUES ('444SS168', 'C6', 'S65', 'SS168', 'D179', 'DM497');
INSERT INTO dis_relationship_master VALUES ('444SS153', 'C6', 'S65', 'SS153', 'D179', 'DM497');
INSERT INTO dis_relationship_master VALUES ('444SS130', 'C6', 'S65', 'SS130', 'D179', 'DM497');
INSERT INTO dis_relationship_master VALUES ('444SS86', 'C6', 'S65', 'SS86', 'D179', 'DM497');
INSERT INTO dis_relationship_master VALUES ('444SS60', 'C6', 'S65', 'SS60', 'D179', 'DM497');
INSERT INTO dis_relationship_master VALUES ('364SS198', 'C6', 'S22', 'SS198', 'D179', 'DM497');
INSERT INTO dis_relationship_master VALUES ('364SS159', 'C6', 'S22', 'SS159', 'D179', 'DM497');
INSERT INTO dis_relationship_master VALUES ('364SS140', 'C6', 'S22', 'SS140', 'D179', 'DM497');
INSERT INTO dis_relationship_master VALUES ('364SS23', 'C6', 'S22', 'SS23', 'D179', 'DM497');
INSERT INTO dis_relationship_master VALUES ('129', 'C6', 'S0', 'SS0', 'D179', 'DM497');
INSERT INTO diagnosis_modifiers VALUES ('DM498', 'LETTERER-SIWE DISEASE');
INSERT INTO dis_relationship_master VALUES ('1373SS1', 'C6', 'S50', 'SS1', 'D179', 'DM498');
INSERT INTO dis_relationship_diagnosis_to_diagnosis_modifier VALUES ('D179', 'DM498');
INSERT INTO dis_relationship_master VALUES ('902SS182', 'C6', 'S57', 'SS182', 'D179', 'DM498');
INSERT INTO dis_relationship_master VALUES ('902SS178', 'C6', 'S57', 'SS178', 'D179', 'DM498');
INSERT INTO dis_relationship_master VALUES ('902SS150', 'C6', 'S57', 'SS150', 'D179', 'DM498');
INSERT INTO dis_relationship_master VALUES ('902SS129', 'C6', 'S57', 'SS129', 'D179', 'DM498');
INSERT INTO dis_relationship_master VALUES ('902SS122', 'C6', 'S57', 'SS122', 'D179', 'DM498');
INSERT INTO dis_relationship_master VALUES ('902SS117', 'C6', 'S57', 'SS117', 'D179', 'DM498');
INSERT INTO dis_relationship_master VALUES ('902SS107', 'C6', 'S57', 'SS107', 'D179', 'DM498');
INSERT INTO dis_relationship_master VALUES ('902SS103', 'C6', 'S57', 'SS103', 'D179', 'DM498');
INSERT INTO dis_relationship_master VALUES ('902SS88', 'C6', 'S57', 'SS88', 'D179', 'DM498');
INSERT INTO dis_relationship_master VALUES ('902SS76', 'C6', 'S57', 'SS76', 'D179', 'DM498');
INSERT INTO dis_relationship_master VALUES ('902SS33', 'C6', 'S57', 'SS33', 'D179', 'DM498');
INSERT INTO dis_relationship_master VALUES ('902SS21', 'C6', 'S57', 'SS21', 'D179', 'DM498');
INSERT INTO dis_relationship_master VALUES ('902SS16', 'C6', 'S57', 'SS16', 'D179', 'DM498');
INSERT INTO dis_relationship_master VALUES ('902SS2', 'C6', 'S57', 'SS2', 'D179', 'DM498');
INSERT INTO dis_relationship_master VALUES ('445SS195', 'C6', 'S65', 'SS195', 'D179', 'DM498');
INSERT INTO dis_relationship_master VALUES ('445SS168', 'C6', 'S65', 'SS168', 'D179', 'DM498');
INSERT INTO dis_relationship_master VALUES ('445SS153', 'C6', 'S65', 'SS153', 'D179', 'DM498');
INSERT INTO dis_relationship_master VALUES ('445SS130', 'C6', 'S65', 'SS130', 'D179', 'DM498');
INSERT INTO dis_relationship_master VALUES ('445SS86', 'C6', 'S65', 'SS86', 'D179', 'DM498');
INSERT INTO dis_relationship_master VALUES ('445SS60', 'C6', 'S65', 'SS60', 'D179', 'DM498');
INSERT INTO dis_relationship_master VALUES ('365SS198', 'C6', 'S22', 'SS198', 'D179', 'DM498');
INSERT INTO dis_relationship_master VALUES ('365SS159', 'C6', 'S22', 'SS159', 'D179', 'DM498');
INSERT INTO dis_relationship_master VALUES ('365SS140', 'C6', 'S22', 'SS140', 'D179', 'DM498');
INSERT INTO dis_relationship_master VALUES ('365SS23', 'C6', 'S22', 'SS23', 'D179', 'DM498');
INSERT INTO dis_relationship_master VALUES ('130', 'C6', 'S0', 'SS0', 'D179', 'DM498');
INSERT INTO diagnoses VALUES ('D305', 'HISTIOCYTIC NEOPLASM');
INSERT INTO dis_relationship_master VALUES ('903SS182', 'C6', 'S57', 'SS182', 'D305', 'DM2');
INSERT INTO dis_relationship_diagnosis_to_diagnosis_modifier VALUES ('D305', 'DM2');
INSERT INTO dis_relationship_master VALUES ('903SS178', 'C6', 'S57', 'SS178', 'D305', 'DM2');
INSERT INTO dis_relationship_master VALUES ('903SS150', 'C6', 'S57', 'SS150', 'D305', 'DM2');
INSERT INTO dis_relationship_master VALUES ('903SS129', 'C6', 'S57', 'SS129', 'D305', 'DM2');
INSERT INTO dis_relationship_master VALUES ('903SS122', 'C6', 'S57', 'SS122', 'D305', 'DM2');
INSERT INTO dis_relationship_master VALUES ('903SS117', 'C6', 'S57', 'SS117', 'D305', 'DM2');
INSERT INTO dis_relationship_master VALUES ('903SS107', 'C6', 'S57', 'SS107', 'D305', 'DM2');
INSERT INTO dis_relationship_master VALUES ('903SS103', 'C6', 'S57', 'SS103', 'D305', 'DM2');
INSERT INTO dis_relationship_master VALUES ('903SS88', 'C6', 'S57', 'SS88', 'D305', 'DM2');
INSERT INTO dis_relationship_master VALUES ('903SS76', 'C6', 'S57', 'SS76', 'D305', 'DM2');
INSERT INTO dis_relationship_master VALUES ('903SS33', 'C6', 'S57', 'SS33', 'D305', 'DM2');
INSERT INTO dis_relationship_master VALUES ('903SS21', 'C6', 'S57', 'SS21', 'D305', 'DM2');
INSERT INTO dis_relationship_master VALUES ('903SS16', 'C6', 'S57', 'SS16', 'D305', 'DM2');
INSERT INTO dis_relationship_master VALUES ('903SS2', 'C6', 'S57', 'SS2', 'D305', 'DM2');
INSERT INTO dis_relationship_master VALUES ('1843', 'C0', 'S0', 'SS0', 'D305', 'DM2');
INSERT INTO dis_relationship_master VALUES ('446SS195', 'C6', 'S65', 'SS195', 'D305', 'DM2');
INSERT INTO dis_relationship_master VALUES ('446SS168', 'C6', 'S65', 'SS168', 'D305', 'DM2');
INSERT INTO dis_relationship_master VALUES ('446SS153', 'C6', 'S65', 'SS153', 'D305', 'DM2');
INSERT INTO dis_relationship_master VALUES ('446SS130', 'C6', 'S65', 'SS130', 'D305', 'DM2');
INSERT INTO dis_relationship_master VALUES ('446SS86', 'C6', 'S65', 'SS86', 'D305', 'DM2');
INSERT INTO dis_relationship_master VALUES ('446SS60', 'C6', 'S65', 'SS60', 'D305', 'DM2');
INSERT INTO dis_relationship_master VALUES ('131', 'C6', 'S0', 'SS0', 'D305', 'DM2');
INSERT INTO diagnoses VALUES ('D306', 'HYDATIDIFORM MOLE');
INSERT INTO dis_relationship_master VALUES ('1141SS1', 'C1', 'S27', 'SS1', 'D306', 'DM2');
INSERT INTO dis_relationship_diagnosis_to_diagnosis_modifier VALUES ('D306', 'DM2');
INSERT INTO dis_relationship_master VALUES ('1867', 'C0', 'S0', 'SS0', 'D306', 'DM2');
INSERT INTO diagnoses VALUES ('D307', 'HYPERPLASIA');
INSERT INTO dis_relationship_master VALUES ('1525SS1', 'C7', 'S11', 'SS1', 'D307', 'DM2');
INSERT INTO dis_relationship_diagnosis_to_diagnosis_modifier VALUES ('D307', 'DM2');
INSERT INTO dis_relationship_master VALUES ('1506', 'C7', 'S54', 'SS0', 'D307', 'DM2');
INSERT INTO dis_relationship_master VALUES ('1502SS101', 'C7', 'S73', 'SS101', 'D307', 'DM2');
INSERT INTO dis_relationship_master VALUES ('1502SS148', 'C7', 'S73', 'SS148', 'D307', 'DM2');
INSERT INTO dis_relationship_master VALUES ('1502SS90', 'C7', 'S73', 'SS90', 'D307', 'DM2');
INSERT INTO dis_relationship_master VALUES ('1135SS1', 'C7', 'S49', 'SS1', 'D307', 'DM2');
INSERT INTO dis_relationship_master VALUES ('1120SS1', 'C7', 'S45', 'SS1', 'D307', 'DM2');
INSERT INTO dis_relationship_master VALUES ('958SS141', 'C7', 'S61', 'SS141', 'D307', 'DM2');
INSERT INTO dis_relationship_master VALUES ('958SS135', 'C7', 'S61', 'SS135', 'D307', 'DM2');
INSERT INTO dis_relationship_master VALUES ('2358SS1', 'C7', 'S50', 'SS1', 'D307', 'DM2');
INSERT INTO dis_relationship_master VALUES ('2348SS53', 'C7', 'S62', 'SS53', 'D307', 'DM2');
INSERT INTO dis_relationship_master VALUES ('2348SS51', 'C7', 'S62', 'SS51', 'D307', 'DM2');
INSERT INTO dis_relationship_master VALUES ('2348SS50', 'C7', 'S62', 'SS50', 'D307', 'DM2');
INSERT INTO dis_relationship_master VALUES ('2343SS1', 'C7', 'S39', 'SS1', 'D307', 'DM2');
INSERT INTO dis_relationship_master VALUES ('2339SS164', 'C7', 'S20', 'SS164', 'D307', 'DM2');
INSERT INTO dis_relationship_master VALUES ('2339SS118', 'C7', 'S20', 'SS118', 'D307', 'DM2');
INSERT INTO dis_relationship_master VALUES ('2339SS114', 'C7', 'S20', 'SS114', 'D307', 'DM2');
INSERT INTO dis_relationship_master VALUES ('2338SS181', 'C7', 'S51', 'SS181', 'D307', 'DM2');
INSERT INTO dis_relationship_master VALUES ('2338SS167', 'C7', 'S51', 'SS167', 'D307', 'DM2');
INSERT INTO dis_relationship_master VALUES ('2338SS139', 'C7', 'S51', 'SS139', 'D307', 'DM2');
INSERT INTO dis_relationship_master VALUES ('2338SS121', 'C7', 'S51', 'SS121', 'D307', 'DM2');
INSERT INTO dis_relationship_master VALUES ('2338SS100', 'C7', 'S51', 'SS100', 'D307', 'DM2');
INSERT INTO dis_relationship_master VALUES ('2338SS75', 'C7', 'S51', 'SS75', 'D307', 'DM2');
INSERT INTO dis_relationship_master VALUES ('2338SS72', 'C7', 'S51', 'SS72', 'D307', 'DM2');
INSERT INTO dis_relationship_master VALUES ('2338SS55', 'C7', 'S51', 'SS55', 'D307', 'DM2');
INSERT INTO dis_relationship_master VALUES ('2327SS125', 'C7', 'S94', 'SS125', 'D307', 'DM2');
INSERT INTO dis_relationship_master VALUES ('2324SS1', 'C7', 'S15', 'SS1', 'D307', 'DM2');
INSERT INTO dis_relationship_master VALUES ('2311', 'C7', 'S0', 'SS0', 'D307', 'DM2');
INSERT INTO dis_relationship_master VALUES ('2305SS105', 'C7', 'S80', 'SS105', 'D307', 'DM2');
INSERT INTO dis_relationship_master VALUES ('2305SS42', 'C7', 'S80', 'SS42', 'D307', 'DM2');
INSERT INTO dis_relationship_master VALUES ('2304SS158', 'C7', 'S30', 'SS158', 'D307', 'DM2');
INSERT INTO dis_relationship_master VALUES ('2304SS112', 'C7', 'S30', 'SS112', 'D307', 'DM2');
INSERT INTO dis_relationship_master VALUES ('2304SS69', 'C7', 'S30', 'SS69', 'D307', 'DM2');
INSERT INTO dis_relationship_master VALUES ('2304SS18', 'C7', 'S30', 'SS18', 'D307', 'DM2');
INSERT INTO dis_relationship_master VALUES ('2302SS183', 'C7', 'S14', 'SS183', 'D307', 'DM2');
INSERT INTO dis_relationship_master VALUES ('2302SS138', 'C7', 'S14', 'SS138', 'D307', 'DM2');
INSERT INTO dis_relationship_master VALUES ('2302SS134', 'C7', 'S14', 'SS134', 'D307', 'DM2');
INSERT INTO dis_relationship_master VALUES ('1998', 'C0', 'S0', 'SS0', 'D307', 'DM2');
INSERT INTO dis_relationship_master VALUES ('803SS197', 'C7', 'S84', 'SS197', 'D307', 'DM2');
INSERT INTO dis_relationship_master VALUES ('803SS113', 'C7', 'S84', 'SS113', 'D307', 'DM2');
INSERT INTO dis_relationship_master VALUES ('694SS1', 'C7', 'S7', 'SS1', 'D307', 'DM2');
INSERT INTO dis_relationship_master VALUES ('694SS71', 'C7', 'S7', 'SS71', 'D307', 'DM2');
INSERT INTO dis_relationship_master VALUES ('694SS56', 'C7', 'S7', 'SS56', 'D307', 'DM2');
INSERT INTO diagnosis_modifiers VALUES ('DM499', 'ADENOMYOMATOUS');
INSERT INTO dis_relationship_master VALUES ('741SS158', 'C7', 'S30', 'SS158', 'D307', 'DM499');
INSERT INTO dis_relationship_diagnosis_to_diagnosis_modifier VALUES ('D307', 'DM499');
INSERT INTO dis_relationship_master VALUES ('741SS112', 'C7', 'S30', 'SS112', 'D307', 'DM499');
INSERT INTO dis_relationship_master VALUES ('741SS69', 'C7', 'S30', 'SS69', 'D307', 'DM499');
INSERT INTO dis_relationship_master VALUES ('741SS18', 'C7', 'S30', 'SS18', 'D307', 'DM499');
INSERT INTO diagnosis_modifiers VALUES ('DM500', 'BENIGN LYMPHOID HYPERPLASIA');
INSERT INTO dis_relationship_master VALUES ('132', 'C7', 'S0', 'SS0', 'D307', 'DM500');
INSERT INTO dis_relationship_diagnosis_to_diagnosis_modifier VALUES ('D307', 'DM500');
INSERT INTO diagnosis_modifiers VALUES ('DM501', 'BENIGN PROSTATIC HYPERPLASIA');
INSERT INTO dis_relationship_master VALUES ('1157SS183', 'C7', 'S14', 'SS183', 'D307', 'DM501');
INSERT INTO dis_relationship_diagnosis_to_diagnosis_modifier VALUES ('D307', 'DM501');
INSERT INTO dis_relationship_master VALUES ('1157SS138', 'C7', 'S14', 'SS138', 'D307', 'DM501');
INSERT INTO dis_relationship_master VALUES ('1157SS134', 'C7', 'S14', 'SS134', 'D307', 'DM501');
INSERT INTO diagnosis_modifiers VALUES ('DM502', 'BRONCHIAL EPITHELIAL HYPERPLASIA');
INSERT INTO dis_relationship_master VALUES ('877SS125', 'C7', 'S94', 'SS125', 'D307', 'DM502');
INSERT INTO dis_relationship_diagnosis_to_diagnosis_modifier VALUES ('D307', 'DM502');
INSERT INTO diagnosis_modifiers VALUES ('DM503', 'DENTURE-INDUCED');
INSERT INTO dis_relationship_master VALUES ('990SS181', 'C7', 'S51', 'SS181', 'D307', 'DM503');
INSERT INTO dis_relationship_diagnosis_to_diagnosis_modifier VALUES ('D307', 'DM503');
INSERT INTO dis_relationship_master VALUES ('990SS167', 'C7', 'S51', 'SS167', 'D307', 'DM503');
INSERT INTO dis_relationship_master VALUES ('990SS139', 'C7', 'S51', 'SS139', 'D307', 'DM503');
INSERT INTO dis_relationship_master VALUES ('990SS121', 'C7', 'S51', 'SS121', 'D307', 'DM503');
INSERT INTO dis_relationship_master VALUES ('990SS100', 'C7', 'S51', 'SS100', 'D307', 'DM503');
INSERT INTO dis_relationship_master VALUES ('990SS75', 'C7', 'S51', 'SS75', 'D307', 'DM503');
INSERT INTO dis_relationship_master VALUES ('990SS72', 'C7', 'S51', 'SS72', 'D307', 'DM503');
INSERT INTO dis_relationship_master VALUES ('990SS55', 'C7', 'S51', 'SS55', 'D307', 'DM503');
INSERT INTO dis_relationship_master VALUES ('14SS105', 'C7', 'S80', 'SS105', 'D307', 'DM221');
INSERT INTO dis_relationship_diagnosis_to_diagnosis_modifier VALUES ('D307', 'DM221');
INSERT INTO dis_relationship_master VALUES ('14SS42', 'C7', 'S80', 'SS42', 'D307', 'DM221');
INSERT INTO diagnosis_modifiers VALUES ('DM504', 'DRUG INDUCED (DILANTIN)');
INSERT INTO dis_relationship_master VALUES ('991SS181', 'C7', 'S51', 'SS181', 'D307', 'DM504');
INSERT INTO dis_relationship_diagnosis_to_diagnosis_modifier VALUES ('D307', 'DM504');
INSERT INTO dis_relationship_master VALUES ('991SS167', 'C7', 'S51', 'SS167', 'D307', 'DM504');
INSERT INTO dis_relationship_master VALUES ('991SS139', 'C7', 'S51', 'SS139', 'D307', 'DM504');
INSERT INTO dis_relationship_master VALUES ('991SS121', 'C7', 'S51', 'SS121', 'D307', 'DM504');
INSERT INTO dis_relationship_master VALUES ('991SS100', 'C7', 'S51', 'SS100', 'D307', 'DM504');
INSERT INTO dis_relationship_master VALUES ('991SS75', 'C7', 'S51', 'SS75', 'D307', 'DM504');
INSERT INTO dis_relationship_master VALUES ('991SS72', 'C7', 'S51', 'SS72', 'D307', 'DM504');
INSERT INTO dis_relationship_master VALUES ('991SS55', 'C7', 'S51', 'SS55', 'D307', 'DM504');
INSERT INTO diagnosis_modifiers VALUES ('DM505', 'DUCTAL');
INSERT INTO dis_relationship_master VALUES ('600SS164', 'C7', 'S20', 'SS164', 'D307', 'DM505');
INSERT INTO dis_relationship_diagnosis_to_diagnosis_modifier VALUES ('D307', 'DM505');
INSERT INTO dis_relationship_master VALUES ('600SS118', 'C7', 'S20', 'SS118', 'D307', 'DM505');
INSERT INTO dis_relationship_master VALUES ('600SS114', 'C7', 'S20', 'SS114', 'D307', 'DM505');
INSERT INTO diagnosis_modifiers VALUES ('DM506', 'FOCAL EPITHELIAL HYPERPLASIA');
INSERT INTO dis_relationship_master VALUES ('992SS181', 'C7', 'S51', 'SS181', 'D307', 'DM506');
INSERT INTO dis_relationship_diagnosis_to_diagnosis_modifier VALUES ('D307', 'DM506');
INSERT INTO dis_relationship_master VALUES ('992SS167', 'C7', 'S51', 'SS167', 'D307', 'DM506');
INSERT INTO dis_relationship_master VALUES ('992SS139', 'C7', 'S51', 'SS139', 'D307', 'DM506');
INSERT INTO dis_relationship_master VALUES ('992SS121', 'C7', 'S51', 'SS121', 'D307', 'DM506');
INSERT INTO dis_relationship_master VALUES ('992SS100', 'C7', 'S51', 'SS100', 'D307', 'DM506');
INSERT INTO dis_relationship_master VALUES ('992SS75', 'C7', 'S51', 'SS75', 'D307', 'DM506');
INSERT INTO dis_relationship_master VALUES ('992SS72', 'C7', 'S51', 'SS72', 'D307', 'DM506');
INSERT INTO dis_relationship_master VALUES ('992SS55', 'C7', 'S51', 'SS55', 'D307', 'DM506');
INSERT INTO diagnosis_modifiers VALUES ('DM507', 'FOCAL NODULAR HYPERPLASIA');
INSERT INTO dis_relationship_master VALUES ('841SS1', 'C7', 'S39', 'SS1', 'D307', 'DM507');
INSERT INTO dis_relationship_diagnosis_to_diagnosis_modifier VALUES ('D307', 'DM507');
INSERT INTO dis_relationship_master VALUES ('15SS105', 'C7', 'S80', 'SS105', 'D307', 'DM507');
INSERT INTO dis_relationship_master VALUES ('15SS42', 'C7', 'S80', 'SS42', 'D307', 'DM507');
INSERT INTO diagnosis_modifiers VALUES ('DM508', 'FOLLICULAR HYPERPLASIA');
INSERT INTO dis_relationship_master VALUES ('1374SS1', 'C7', 'S50', 'SS1', 'D307', 'DM508');
INSERT INTO dis_relationship_diagnosis_to_diagnosis_modifier VALUES ('D307', 'DM508');
INSERT INTO diagnosis_modifiers VALUES ('DM509', 'LOBULAR');
INSERT INTO dis_relationship_master VALUES ('601SS164', 'C7', 'S20', 'SS164', 'D307', 'DM509');
INSERT INTO dis_relationship_diagnosis_to_diagnosis_modifier VALUES ('D307', 'DM509');
INSERT INTO dis_relationship_master VALUES ('601SS118', 'C7', 'S20', 'SS118', 'D307', 'DM509');
INSERT INTO dis_relationship_master VALUES ('601SS114', 'C7', 'S20', 'SS114', 'D307', 'DM509');
INSERT INTO diagnosis_modifiers VALUES ('DM510', 'LYMPHOID');
INSERT INTO dis_relationship_master VALUES ('993SS181', 'C7', 'S51', 'SS181', 'D307', 'DM510');
INSERT INTO dis_relationship_diagnosis_to_diagnosis_modifier VALUES ('D307', 'DM510');
INSERT INTO dis_relationship_master VALUES ('993SS167', 'C7', 'S51', 'SS167', 'D307', 'DM510');
INSERT INTO dis_relationship_master VALUES ('993SS139', 'C7', 'S51', 'SS139', 'D307', 'DM510');
INSERT INTO dis_relationship_master VALUES ('993SS121', 'C7', 'S51', 'SS121', 'D307', 'DM510');
INSERT INTO dis_relationship_master VALUES ('993SS100', 'C7', 'S51', 'SS100', 'D307', 'DM510');
INSERT INTO dis_relationship_master VALUES ('993SS75', 'C7', 'S51', 'SS75', 'D307', 'DM510');
INSERT INTO dis_relationship_master VALUES ('993SS72', 'C7', 'S51', 'SS72', 'D307', 'DM510');
INSERT INTO dis_relationship_master VALUES ('993SS55', 'C7', 'S51', 'SS55', 'D307', 'DM510');
INSERT INTO diagnosis_modifiers VALUES ('DM511', 'MICROGLANDULAR');
INSERT INTO dis_relationship_master VALUES ('637SS53', 'C7', 'S62', 'SS53', 'D307', 'DM511');
INSERT INTO dis_relationship_diagnosis_to_diagnosis_modifier VALUES ('D307', 'DM511');
INSERT INTO dis_relationship_master VALUES ('637SS51', 'C7', 'S62', 'SS51', 'D307', 'DM511');
INSERT INTO dis_relationship_master VALUES ('637SS50', 'C7', 'S62', 'SS50', 'D307', 'DM511');
INSERT INTO dis_relationship_master VALUES ('1109SS1', 'C7', 'S15', 'SS1', 'D307', 'DM72');
INSERT INTO dis_relationship_diagnosis_to_diagnosis_modifier VALUES ('D307', 'DM72');
INSERT INTO diagnosis_modifiers VALUES ('DM512', 'NODULAR');
INSERT INTO dis_relationship_master VALUES ('16SS105', 'C7', 'S80', 'SS105', 'D307', 'DM512');
INSERT INTO dis_relationship_diagnosis_to_diagnosis_modifier VALUES ('D307', 'DM512');
INSERT INTO dis_relationship_master VALUES ('16SS42', 'C7', 'S80', 'SS42', 'D307', 'DM512');
INSERT INTO dis_relationship_master VALUES ('1546SS166', 'C7', 'S70', 'SS166', 'D307', 'DM80');
INSERT INTO dis_relationship_diagnosis_to_diagnosis_modifier VALUES ('D307', 'DM80');
INSERT INTO dis_relationship_master VALUES ('1546SS136', 'C7', 'S70', 'SS136', 'D307', 'DM80');
INSERT INTO dis_relationship_master VALUES ('1546SS132', 'C7', 'S70', 'SS132', 'D307', 'DM80');
INSERT INTO dis_relationship_master VALUES ('1546SS115', 'C7', 'S70', 'SS115', 'D307', 'DM80');
INSERT INTO dis_relationship_master VALUES ('1546SS54', 'C7', 'S70', 'SS54', 'D307', 'DM80');
INSERT INTO diagnosis_modifiers VALUES ('DM513', 'ATYPICAL ADENOMATOUS');
INSERT INTO dis_relationship_master VALUES ('878SS125', 'C5', 'S94', 'SS125', 'D180', 'DM513');
INSERT INTO dis_relationship_diagnosis_to_diagnosis_modifier VALUES ('D180', 'DM513');
INSERT INTO dis_relationship_master VALUES ('1158SS183', 'C5', 'S14', 'SS183', 'D180', 'DM513');
INSERT INTO dis_relationship_master VALUES ('1158SS138', 'C5', 'S14', 'SS138', 'D180', 'DM513');
INSERT INTO dis_relationship_master VALUES ('1158SS134', 'C5', 'S14', 'SS134', 'D180', 'DM513');
INSERT INTO diagnosis_modifiers VALUES ('DM514', 'ATYPICAL COMPLEX');
INSERT INTO dis_relationship_master VALUES ('1547SS166', 'C5', 'S70', 'SS166', 'D180', 'DM514');
INSERT INTO dis_relationship_diagnosis_to_diagnosis_modifier VALUES ('D180', 'DM514');
INSERT INTO dis_relationship_master VALUES ('1547SS136', 'C5', 'S70', 'SS136', 'D180', 'DM514');
INSERT INTO dis_relationship_master VALUES ('1547SS132', 'C5', 'S70', 'SS132', 'D180', 'DM514');
INSERT INTO dis_relationship_master VALUES ('1547SS115', 'C5', 'S70', 'SS115', 'D180', 'DM514');
INSERT INTO dis_relationship_master VALUES ('1547SS54', 'C5', 'S70', 'SS54', 'D180', 'DM514');
INSERT INTO diagnosis_modifiers VALUES ('DM515', 'ATYPICAL DUCTAL');
INSERT INTO dis_relationship_master VALUES ('602SS164', 'C5', 'S20', 'SS164', 'D180', 'DM515');
INSERT INTO dis_relationship_diagnosis_to_diagnosis_modifier VALUES ('D180', 'DM515');
INSERT INTO dis_relationship_master VALUES ('602SS118', 'C5', 'S20', 'SS118', 'D180', 'DM515');
INSERT INTO dis_relationship_master VALUES ('602SS114', 'C5', 'S20', 'SS114', 'D180', 'DM515');
INSERT INTO diagnosis_modifiers VALUES ('DM516', 'ATYPICAL GLANDULAR WITH HPV');
INSERT INTO dis_relationship_master VALUES ('638SS53', 'C5', 'S62', 'SS53', 'D180', 'DM516');
INSERT INTO dis_relationship_diagnosis_to_diagnosis_modifier VALUES ('D180', 'DM516');
INSERT INTO dis_relationship_master VALUES ('638SS51', 'C5', 'S62', 'SS51', 'D180', 'DM516');
INSERT INTO dis_relationship_master VALUES ('638SS50', 'C5', 'S62', 'SS50', 'D180', 'DM516');
INSERT INTO diagnosis_modifiers VALUES ('DM517', 'ATYPICAL LOBULAR');
INSERT INTO dis_relationship_master VALUES ('603SS164', 'C5', 'S20', 'SS164', 'D180', 'DM517');
INSERT INTO dis_relationship_diagnosis_to_diagnosis_modifier VALUES ('D180', 'DM517');
INSERT INTO dis_relationship_master VALUES ('603SS118', 'C5', 'S20', 'SS118', 'D180', 'DM517');
INSERT INTO dis_relationship_master VALUES ('603SS114', 'C5', 'S20', 'SS114', 'D180', 'DM517');
INSERT INTO diagnosis_modifiers VALUES ('DM518', 'ATYPICAL SIMPLE');
INSERT INTO dis_relationship_master VALUES ('1548SS166', 'C5', 'S70', 'SS166', 'D180', 'DM518');
INSERT INTO dis_relationship_diagnosis_to_diagnosis_modifier VALUES ('D180', 'DM518');
INSERT INTO dis_relationship_master VALUES ('1548SS136', 'C5', 'S70', 'SS136', 'D180', 'DM518');
INSERT INTO dis_relationship_master VALUES ('1548SS132', 'C5', 'S70', 'SS132', 'D180', 'DM518');
INSERT INTO dis_relationship_master VALUES ('1548SS115', 'C5', 'S70', 'SS115', 'D180', 'DM518');
INSERT INTO dis_relationship_master VALUES ('1548SS54', 'C5', 'S70', 'SS54', 'D180', 'DM518');
INSERT INTO diagnoses VALUES ('D308', 'HYPERSENSITIVITY PNEUMONITIS');
INSERT INTO dis_relationship_master VALUES ('879SS125', 'C2', 'S94', 'SS125', 'D308', 'DM2');
INSERT INTO dis_relationship_diagnosis_to_diagnosis_modifier VALUES ('D308', 'DM2');
INSERT INTO dis_relationship_master VALUES ('1778', 'C0', 'S0', 'SS0', 'D308', 'DM2');
INSERT INTO diagnoses VALUES ('D309', 'HYPERTROPHY');
INSERT INTO dis_relationship_master VALUES ('1863', 'C0', 'S0', 'SS0', 'D309', 'DM2');
INSERT INTO dis_relationship_diagnosis_to_diagnosis_modifier VALUES ('D309', 'DM2');
INSERT INTO dis_relationship_master VALUES ('756SS193', 'C2', 'S3', 'SS193', 'D309', 'DM2');
INSERT INTO dis_relationship_master VALUES ('756SS192', 'C2', 'S3', 'SS192', 'D309', 'DM2');
INSERT INTO dis_relationship_master VALUES ('756SS191', 'C2', 'S3', 'SS191', 'D309', 'DM2');
INSERT INTO dis_relationship_master VALUES ('756SS187', 'C2', 'S3', 'SS187', 'D309', 'DM2');
INSERT INTO dis_relationship_master VALUES ('756SS162', 'C2', 'S3', 'SS162', 'D309', 'DM2');
INSERT INTO dis_relationship_master VALUES ('756SS144', 'C2', 'S3', 'SS144', 'D309', 'DM2');
INSERT INTO dis_relationship_master VALUES ('756SS111', 'C2', 'S3', 'SS111', 'D309', 'DM2');
INSERT INTO dis_relationship_master VALUES ('756SS34', 'C2', 'S3', 'SS34', 'D309', 'DM2');
INSERT INTO dis_relationship_master VALUES ('756SS25', 'C2', 'S3', 'SS25', 'D309', 'DM2');
INSERT INTO dis_relationship_master VALUES ('756SS15', 'C2', 'S3', 'SS15', 'D309', 'DM2');
INSERT INTO dis_relationship_master VALUES ('756SS12', 'C2', 'S3', 'SS12', 'D309', 'DM2');
INSERT INTO dis_relationship_master VALUES ('756SS11', 'C2', 'S3', 'SS11', 'D309', 'DM2');
INSERT INTO dis_relationship_master VALUES ('756SS7', 'C2', 'S3', 'SS7', 'D309', 'DM2');
INSERT INTO diagnoses VALUES ('D310', 'INFARCTION');
INSERT INTO dis_relationship_master VALUES ('757SS193', 'C2', 'S3', 'SS193', 'D310', 'DM2');
INSERT INTO dis_relationship_diagnosis_to_diagnosis_modifier VALUES ('D310', 'DM2');
INSERT INTO dis_relationship_master VALUES ('757SS192', 'C2', 'S3', 'SS192', 'D310', 'DM2');
INSERT INTO dis_relationship_master VALUES ('757SS191', 'C2', 'S3', 'SS191', 'D310', 'DM2');
INSERT INTO dis_relationship_master VALUES ('757SS187', 'C2', 'S3', 'SS187', 'D310', 'DM2');
INSERT INTO dis_relationship_master VALUES ('757SS162', 'C2', 'S3', 'SS162', 'D310', 'DM2');
INSERT INTO dis_relationship_master VALUES ('757SS144', 'C2', 'S3', 'SS144', 'D310', 'DM2');
INSERT INTO dis_relationship_master VALUES ('757SS111', 'C2', 'S3', 'SS111', 'D310', 'DM2');
INSERT INTO dis_relationship_master VALUES ('757SS34', 'C2', 'S3', 'SS34', 'D310', 'DM2');
INSERT INTO dis_relationship_master VALUES ('757SS25', 'C2', 'S3', 'SS25', 'D310', 'DM2');
INSERT INTO dis_relationship_master VALUES ('757SS15', 'C2', 'S3', 'SS15', 'D310', 'DM2');
INSERT INTO dis_relationship_master VALUES ('757SS12', 'C2', 'S3', 'SS12', 'D310', 'DM2');
INSERT INTO dis_relationship_master VALUES ('757SS11', 'C2', 'S3', 'SS11', 'D310', 'DM2');
INSERT INTO dis_relationship_master VALUES ('757SS7', 'C2', 'S3', 'SS7', 'D310', 'DM2');
INSERT INTO dis_relationship_master VALUES ('2155', 'C0', 'S0', 'SS0', 'D310', 'DM2');
INSERT INTO dis_relationship_master VALUES ('1724SS183', 'C2', 'S14', 'SS183', 'D310', 'DM2');
INSERT INTO dis_relationship_master VALUES ('1724SS138', 'C2', 'S14', 'SS138', 'D310', 'DM2');
INSERT INTO dis_relationship_master VALUES ('1724SS134', 'C2', 'S14', 'SS134', 'D310', 'DM2');
INSERT INTO dis_relationship_master VALUES ('1658SS192', 'C2', 'S31', 'SS192', 'D310', 'DM2');
INSERT INTO dis_relationship_master VALUES ('1658SS177', 'C2', 'S31', 'SS177', 'D310', 'DM2');
INSERT INTO dis_relationship_master VALUES ('1658SS176', 'C2', 'S31', 'SS176', 'D310', 'DM2');
INSERT INTO dis_relationship_master VALUES ('1658SS126', 'C2', 'S31', 'SS126', 'D310', 'DM2');
INSERT INTO dis_relationship_master VALUES ('1658SS119', 'C2', 'S31', 'SS119', 'D310', 'DM2');
INSERT INTO dis_relationship_master VALUES ('1658SS82', 'C2', 'S31', 'SS82', 'D310', 'DM2');
INSERT INTO dis_relationship_master VALUES ('1658SS78', 'C2', 'S31', 'SS78', 'D310', 'DM2');
INSERT INTO dis_relationship_master VALUES ('1658SS67', 'C2', 'S31', 'SS67', 'D310', 'DM2');
INSERT INTO dis_relationship_master VALUES ('1658SS49', 'C2', 'S31', 'SS49', 'D310', 'DM2');
INSERT INTO dis_relationship_master VALUES ('1658SS42', 'C2', 'S31', 'SS42', 'D310', 'DM2');
INSERT INTO dis_relationship_master VALUES ('1658SS40', 'C2', 'S31', 'SS40', 'D310', 'DM2');
INSERT INTO dis_relationship_master VALUES ('1658SS35', 'C2', 'S31', 'SS35', 'D310', 'DM2');
INSERT INTO dis_relationship_master VALUES ('1658SS31', 'C2', 'S31', 'SS31', 'D310', 'DM2');
INSERT INTO dis_relationship_master VALUES ('1658SS29', 'C2', 'S31', 'SS29', 'D310', 'DM2');
INSERT INTO dis_relationship_master VALUES ('1658SS17', 'C2', 'S31', 'SS17', 'D310', 'DM2');
INSERT INTO diagnosis_modifiers VALUES ('DM519', 'MULTI INFARCT DEMENTIA');
INSERT INTO dis_relationship_master VALUES ('520SS192', 'C2', 'S31', 'SS192', 'D310', 'DM519');
INSERT INTO dis_relationship_diagnosis_to_diagnosis_modifier VALUES ('D310', 'DM519');
INSERT INTO dis_relationship_master VALUES ('520SS177', 'C2', 'S31', 'SS177', 'D310', 'DM519');
INSERT INTO dis_relationship_master VALUES ('520SS176', 'C2', 'S31', 'SS176', 'D310', 'DM519');
INSERT INTO dis_relationship_master VALUES ('520SS126', 'C2', 'S31', 'SS126', 'D310', 'DM519');
INSERT INTO dis_relationship_master VALUES ('520SS119', 'C2', 'S31', 'SS119', 'D310', 'DM519');
INSERT INTO dis_relationship_master VALUES ('520SS82', 'C2', 'S31', 'SS82', 'D310', 'DM519');
INSERT INTO dis_relationship_master VALUES ('520SS78', 'C2', 'S31', 'SS78', 'D310', 'DM519');
INSERT INTO dis_relationship_master VALUES ('520SS67', 'C2', 'S31', 'SS67', 'D310', 'DM519');
INSERT INTO dis_relationship_master VALUES ('520SS49', 'C2', 'S31', 'SS49', 'D310', 'DM519');
INSERT INTO dis_relationship_master VALUES ('520SS42', 'C2', 'S31', 'SS42', 'D310', 'DM519');
INSERT INTO dis_relationship_master VALUES ('520SS40', 'C2', 'S31', 'SS40', 'D310', 'DM519');
INSERT INTO dis_relationship_master VALUES ('520SS35', 'C2', 'S31', 'SS35', 'D310', 'DM519');
INSERT INTO dis_relationship_master VALUES ('520SS31', 'C2', 'S31', 'SS31', 'D310', 'DM519');
INSERT INTO dis_relationship_master VALUES ('520SS29', 'C2', 'S31', 'SS29', 'D310', 'DM519');
INSERT INTO dis_relationship_master VALUES ('520SS17', 'C2', 'S31', 'SS17', 'D310', 'DM519');
INSERT INTO diagnosis_modifiers VALUES ('DM520', 'PROSTATECTOMY');
INSERT INTO dis_relationship_master VALUES ('1159SS183', 'C2', 'S14', 'SS183', 'D310', 'DM520');
INSERT INTO dis_relationship_diagnosis_to_diagnosis_modifier VALUES ('D310', 'DM520');
INSERT INTO dis_relationship_master VALUES ('1159SS138', 'C2', 'S14', 'SS138', 'D310', 'DM520');
INSERT INTO dis_relationship_master VALUES ('1159SS134', 'C2', 'S14', 'SS134', 'D310', 'DM520');
INSERT INTO dis_relationship_master VALUES ('133', 'C2', 'S0', 'SS0', 'D181', 'DM388');
INSERT INTO dis_relationship_diagnosis_to_diagnosis_modifier VALUES ('D181', 'DM388');
INSERT INTO dis_relationship_master VALUES ('134', 'C2', 'S0', 'SS0', 'D181', 'DM390');
INSERT INTO dis_relationship_diagnosis_to_diagnosis_modifier VALUES ('D181', 'DM390');
INSERT INTO diagnosis_modifiers VALUES ('DM521', 'MYCOBACTERIAL');
INSERT INTO dis_relationship_master VALUES ('135', 'C2', 'S0', 'SS0', 'D181', 'DM521');
INSERT INTO dis_relationship_diagnosis_to_diagnosis_modifier VALUES ('D181', 'DM521');
INSERT INTO diagnosis_modifiers VALUES ('DM522', 'PARASITIC');
INSERT INTO dis_relationship_master VALUES ('136', 'C2', 'S0', 'SS0', 'D181', 'DM522');
INSERT INTO dis_relationship_diagnosis_to_diagnosis_modifier VALUES ('D181', 'DM522');
INSERT INTO dis_relationship_master VALUES ('137', 'C2', 'S0', 'SS0', 'D181', 'DM391');
INSERT INTO dis_relationship_diagnosis_to_diagnosis_modifier VALUES ('D181', 'DM391');
INSERT INTO dis_relationship_master VALUES ('138', 'C2', 'S0', 'SS0', 'D182', 'DM113');
INSERT INTO dis_relationship_diagnosis_to_diagnosis_modifier VALUES ('D182', 'DM113');
INSERT INTO diagnosis_modifiers VALUES ('DM523', 'AORTITIS');
INSERT INTO dis_relationship_master VALUES ('1588SS173', 'C2', 'S88', 'SS173', 'D182', 'DM523');
INSERT INTO dis_relationship_diagnosis_to_diagnosis_modifier VALUES ('D182', 'DM523');
INSERT INTO dis_relationship_master VALUES ('1588SS150', 'C2', 'S88', 'SS150', 'D182', 'DM523');
INSERT INTO dis_relationship_master VALUES ('1588SS93', 'C2', 'S88', 'SS93', 'D182', 'DM523');
INSERT INTO dis_relationship_master VALUES ('1588SS87', 'C2', 'S88', 'SS87', 'D182', 'DM523');
INSERT INTO dis_relationship_master VALUES ('1588SS58', 'C2', 'S88', 'SS58', 'D182', 'DM523');
INSERT INTO dis_relationship_master VALUES ('329SS194', 'C2', 'S9', 'SS194', 'D182', 'DM523');
INSERT INTO dis_relationship_master VALUES ('329SS166', 'C2', 'S9', 'SS166', 'D182', 'DM523');
INSERT INTO dis_relationship_master VALUES ('329SS150', 'C2', 'S9', 'SS150', 'D182', 'DM523');
INSERT INTO dis_relationship_master VALUES ('329SS143', 'C2', 'S9', 'SS143', 'D182', 'DM523');
INSERT INTO dis_relationship_master VALUES ('329SS30', 'C2', 'S9', 'SS30', 'D182', 'DM523');
INSERT INTO dis_relationship_master VALUES ('329SS28', 'C2', 'S9', 'SS28', 'D182', 'DM523');
INSERT INTO dis_relationship_master VALUES ('329SS26', 'C2', 'S9', 'SS26', 'D182', 'DM523');
INSERT INTO dis_relationship_master VALUES ('329SS6', 'C2', 'S9', 'SS6', 'D182', 'DM523');
INSERT INTO dis_relationship_master VALUES ('139', 'C2', 'S0', 'SS0', 'D182', 'DM151');
INSERT INTO dis_relationship_diagnosis_to_diagnosis_modifier VALUES ('D182', 'DM151');
INSERT INTO diagnosis_modifiers VALUES ('DM524', 'EOSINOPHILIC');
INSERT INTO dis_relationship_master VALUES ('140', 'C2', 'S0', 'SS0', 'D182', 'DM524');
INSERT INTO dis_relationship_diagnosis_to_diagnosis_modifier VALUES ('D182', 'DM524');
INSERT INTO diagnosis_modifiers VALUES ('DM525', 'GRANULOMATOUS');
INSERT INTO dis_relationship_master VALUES ('141', 'C2', 'S0', 'SS0', 'D182', 'DM525');
INSERT INTO dis_relationship_diagnosis_to_diagnosis_modifier VALUES ('D182', 'DM525');
INSERT INTO diagnoses VALUES ('D311', 'INFLAMMATION POLYMYOSITIS');
INSERT INTO dis_relationship_master VALUES ('1237', 'C2', 'S38', 'SS0', 'D311', 'DM2');
INSERT INTO dis_relationship_diagnosis_to_diagnosis_modifier VALUES ('D311', 'DM2');
INSERT INTO dis_relationship_master VALUES ('1892', 'C0', 'S0', 'SS0', 'D311', 'DM2');
INSERT INTO diagnoses VALUES ('D312', 'INFLAMMATORY MYOFIBROBLASTIC TUMOR');
INSERT INTO dis_relationship_master VALUES ('880SS125', 'C1', 'S94', 'SS125', 'D312', 'DM2');
INSERT INTO dis_relationship_diagnosis_to_diagnosis_modifier VALUES ('D312', 'DM2');
INSERT INTO dis_relationship_master VALUES ('1986', 'C0', 'S0', 'SS0', 'D312', 'DM2');
INSERT INTO diagnoses VALUES ('D313', 'INTESTINAL METAPLASIA');
INSERT INTO dis_relationship_master VALUES ('1438SS166', 'C7', 'S100', 'SS166', 'D313', 'DM2');
INSERT INTO dis_relationship_diagnosis_to_diagnosis_modifier VALUES ('D313', 'DM2');
INSERT INTO dis_relationship_master VALUES ('1438SS147', 'C7', 'S100', 'SS147', 'D313', 'DM2');
INSERT INTO dis_relationship_master VALUES ('1438SS145', 'C7', 'S100', 'SS145', 'D313', 'DM2');
INSERT INTO dis_relationship_master VALUES ('1438SS68', 'C7', 'S100', 'SS68', 'D313', 'DM2');
INSERT INTO dis_relationship_master VALUES ('1438SS5', 'C7', 'S100', 'SS5', 'D313', 'DM2');
INSERT INTO dis_relationship_master VALUES ('1438SS24', 'C7', 'S100', 'SS24', 'D313', 'DM2');
INSERT INTO dis_relationship_master VALUES ('1827', 'C0', 'S0', 'SS0', 'D313', 'DM2');
INSERT INTO diagnoses VALUES ('D314', 'INTESTINAL METAPLASIA (BARRETTS ESOPHAGUS)');
INSERT INTO dis_relationship_master VALUES ('1936', 'C0', 'S0', 'SS0', 'D314', 'DM2');
INSERT INTO dis_relationship_diagnosis_to_diagnosis_modifier VALUES ('D314', 'DM2');
INSERT INTO dis_relationship_master VALUES ('695SS1', 'C2', 'S7', 'SS1', 'D314', 'DM2');
INSERT INTO dis_relationship_master VALUES ('695SS71', 'C2', 'S7', 'SS71', 'D314', 'DM2');
INSERT INTO dis_relationship_master VALUES ('695SS56', 'C2', 'S7', 'SS56', 'D314', 'DM2');
INSERT INTO diagnoses VALUES ('D315', 'INTESTINAL METAPLASIA (BARRETTS ESOPHAGUS)  WITH DYSPLASIA');
INSERT INTO dis_relationship_master VALUES ('2109', 'C0', 'S0', 'SS0', 'D315', 'DM2');
INSERT INTO dis_relationship_diagnosis_to_diagnosis_modifier VALUES ('D315', 'DM2');
INSERT INTO dis_relationship_master VALUES ('696SS1', 'C5', 'S7', 'SS1', 'D315', 'DM2');
INSERT INTO dis_relationship_master VALUES ('696SS71', 'C5', 'S7', 'SS71', 'D315', 'DM2');
INSERT INTO dis_relationship_master VALUES ('696SS56', 'C5', 'S7', 'SS56', 'D315', 'DM2');
INSERT INTO diagnoses VALUES ('D316', 'INTRADUCTAL PAPILLARY MUCINOUS NEOPLASM');
INSERT INTO dis_relationship_master VALUES ('1094SS175', 'C1', 'S24', 'SS175', 'D316', 'DM2');
INSERT INTO dis_relationship_diagnosis_to_diagnosis_modifier VALUES ('D316', 'DM2');
INSERT INTO dis_relationship_master VALUES ('1094SS123', 'C1', 'S24', 'SS123', 'D316', 'DM2');
INSERT INTO dis_relationship_master VALUES ('1749', 'C0', 'S0', 'SS0', 'D316', 'DM2');
INSERT INTO diagnoses VALUES ('D317', 'INTRAEPITHELIAL DYSPLASIA OF PROSTATIC DUCTS');
INSERT INTO dis_relationship_master VALUES ('1160SS183', 'C5', 'S14', 'SS183', 'D317', 'DM2');
INSERT INTO dis_relationship_diagnosis_to_diagnosis_modifier VALUES ('D317', 'DM2');
INSERT INTO dis_relationship_master VALUES ('1160SS138', 'C5', 'S14', 'SS138', 'D317', 'DM2');
INSERT INTO dis_relationship_master VALUES ('1160SS134', 'C5', 'S14', 'SS134', 'D317', 'DM2');
INSERT INTO dis_relationship_master VALUES ('1959', 'C0', 'S0', 'SS0', 'D317', 'DM2');
INSERT INTO diagnoses VALUES ('D318', 'INTRAEPITHELIAL NEOPLASIA');
INSERT INTO dis_relationship_master VALUES ('1602SS96', 'C5', 'S78', 'SS96', 'D318', 'DM2');
INSERT INTO dis_relationship_diagnosis_to_diagnosis_modifier VALUES ('D318', 'DM2');
INSERT INTO dis_relationship_master VALUES ('1602SS95', 'C5', 'S78', 'SS95', 'D318', 'DM2');
INSERT INTO dis_relationship_master VALUES ('1564SS81', 'C5', 'S95', 'SS81', 'D318', 'DM2');
INSERT INTO dis_relationship_master VALUES ('2124', 'C0', 'S0', 'SS0', 'D318', 'DM2');
INSERT INTO diagnoses VALUES ('D319', 'ISLET CELL HYPERPLASIA/ NESIDIOBLASTOSIS');
INSERT INTO dis_relationship_master VALUES ('1095SS175', 'C7', 'S24', 'SS175', 'D319', 'DM2');
INSERT INTO dis_relationship_diagnosis_to_diagnosis_modifier VALUES ('D319', 'DM2');
INSERT INTO dis_relationship_master VALUES ('1095SS123', 'C7', 'S24', 'SS123', 'D319', 'DM2');
INSERT INTO dis_relationship_master VALUES ('1806', 'C0', 'S0', 'SS0', 'D319', 'DM2');
INSERT INTO dis_relationship_master VALUES ('1096SS175', 'C6', 'S24', 'SS175', 'D183', 'DM379');
INSERT INTO dis_relationship_diagnosis_to_diagnosis_modifier VALUES ('D183', 'DM379');
INSERT INTO dis_relationship_master VALUES ('1096SS123', 'C6', 'S24', 'SS123', 'D183', 'DM379');
INSERT INTO diagnoses VALUES ('D320', 'KELOID/ HYPERPLASTIC SCAR');
INSERT INTO dis_relationship_master VALUES ('1265SS157', 'C7', 'S1', 'SS157', 'D320', 'DM2');
INSERT INTO dis_relationship_diagnosis_to_diagnosis_modifier VALUES ('D320', 'DM2');
INSERT INTO dis_relationship_master VALUES ('1265SS156', 'C7', 'S1', 'SS156', 'D320', 'DM2');
INSERT INTO dis_relationship_master VALUES ('1265SS98', 'C7', 'S1', 'SS98', 'D320', 'DM2');
INSERT INTO dis_relationship_master VALUES ('1265SS73', 'C7', 'S1', 'SS73', 'D320', 'DM2');
INSERT INTO dis_relationship_master VALUES ('1265SS66', 'C7', 'S1', 'SS66', 'D320', 'DM2');
INSERT INTO dis_relationship_master VALUES ('1265SS65', 'C7', 'S1', 'SS65', 'D320', 'DM2');
INSERT INTO dis_relationship_master VALUES ('1265SS57', 'C7', 'S1', 'SS57', 'D320', 'DM2');
INSERT INTO dis_relationship_master VALUES ('1265SS19', 'C7', 'S1', 'SS19', 'D320', 'DM2');
INSERT INTO dis_relationship_master VALUES ('1265SS8', 'C7', 'S1', 'SS8', 'D320', 'DM2');
INSERT INTO dis_relationship_master VALUES ('1265SS2', 'C7', 'S1', 'SS2', 'D320', 'DM2');
INSERT INTO dis_relationship_master VALUES ('2162', 'C0', 'S0', 'SS0', 'D320', 'DM2');
INSERT INTO diagnoses VALUES ('D321', 'KERATOACANTHOMA');
INSERT INTO dis_relationship_master VALUES ('1266SS157', 'C7', 'S1', 'SS157', 'D321', 'DM2');
INSERT INTO dis_relationship_diagnosis_to_diagnosis_modifier VALUES ('D321', 'DM2');
INSERT INTO dis_relationship_master VALUES ('1266SS156', 'C7', 'S1', 'SS156', 'D321', 'DM2');
INSERT INTO dis_relationship_master VALUES ('1266SS98', 'C7', 'S1', 'SS98', 'D321', 'DM2');
INSERT INTO dis_relationship_master VALUES ('1266SS73', 'C7', 'S1', 'SS73', 'D321', 'DM2');
INSERT INTO dis_relationship_master VALUES ('1266SS66', 'C7', 'S1', 'SS66', 'D321', 'DM2');
INSERT INTO dis_relationship_master VALUES ('1266SS65', 'C7', 'S1', 'SS65', 'D321', 'DM2');
INSERT INTO dis_relationship_master VALUES ('1266SS57', 'C7', 'S1', 'SS57', 'D321', 'DM2');
INSERT INTO dis_relationship_master VALUES ('1266SS19', 'C7', 'S1', 'SS19', 'D321', 'DM2');
INSERT INTO dis_relationship_master VALUES ('1266SS8', 'C7', 'S1', 'SS8', 'D321', 'DM2');
INSERT INTO dis_relationship_master VALUES ('1266SS2', 'C7', 'S1', 'SS2', 'D321', 'DM2');
INSERT INTO dis_relationship_master VALUES ('1800', 'C0', 'S0', 'SS0', 'D321', 'DM2');
INSERT INTO diagnoses VALUES ('D322', 'LANGERHANS CELL HISTIOCYTOSIS/ HISTIOCYTOSIS X');
INSERT INTO dis_relationship_master VALUES ('1981', 'C0', 'S0', 'SS0', 'D322', 'DM2');
INSERT INTO dis_relationship_diagnosis_to_diagnosis_modifier VALUES ('D322', 'DM2');
INSERT INTO dis_relationship_master VALUES ('142', 'C6', 'S0', 'SS0', 'D322', 'DM2');
INSERT INTO diagnoses VALUES ('D323', 'LEIOMYOMA');
INSERT INTO dis_relationship_master VALUES ('1549SS166', 'C7', 'S70', 'SS166', 'D323', 'DM2');
INSERT INTO dis_relationship_diagnosis_to_diagnosis_modifier VALUES ('D323', 'DM2');
INSERT INTO dis_relationship_master VALUES ('1549SS136', 'C7', 'S70', 'SS136', 'D323', 'DM2');
INSERT INTO dis_relationship_master VALUES ('1549SS132', 'C7', 'S70', 'SS132', 'D323', 'DM2');
INSERT INTO dis_relationship_master VALUES ('1549SS115', 'C7', 'S70', 'SS115', 'D323', 'DM2');
INSERT INTO dis_relationship_master VALUES ('1549SS54', 'C7', 'S70', 'SS54', 'D323', 'DM2');
INSERT INTO dis_relationship_master VALUES ('2337', 'C7', 'S0', 'SS0', 'D323', 'DM2');
INSERT INTO dis_relationship_master VALUES ('2071', 'C0', 'S0', 'SS0', 'D323', 'DM2');
INSERT INTO diagnosis_modifiers VALUES ('DM526', 'HYALINIZED');
INSERT INTO dis_relationship_master VALUES ('143', 'C7', 'S0', 'SS0', 'D323', 'DM526');
INSERT INTO dis_relationship_diagnosis_to_diagnosis_modifier VALUES ('D323', 'DM526');
INSERT INTO diagnosis_modifiers VALUES ('DM527', 'ALL - ACUTE LYMPHOCYTIC');
INSERT INTO dis_relationship_master VALUES ('1375SS1', 'C6', 'S50', 'SS1', 'D184', 'DM527');
INSERT INTO dis_relationship_diagnosis_to_diagnosis_modifier VALUES ('D184', 'DM527');
INSERT INTO dis_relationship_master VALUES ('904SS182', 'C6', 'S57', 'SS182', 'D184', 'DM527');
INSERT INTO dis_relationship_master VALUES ('904SS178', 'C6', 'S57', 'SS178', 'D184', 'DM527');
INSERT INTO dis_relationship_master VALUES ('904SS150', 'C6', 'S57', 'SS150', 'D184', 'DM527');
INSERT INTO dis_relationship_master VALUES ('904SS129', 'C6', 'S57', 'SS129', 'D184', 'DM527');
INSERT INTO dis_relationship_master VALUES ('904SS122', 'C6', 'S57', 'SS122', 'D184', 'DM527');
INSERT INTO dis_relationship_master VALUES ('904SS117', 'C6', 'S57', 'SS117', 'D184', 'DM527');
INSERT INTO dis_relationship_master VALUES ('904SS107', 'C6', 'S57', 'SS107', 'D184', 'DM527');
INSERT INTO dis_relationship_master VALUES ('904SS103', 'C6', 'S57', 'SS103', 'D184', 'DM527');
INSERT INTO dis_relationship_master VALUES ('904SS88', 'C6', 'S57', 'SS88', 'D184', 'DM527');
INSERT INTO dis_relationship_master VALUES ('904SS76', 'C6', 'S57', 'SS76', 'D184', 'DM527');
INSERT INTO dis_relationship_master VALUES ('904SS33', 'C6', 'S57', 'SS33', 'D184', 'DM527');
INSERT INTO dis_relationship_master VALUES ('904SS21', 'C6', 'S57', 'SS21', 'D184', 'DM527');
INSERT INTO dis_relationship_master VALUES ('904SS16', 'C6', 'S57', 'SS16', 'D184', 'DM527');
INSERT INTO dis_relationship_master VALUES ('904SS2', 'C6', 'S57', 'SS2', 'D184', 'DM527');
INSERT INTO dis_relationship_master VALUES ('447SS195', 'C6', 'S65', 'SS195', 'D184', 'DM527');
INSERT INTO dis_relationship_master VALUES ('447SS168', 'C6', 'S65', 'SS168', 'D184', 'DM527');
INSERT INTO dis_relationship_master VALUES ('447SS153', 'C6', 'S65', 'SS153', 'D184', 'DM527');
INSERT INTO dis_relationship_master VALUES ('447SS130', 'C6', 'S65', 'SS130', 'D184', 'DM527');
INSERT INTO dis_relationship_master VALUES ('447SS86', 'C6', 'S65', 'SS86', 'D184', 'DM527');
INSERT INTO dis_relationship_master VALUES ('447SS60', 'C6', 'S65', 'SS60', 'D184', 'DM527');
INSERT INTO dis_relationship_master VALUES ('366SS198', 'C6', 'S22', 'SS198', 'D184', 'DM527');
INSERT INTO dis_relationship_master VALUES ('366SS159', 'C6', 'S22', 'SS159', 'D184', 'DM527');
INSERT INTO dis_relationship_master VALUES ('366SS140', 'C6', 'S22', 'SS140', 'D184', 'DM527');
INSERT INTO dis_relationship_master VALUES ('366SS23', 'C6', 'S22', 'SS23', 'D184', 'DM527');
INSERT INTO dis_relationship_master VALUES ('144', 'C6', 'S0', 'SS0', 'D184', 'DM527');
INSERT INTO diagnosis_modifiers VALUES ('DM528', 'AML - ACUTE MYELOBLASTIC');
INSERT INTO dis_relationship_master VALUES ('1376SS1', 'C6', 'S50', 'SS1', 'D184', 'DM528');
INSERT INTO dis_relationship_diagnosis_to_diagnosis_modifier VALUES ('D184', 'DM528');
INSERT INTO dis_relationship_master VALUES ('905SS182', 'C6', 'S57', 'SS182', 'D184', 'DM528');
INSERT INTO dis_relationship_master VALUES ('905SS178', 'C6', 'S57', 'SS178', 'D184', 'DM528');
INSERT INTO dis_relationship_master VALUES ('905SS150', 'C6', 'S57', 'SS150', 'D184', 'DM528');
INSERT INTO dis_relationship_master VALUES ('905SS129', 'C6', 'S57', 'SS129', 'D184', 'DM528');
INSERT INTO dis_relationship_master VALUES ('905SS122', 'C6', 'S57', 'SS122', 'D184', 'DM528');
INSERT INTO dis_relationship_master VALUES ('905SS117', 'C6', 'S57', 'SS117', 'D184', 'DM528');
INSERT INTO dis_relationship_master VALUES ('905SS107', 'C6', 'S57', 'SS107', 'D184', 'DM528');
INSERT INTO dis_relationship_master VALUES ('905SS103', 'C6', 'S57', 'SS103', 'D184', 'DM528');
INSERT INTO dis_relationship_master VALUES ('905SS88', 'C6', 'S57', 'SS88', 'D184', 'DM528');
INSERT INTO dis_relationship_master VALUES ('905SS76', 'C6', 'S57', 'SS76', 'D184', 'DM528');
INSERT INTO dis_relationship_master VALUES ('905SS33', 'C6', 'S57', 'SS33', 'D184', 'DM528');
INSERT INTO dis_relationship_master VALUES ('905SS21', 'C6', 'S57', 'SS21', 'D184', 'DM528');
INSERT INTO dis_relationship_master VALUES ('905SS16', 'C6', 'S57', 'SS16', 'D184', 'DM528');
INSERT INTO dis_relationship_master VALUES ('905SS2', 'C6', 'S57', 'SS2', 'D184', 'DM528');
INSERT INTO dis_relationship_master VALUES ('448SS195', 'C6', 'S65', 'SS195', 'D184', 'DM528');
INSERT INTO dis_relationship_master VALUES ('448SS168', 'C6', 'S65', 'SS168', 'D184', 'DM528');
INSERT INTO dis_relationship_master VALUES ('448SS153', 'C6', 'S65', 'SS153', 'D184', 'DM528');
INSERT INTO dis_relationship_master VALUES ('448SS130', 'C6', 'S65', 'SS130', 'D184', 'DM528');
INSERT INTO dis_relationship_master VALUES ('448SS86', 'C6', 'S65', 'SS86', 'D184', 'DM528');
INSERT INTO dis_relationship_master VALUES ('448SS60', 'C6', 'S65', 'SS60', 'D184', 'DM528');
INSERT INTO dis_relationship_master VALUES ('367SS198', 'C6', 'S22', 'SS198', 'D184', 'DM528');
INSERT INTO dis_relationship_master VALUES ('367SS159', 'C6', 'S22', 'SS159', 'D184', 'DM528');
INSERT INTO dis_relationship_master VALUES ('367SS140', 'C6', 'S22', 'SS140', 'D184', 'DM528');
INSERT INTO dis_relationship_master VALUES ('367SS23', 'C6', 'S22', 'SS23', 'D184', 'DM528');
INSERT INTO dis_relationship_master VALUES ('145', 'C6', 'S0', 'SS0', 'D184', 'DM528');
INSERT INTO diagnosis_modifiers VALUES ('DM529', 'AML - ACUTE MYELOBLASTIC WITH MYELODYSPLASIA CHANGES');
INSERT INTO dis_relationship_master VALUES ('1377SS1', 'C6', 'S50', 'SS1', 'D184', 'DM529');
INSERT INTO dis_relationship_diagnosis_to_diagnosis_modifier VALUES ('D184', 'DM529');
INSERT INTO dis_relationship_master VALUES ('906SS182', 'C6', 'S57', 'SS182', 'D184', 'DM529');
INSERT INTO dis_relationship_master VALUES ('906SS178', 'C6', 'S57', 'SS178', 'D184', 'DM529');
INSERT INTO dis_relationship_master VALUES ('906SS150', 'C6', 'S57', 'SS150', 'D184', 'DM529');
INSERT INTO dis_relationship_master VALUES ('906SS129', 'C6', 'S57', 'SS129', 'D184', 'DM529');
INSERT INTO dis_relationship_master VALUES ('906SS122', 'C6', 'S57', 'SS122', 'D184', 'DM529');
INSERT INTO dis_relationship_master VALUES ('906SS117', 'C6', 'S57', 'SS117', 'D184', 'DM529');
INSERT INTO dis_relationship_master VALUES ('906SS107', 'C6', 'S57', 'SS107', 'D184', 'DM529');
INSERT INTO dis_relationship_master VALUES ('906SS103', 'C6', 'S57', 'SS103', 'D184', 'DM529');
INSERT INTO dis_relationship_master VALUES ('906SS88', 'C6', 'S57', 'SS88', 'D184', 'DM529');
INSERT INTO dis_relationship_master VALUES ('906SS76', 'C6', 'S57', 'SS76', 'D184', 'DM529');
INSERT INTO dis_relationship_master VALUES ('906SS33', 'C6', 'S57', 'SS33', 'D184', 'DM529');
INSERT INTO dis_relationship_master VALUES ('906SS21', 'C6', 'S57', 'SS21', 'D184', 'DM529');
INSERT INTO dis_relationship_master VALUES ('906SS16', 'C6', 'S57', 'SS16', 'D184', 'DM529');
INSERT INTO dis_relationship_master VALUES ('906SS2', 'C6', 'S57', 'SS2', 'D184', 'DM529');
INSERT INTO dis_relationship_master VALUES ('368SS198', 'C6', 'S22', 'SS198', 'D184', 'DM529');
INSERT INTO dis_relationship_master VALUES ('368SS159', 'C6', 'S22', 'SS159', 'D184', 'DM529');
INSERT INTO dis_relationship_master VALUES ('368SS140', 'C6', 'S22', 'SS140', 'D184', 'DM529');
INSERT INTO dis_relationship_master VALUES ('368SS23', 'C6', 'S22', 'SS23', 'D184', 'DM529');
INSERT INTO dis_relationship_master VALUES ('449SS195', 'C6', 'S65', 'SS195', 'D184', 'DM529');
INSERT INTO dis_relationship_master VALUES ('449SS168', 'C6', 'S65', 'SS168', 'D184', 'DM529');
INSERT INTO dis_relationship_master VALUES ('449SS153', 'C6', 'S65', 'SS153', 'D184', 'DM529');
INSERT INTO dis_relationship_master VALUES ('449SS130', 'C6', 'S65', 'SS130', 'D184', 'DM529');
INSERT INTO dis_relationship_master VALUES ('449SS86', 'C6', 'S65', 'SS86', 'D184', 'DM529');
INSERT INTO dis_relationship_master VALUES ('449SS60', 'C6', 'S65', 'SS60', 'D184', 'DM529');
INSERT INTO dis_relationship_master VALUES ('146', 'C6', 'S0', 'SS0', 'D184', 'DM529');
INSERT INTO diagnosis_modifiers VALUES ('DM530', 'AML - THERAPY RELATED');
INSERT INTO dis_relationship_master VALUES ('907SS182', 'C6', 'S57', 'SS182', 'D184', 'DM530');
INSERT INTO dis_relationship_diagnosis_to_diagnosis_modifier VALUES ('D184', 'DM530');
INSERT INTO dis_relationship_master VALUES ('907SS178', 'C6', 'S57', 'SS178', 'D184', 'DM530');
INSERT INTO dis_relationship_master VALUES ('907SS150', 'C6', 'S57', 'SS150', 'D184', 'DM530');
INSERT INTO dis_relationship_master VALUES ('907SS129', 'C6', 'S57', 'SS129', 'D184', 'DM530');
INSERT INTO dis_relationship_master VALUES ('907SS122', 'C6', 'S57', 'SS122', 'D184', 'DM530');
INSERT INTO dis_relationship_master VALUES ('907SS117', 'C6', 'S57', 'SS117', 'D184', 'DM530');
INSERT INTO dis_relationship_master VALUES ('907SS107', 'C6', 'S57', 'SS107', 'D184', 'DM530');
INSERT INTO dis_relationship_master VALUES ('907SS103', 'C6', 'S57', 'SS103', 'D184', 'DM530');
INSERT INTO dis_relationship_master VALUES ('907SS88', 'C6', 'S57', 'SS88', 'D184', 'DM530');
INSERT INTO dis_relationship_master VALUES ('907SS76', 'C6', 'S57', 'SS76', 'D184', 'DM530');
INSERT INTO dis_relationship_master VALUES ('907SS33', 'C6', 'S57', 'SS33', 'D184', 'DM530');
INSERT INTO dis_relationship_master VALUES ('907SS21', 'C6', 'S57', 'SS21', 'D184', 'DM530');
INSERT INTO dis_relationship_master VALUES ('907SS16', 'C6', 'S57', 'SS16', 'D184', 'DM530');
INSERT INTO dis_relationship_master VALUES ('907SS2', 'C6', 'S57', 'SS2', 'D184', 'DM530');
INSERT INTO dis_relationship_master VALUES ('1378SS1', 'C6', 'S50', 'SS1', 'D184', 'DM530');
INSERT INTO dis_relationship_master VALUES ('450SS195', 'C6', 'S65', 'SS195', 'D184', 'DM530');
INSERT INTO dis_relationship_master VALUES ('450SS168', 'C6', 'S65', 'SS168', 'D184', 'DM530');
INSERT INTO dis_relationship_master VALUES ('450SS153', 'C6', 'S65', 'SS153', 'D184', 'DM530');
INSERT INTO dis_relationship_master VALUES ('450SS130', 'C6', 'S65', 'SS130', 'D184', 'DM530');
INSERT INTO dis_relationship_master VALUES ('450SS86', 'C6', 'S65', 'SS86', 'D184', 'DM530');
INSERT INTO dis_relationship_master VALUES ('450SS60', 'C6', 'S65', 'SS60', 'D184', 'DM530');
INSERT INTO dis_relationship_master VALUES ('369SS198', 'C6', 'S22', 'SS198', 'D184', 'DM530');
INSERT INTO dis_relationship_master VALUES ('369SS159', 'C6', 'S22', 'SS159', 'D184', 'DM530');
INSERT INTO dis_relationship_master VALUES ('369SS140', 'C6', 'S22', 'SS140', 'D184', 'DM530');
INSERT INTO dis_relationship_master VALUES ('369SS23', 'C6', 'S22', 'SS23', 'D184', 'DM530');
INSERT INTO dis_relationship_master VALUES ('147', 'C6', 'S0', 'SS0', 'D184', 'DM530');
INSERT INTO diagnosis_modifiers VALUES ('DM531', 'AMML - ACUTE MYELOMONOCYTIC');
INSERT INTO dis_relationship_master VALUES ('1379SS1', 'C6', 'S50', 'SS1', 'D184', 'DM531');
INSERT INTO dis_relationship_diagnosis_to_diagnosis_modifier VALUES ('D184', 'DM531');
INSERT INTO dis_relationship_master VALUES ('908SS182', 'C6', 'S57', 'SS182', 'D184', 'DM531');
INSERT INTO dis_relationship_master VALUES ('908SS178', 'C6', 'S57', 'SS178', 'D184', 'DM531');
INSERT INTO dis_relationship_master VALUES ('908SS150', 'C6', 'S57', 'SS150', 'D184', 'DM531');
INSERT INTO dis_relationship_master VALUES ('908SS129', 'C6', 'S57', 'SS129', 'D184', 'DM531');
INSERT INTO dis_relationship_master VALUES ('908SS122', 'C6', 'S57', 'SS122', 'D184', 'DM531');
INSERT INTO dis_relationship_master VALUES ('908SS117', 'C6', 'S57', 'SS117', 'D184', 'DM531');
INSERT INTO dis_relationship_master VALUES ('908SS107', 'C6', 'S57', 'SS107', 'D184', 'DM531');
INSERT INTO dis_relationship_master VALUES ('908SS103', 'C6', 'S57', 'SS103', 'D184', 'DM531');
INSERT INTO dis_relationship_master VALUES ('908SS88', 'C6', 'S57', 'SS88', 'D184', 'DM531');
INSERT INTO dis_relationship_master VALUES ('908SS76', 'C6', 'S57', 'SS76', 'D184', 'DM531');
INSERT INTO dis_relationship_master VALUES ('908SS33', 'C6', 'S57', 'SS33', 'D184', 'DM531');
INSERT INTO dis_relationship_master VALUES ('908SS21', 'C6', 'S57', 'SS21', 'D184', 'DM531');
INSERT INTO dis_relationship_master VALUES ('908SS16', 'C6', 'S57', 'SS16', 'D184', 'DM531');
INSERT INTO dis_relationship_master VALUES ('908SS2', 'C6', 'S57', 'SS2', 'D184', 'DM531');
INSERT INTO dis_relationship_master VALUES ('451SS195', 'C6', 'S65', 'SS195', 'D184', 'DM531');
INSERT INTO dis_relationship_master VALUES ('451SS168', 'C6', 'S65', 'SS168', 'D184', 'DM531');
INSERT INTO dis_relationship_master VALUES ('451SS153', 'C6', 'S65', 'SS153', 'D184', 'DM531');
INSERT INTO dis_relationship_master VALUES ('451SS130', 'C6', 'S65', 'SS130', 'D184', 'DM531');
INSERT INTO dis_relationship_master VALUES ('451SS86', 'C6', 'S65', 'SS86', 'D184', 'DM531');
INSERT INTO dis_relationship_master VALUES ('451SS60', 'C6', 'S65', 'SS60', 'D184', 'DM531');
INSERT INTO dis_relationship_master VALUES ('370SS198', 'C6', 'S22', 'SS198', 'D184', 'DM531');
INSERT INTO dis_relationship_master VALUES ('370SS159', 'C6', 'S22', 'SS159', 'D184', 'DM531');
INSERT INTO dis_relationship_master VALUES ('370SS140', 'C6', 'S22', 'SS140', 'D184', 'DM531');
INSERT INTO dis_relationship_master VALUES ('370SS23', 'C6', 'S22', 'SS23', 'D184', 'DM531');
INSERT INTO dis_relationship_master VALUES ('148', 'C6', 'S0', 'SS0', 'D184', 'DM531');
INSERT INTO diagnosis_modifiers VALUES ('DM532', 'B - LYMPHOBLASTIC');
INSERT INTO dis_relationship_master VALUES ('1380SS1', 'C6', 'S50', 'SS1', 'D184', 'DM532');
INSERT INTO dis_relationship_diagnosis_to_diagnosis_modifier VALUES ('D184', 'DM532');
INSERT INTO dis_relationship_master VALUES ('909SS182', 'C6', 'S57', 'SS182', 'D184', 'DM532');
INSERT INTO dis_relationship_master VALUES ('909SS178', 'C6', 'S57', 'SS178', 'D184', 'DM532');
INSERT INTO dis_relationship_master VALUES ('909SS150', 'C6', 'S57', 'SS150', 'D184', 'DM532');
INSERT INTO dis_relationship_master VALUES ('909SS129', 'C6', 'S57', 'SS129', 'D184', 'DM532');
INSERT INTO dis_relationship_master VALUES ('909SS122', 'C6', 'S57', 'SS122', 'D184', 'DM532');
INSERT INTO dis_relationship_master VALUES ('909SS117', 'C6', 'S57', 'SS117', 'D184', 'DM532');
INSERT INTO dis_relationship_master VALUES ('909SS107', 'C6', 'S57', 'SS107', 'D184', 'DM532');
INSERT INTO dis_relationship_master VALUES ('909SS103', 'C6', 'S57', 'SS103', 'D184', 'DM532');
INSERT INTO dis_relationship_master VALUES ('909SS88', 'C6', 'S57', 'SS88', 'D184', 'DM532');
INSERT INTO dis_relationship_master VALUES ('909SS76', 'C6', 'S57', 'SS76', 'D184', 'DM532');
INSERT INTO dis_relationship_master VALUES ('909SS33', 'C6', 'S57', 'SS33', 'D184', 'DM532');
INSERT INTO dis_relationship_master VALUES ('909SS21', 'C6', 'S57', 'SS21', 'D184', 'DM532');
INSERT INTO dis_relationship_master VALUES ('909SS16', 'C6', 'S57', 'SS16', 'D184', 'DM532');
INSERT INTO dis_relationship_master VALUES ('909SS2', 'C6', 'S57', 'SS2', 'D184', 'DM532');
INSERT INTO dis_relationship_master VALUES ('452SS195', 'C6', 'S65', 'SS195', 'D184', 'DM532');
INSERT INTO dis_relationship_master VALUES ('452SS168', 'C6', 'S65', 'SS168', 'D184', 'DM532');
INSERT INTO dis_relationship_master VALUES ('452SS153', 'C6', 'S65', 'SS153', 'D184', 'DM532');
INSERT INTO dis_relationship_master VALUES ('452SS130', 'C6', 'S65', 'SS130', 'D184', 'DM532');
INSERT INTO dis_relationship_master VALUES ('452SS86', 'C6', 'S65', 'SS86', 'D184', 'DM532');
INSERT INTO dis_relationship_master VALUES ('452SS60', 'C6', 'S65', 'SS60', 'D184', 'DM532');
INSERT INTO dis_relationship_master VALUES ('371SS198', 'C6', 'S22', 'SS198', 'D184', 'DM532');
INSERT INTO dis_relationship_master VALUES ('371SS159', 'C6', 'S22', 'SS159', 'D184', 'DM532');
INSERT INTO dis_relationship_master VALUES ('371SS140', 'C6', 'S22', 'SS140', 'D184', 'DM532');
INSERT INTO dis_relationship_master VALUES ('371SS23', 'C6', 'S22', 'SS23', 'D184', 'DM532');
INSERT INTO dis_relationship_master VALUES ('149', 'C6', 'S0', 'SS0', 'D184', 'DM532');
INSERT INTO diagnosis_modifiers VALUES ('DM533', 'BASOPHILIC');
INSERT INTO dis_relationship_master VALUES ('1381SS1', 'C6', 'S50', 'SS1', 'D184', 'DM533');
INSERT INTO dis_relationship_diagnosis_to_diagnosis_modifier VALUES ('D184', 'DM533');
INSERT INTO dis_relationship_master VALUES ('910SS182', 'C6', 'S57', 'SS182', 'D184', 'DM533');
INSERT INTO dis_relationship_master VALUES ('910SS178', 'C6', 'S57', 'SS178', 'D184', 'DM533');
INSERT INTO dis_relationship_master VALUES ('910SS150', 'C6', 'S57', 'SS150', 'D184', 'DM533');
INSERT INTO dis_relationship_master VALUES ('910SS129', 'C6', 'S57', 'SS129', 'D184', 'DM533');
INSERT INTO dis_relationship_master VALUES ('910SS122', 'C6', 'S57', 'SS122', 'D184', 'DM533');
INSERT INTO dis_relationship_master VALUES ('910SS117', 'C6', 'S57', 'SS117', 'D184', 'DM533');
INSERT INTO dis_relationship_master VALUES ('910SS107', 'C6', 'S57', 'SS107', 'D184', 'DM533');
INSERT INTO dis_relationship_master VALUES ('910SS103', 'C6', 'S57', 'SS103', 'D184', 'DM533');
INSERT INTO dis_relationship_master VALUES ('910SS88', 'C6', 'S57', 'SS88', 'D184', 'DM533');
INSERT INTO dis_relationship_master VALUES ('910SS76', 'C6', 'S57', 'SS76', 'D184', 'DM533');
INSERT INTO dis_relationship_master VALUES ('910SS33', 'C6', 'S57', 'SS33', 'D184', 'DM533');
INSERT INTO dis_relationship_master VALUES ('910SS21', 'C6', 'S57', 'SS21', 'D184', 'DM533');
INSERT INTO dis_relationship_master VALUES ('910SS16', 'C6', 'S57', 'SS16', 'D184', 'DM533');
INSERT INTO dis_relationship_master VALUES ('910SS2', 'C6', 'S57', 'SS2', 'D184', 'DM533');
INSERT INTO dis_relationship_master VALUES ('453SS195', 'C6', 'S65', 'SS195', 'D184', 'DM533');
INSERT INTO dis_relationship_master VALUES ('453SS168', 'C6', 'S65', 'SS168', 'D184', 'DM533');
INSERT INTO dis_relationship_master VALUES ('453SS153', 'C6', 'S65', 'SS153', 'D184', 'DM533');
INSERT INTO dis_relationship_master VALUES ('453SS130', 'C6', 'S65', 'SS130', 'D184', 'DM533');
INSERT INTO dis_relationship_master VALUES ('453SS86', 'C6', 'S65', 'SS86', 'D184', 'DM533');
INSERT INTO dis_relationship_master VALUES ('453SS60', 'C6', 'S65', 'SS60', 'D184', 'DM533');
INSERT INTO dis_relationship_master VALUES ('372SS198', 'C6', 'S22', 'SS198', 'D184', 'DM533');
INSERT INTO dis_relationship_master VALUES ('372SS159', 'C6', 'S22', 'SS159', 'D184', 'DM533');
INSERT INTO dis_relationship_master VALUES ('372SS140', 'C6', 'S22', 'SS140', 'D184', 'DM533');
INSERT INTO dis_relationship_master VALUES ('372SS23', 'C6', 'S22', 'SS23', 'D184', 'DM533');
INSERT INTO dis_relationship_master VALUES ('150', 'C6', 'S0', 'SS0', 'D184', 'DM533');
INSERT INTO diagnosis_modifiers VALUES ('DM534', 'ERYTHROLEUKEMIA');
INSERT INTO dis_relationship_master VALUES ('1382SS1', 'C6', 'S50', 'SS1', 'D184', 'DM534');
INSERT INTO dis_relationship_diagnosis_to_diagnosis_modifier VALUES ('D184', 'DM534');
INSERT INTO dis_relationship_master VALUES ('911SS182', 'C6', 'S57', 'SS182', 'D184', 'DM534');
INSERT INTO dis_relationship_master VALUES ('911SS178', 'C6', 'S57', 'SS178', 'D184', 'DM534');
INSERT INTO dis_relationship_master VALUES ('911SS150', 'C6', 'S57', 'SS150', 'D184', 'DM534');
INSERT INTO dis_relationship_master VALUES ('911SS129', 'C6', 'S57', 'SS129', 'D184', 'DM534');
INSERT INTO dis_relationship_master VALUES ('911SS122', 'C6', 'S57', 'SS122', 'D184', 'DM534');
INSERT INTO dis_relationship_master VALUES ('911SS117', 'C6', 'S57', 'SS117', 'D184', 'DM534');
INSERT INTO dis_relationship_master VALUES ('911SS107', 'C6', 'S57', 'SS107', 'D184', 'DM534');
INSERT INTO dis_relationship_master VALUES ('911SS103', 'C6', 'S57', 'SS103', 'D184', 'DM534');
INSERT INTO dis_relationship_master VALUES ('911SS88', 'C6', 'S57', 'SS88', 'D184', 'DM534');
INSERT INTO dis_relationship_master VALUES ('911SS76', 'C6', 'S57', 'SS76', 'D184', 'DM534');
INSERT INTO dis_relationship_master VALUES ('911SS33', 'C6', 'S57', 'SS33', 'D184', 'DM534');
INSERT INTO dis_relationship_master VALUES ('911SS21', 'C6', 'S57', 'SS21', 'D184', 'DM534');
INSERT INTO dis_relationship_master VALUES ('911SS16', 'C6', 'S57', 'SS16', 'D184', 'DM534');
INSERT INTO dis_relationship_master VALUES ('911SS2', 'C6', 'S57', 'SS2', 'D184', 'DM534');
INSERT INTO dis_relationship_master VALUES ('454SS195', 'C6', 'S65', 'SS195', 'D184', 'DM534');
INSERT INTO dis_relationship_master VALUES ('454SS168', 'C6', 'S65', 'SS168', 'D184', 'DM534');
INSERT INTO dis_relationship_master VALUES ('454SS153', 'C6', 'S65', 'SS153', 'D184', 'DM534');
INSERT INTO dis_relationship_master VALUES ('454SS130', 'C6', 'S65', 'SS130', 'D184', 'DM534');
INSERT INTO dis_relationship_master VALUES ('454SS86', 'C6', 'S65', 'SS86', 'D184', 'DM534');
INSERT INTO dis_relationship_master VALUES ('454SS60', 'C6', 'S65', 'SS60', 'D184', 'DM534');
INSERT INTO dis_relationship_master VALUES ('373SS198', 'C6', 'S22', 'SS198', 'D184', 'DM534');
INSERT INTO dis_relationship_master VALUES ('373SS159', 'C6', 'S22', 'SS159', 'D184', 'DM534');
INSERT INTO dis_relationship_master VALUES ('373SS140', 'C6', 'S22', 'SS140', 'D184', 'DM534');
INSERT INTO dis_relationship_master VALUES ('373SS23', 'C6', 'S22', 'SS23', 'D184', 'DM534');
INSERT INTO dis_relationship_master VALUES ('151', 'C6', 'S0', 'SS0', 'D184', 'DM534');
INSERT INTO diagnosis_modifiers VALUES ('DM535', 'HAIRY CELL');
INSERT INTO dis_relationship_master VALUES ('1383SS1', 'C6', 'S50', 'SS1', 'D184', 'DM535');
INSERT INTO dis_relationship_diagnosis_to_diagnosis_modifier VALUES ('D184', 'DM535');
INSERT INTO dis_relationship_master VALUES ('912SS182', 'C6', 'S57', 'SS182', 'D184', 'DM535');
INSERT INTO dis_relationship_master VALUES ('912SS178', 'C6', 'S57', 'SS178', 'D184', 'DM535');
INSERT INTO dis_relationship_master VALUES ('912SS150', 'C6', 'S57', 'SS150', 'D184', 'DM535');
INSERT INTO dis_relationship_master VALUES ('912SS129', 'C6', 'S57', 'SS129', 'D184', 'DM535');
INSERT INTO dis_relationship_master VALUES ('912SS122', 'C6', 'S57', 'SS122', 'D184', 'DM535');
INSERT INTO dis_relationship_master VALUES ('912SS117', 'C6', 'S57', 'SS117', 'D184', 'DM535');
INSERT INTO dis_relationship_master VALUES ('912SS107', 'C6', 'S57', 'SS107', 'D184', 'DM535');
INSERT INTO dis_relationship_master VALUES ('912SS103', 'C6', 'S57', 'SS103', 'D184', 'DM535');
INSERT INTO dis_relationship_master VALUES ('912SS88', 'C6', 'S57', 'SS88', 'D184', 'DM535');
INSERT INTO dis_relationship_master VALUES ('912SS76', 'C6', 'S57', 'SS76', 'D184', 'DM535');
INSERT INTO dis_relationship_master VALUES ('912SS33', 'C6', 'S57', 'SS33', 'D184', 'DM535');
INSERT INTO dis_relationship_master VALUES ('912SS21', 'C6', 'S57', 'SS21', 'D184', 'DM535');
INSERT INTO dis_relationship_master VALUES ('912SS16', 'C6', 'S57', 'SS16', 'D184', 'DM535');
INSERT INTO dis_relationship_master VALUES ('912SS2', 'C6', 'S57', 'SS2', 'D184', 'DM535');
INSERT INTO dis_relationship_master VALUES ('455SS195', 'C6', 'S65', 'SS195', 'D184', 'DM535');
INSERT INTO dis_relationship_master VALUES ('455SS168', 'C6', 'S65', 'SS168', 'D184', 'DM535');
INSERT INTO dis_relationship_master VALUES ('455SS153', 'C6', 'S65', 'SS153', 'D184', 'DM535');
INSERT INTO dis_relationship_master VALUES ('455SS130', 'C6', 'S65', 'SS130', 'D184', 'DM535');
INSERT INTO dis_relationship_master VALUES ('455SS86', 'C6', 'S65', 'SS86', 'D184', 'DM535');
INSERT INTO dis_relationship_master VALUES ('455SS60', 'C6', 'S65', 'SS60', 'D184', 'DM535');
INSERT INTO dis_relationship_master VALUES ('374SS198', 'C6', 'S22', 'SS198', 'D184', 'DM535');
INSERT INTO dis_relationship_master VALUES ('374SS159', 'C6', 'S22', 'SS159', 'D184', 'DM535');
INSERT INTO dis_relationship_master VALUES ('374SS140', 'C6', 'S22', 'SS140', 'D184', 'DM535');
INSERT INTO dis_relationship_master VALUES ('374SS23', 'C6', 'S22', 'SS23', 'D184', 'DM535');
INSERT INTO dis_relationship_master VALUES ('152', 'C6', 'S0', 'SS0', 'D184', 'DM535');
INSERT INTO diagnosis_modifiers VALUES ('DM536', 'MYELOID SARCOMA (CHLOROMA)');
INSERT INTO dis_relationship_master VALUES ('1384SS1', 'C6', 'S50', 'SS1', 'D184', 'DM536');
INSERT INTO dis_relationship_diagnosis_to_diagnosis_modifier VALUES ('D184', 'DM536');
INSERT INTO dis_relationship_master VALUES ('913SS182', 'C6', 'S57', 'SS182', 'D184', 'DM536');
INSERT INTO dis_relationship_master VALUES ('913SS178', 'C6', 'S57', 'SS178', 'D184', 'DM536');
INSERT INTO dis_relationship_master VALUES ('913SS150', 'C6', 'S57', 'SS150', 'D184', 'DM536');
INSERT INTO dis_relationship_master VALUES ('913SS129', 'C6', 'S57', 'SS129', 'D184', 'DM536');
INSERT INTO dis_relationship_master VALUES ('913SS122', 'C6', 'S57', 'SS122', 'D184', 'DM536');
INSERT INTO dis_relationship_master VALUES ('913SS117', 'C6', 'S57', 'SS117', 'D184', 'DM536');
INSERT INTO dis_relationship_master VALUES ('913SS107', 'C6', 'S57', 'SS107', 'D184', 'DM536');
INSERT INTO dis_relationship_master VALUES ('913SS103', 'C6', 'S57', 'SS103', 'D184', 'DM536');
INSERT INTO dis_relationship_master VALUES ('913SS88', 'C6', 'S57', 'SS88', 'D184', 'DM536');
INSERT INTO dis_relationship_master VALUES ('913SS76', 'C6', 'S57', 'SS76', 'D184', 'DM536');
INSERT INTO dis_relationship_master VALUES ('913SS33', 'C6', 'S57', 'SS33', 'D184', 'DM536');
INSERT INTO dis_relationship_master VALUES ('913SS21', 'C6', 'S57', 'SS21', 'D184', 'DM536');
INSERT INTO dis_relationship_master VALUES ('913SS16', 'C6', 'S57', 'SS16', 'D184', 'DM536');
INSERT INTO dis_relationship_master VALUES ('913SS2', 'C6', 'S57', 'SS2', 'D184', 'DM536');
INSERT INTO dis_relationship_master VALUES ('456SS195', 'C6', 'S65', 'SS195', 'D184', 'DM536');
INSERT INTO dis_relationship_master VALUES ('456SS168', 'C6', 'S65', 'SS168', 'D184', 'DM536');
INSERT INTO dis_relationship_master VALUES ('456SS153', 'C6', 'S65', 'SS153', 'D184', 'DM536');
INSERT INTO dis_relationship_master VALUES ('456SS130', 'C6', 'S65', 'SS130', 'D184', 'DM536');
INSERT INTO dis_relationship_master VALUES ('456SS86', 'C6', 'S65', 'SS86', 'D184', 'DM536');
INSERT INTO dis_relationship_master VALUES ('456SS60', 'C6', 'S65', 'SS60', 'D184', 'DM536');
INSERT INTO dis_relationship_master VALUES ('375SS198', 'C6', 'S22', 'SS198', 'D184', 'DM536');
INSERT INTO dis_relationship_master VALUES ('375SS159', 'C6', 'S22', 'SS159', 'D184', 'DM536');
INSERT INTO dis_relationship_master VALUES ('375SS140', 'C6', 'S22', 'SS140', 'D184', 'DM536');
INSERT INTO dis_relationship_master VALUES ('375SS23', 'C6', 'S22', 'SS23', 'D184', 'DM536');
INSERT INTO dis_relationship_master VALUES ('153', 'C6', 'S0', 'SS0', 'D184', 'DM536');
INSERT INTO diagnosis_modifiers VALUES ('DM537', 'OF AMBIGUOUS LINEAGE');
INSERT INTO dis_relationship_master VALUES ('1385SS1', 'C6', 'S50', 'SS1', 'D184', 'DM537');
INSERT INTO dis_relationship_diagnosis_to_diagnosis_modifier VALUES ('D184', 'DM537');
INSERT INTO dis_relationship_master VALUES ('914SS182', 'C6', 'S57', 'SS182', 'D184', 'DM537');
INSERT INTO dis_relationship_master VALUES ('914SS178', 'C6', 'S57', 'SS178', 'D184', 'DM537');
INSERT INTO dis_relationship_master VALUES ('914SS150', 'C6', 'S57', 'SS150', 'D184', 'DM537');
INSERT INTO dis_relationship_master VALUES ('914SS129', 'C6', 'S57', 'SS129', 'D184', 'DM537');
INSERT INTO dis_relationship_master VALUES ('914SS122', 'C6', 'S57', 'SS122', 'D184', 'DM537');
INSERT INTO dis_relationship_master VALUES ('914SS117', 'C6', 'S57', 'SS117', 'D184', 'DM537');
INSERT INTO dis_relationship_master VALUES ('914SS107', 'C6', 'S57', 'SS107', 'D184', 'DM537');
INSERT INTO dis_relationship_master VALUES ('914SS103', 'C6', 'S57', 'SS103', 'D184', 'DM537');
INSERT INTO dis_relationship_master VALUES ('914SS88', 'C6', 'S57', 'SS88', 'D184', 'DM537');
INSERT INTO dis_relationship_master VALUES ('914SS76', 'C6', 'S57', 'SS76', 'D184', 'DM537');
INSERT INTO dis_relationship_master VALUES ('914SS33', 'C6', 'S57', 'SS33', 'D184', 'DM537');
INSERT INTO dis_relationship_master VALUES ('914SS21', 'C6', 'S57', 'SS21', 'D184', 'DM537');
INSERT INTO dis_relationship_master VALUES ('914SS16', 'C6', 'S57', 'SS16', 'D184', 'DM537');
INSERT INTO dis_relationship_master VALUES ('914SS2', 'C6', 'S57', 'SS2', 'D184', 'DM537');
INSERT INTO dis_relationship_master VALUES ('457SS195', 'C6', 'S65', 'SS195', 'D184', 'DM537');
INSERT INTO dis_relationship_master VALUES ('457SS168', 'C6', 'S65', 'SS168', 'D184', 'DM537');
INSERT INTO dis_relationship_master VALUES ('457SS153', 'C6', 'S65', 'SS153', 'D184', 'DM537');
INSERT INTO dis_relationship_master VALUES ('457SS130', 'C6', 'S65', 'SS130', 'D184', 'DM537');
INSERT INTO dis_relationship_master VALUES ('457SS86', 'C6', 'S65', 'SS86', 'D184', 'DM537');
INSERT INTO dis_relationship_master VALUES ('457SS60', 'C6', 'S65', 'SS60', 'D184', 'DM537');
INSERT INTO dis_relationship_master VALUES ('376SS198', 'C6', 'S22', 'SS198', 'D184', 'DM537');
INSERT INTO dis_relationship_master VALUES ('376SS159', 'C6', 'S22', 'SS159', 'D184', 'DM537');
INSERT INTO dis_relationship_master VALUES ('376SS140', 'C6', 'S22', 'SS140', 'D184', 'DM537');
INSERT INTO dis_relationship_master VALUES ('376SS23', 'C6', 'S22', 'SS23', 'D184', 'DM537');
INSERT INTO dis_relationship_master VALUES ('154', 'C6', 'S0', 'SS0', 'D184', 'DM537');
INSERT INTO diagnosis_modifiers VALUES ('DM538', 'PLASMA CELL');
INSERT INTO dis_relationship_master VALUES ('1386SS1', 'C6', 'S50', 'SS1', 'D184', 'DM538');
INSERT INTO dis_relationship_diagnosis_to_diagnosis_modifier VALUES ('D184', 'DM538');
INSERT INTO dis_relationship_master VALUES ('915SS182', 'C6', 'S57', 'SS182', 'D184', 'DM538');
INSERT INTO dis_relationship_master VALUES ('915SS178', 'C6', 'S57', 'SS178', 'D184', 'DM538');
INSERT INTO dis_relationship_master VALUES ('915SS150', 'C6', 'S57', 'SS150', 'D184', 'DM538');
INSERT INTO dis_relationship_master VALUES ('915SS129', 'C6', 'S57', 'SS129', 'D184', 'DM538');
INSERT INTO dis_relationship_master VALUES ('915SS122', 'C6', 'S57', 'SS122', 'D184', 'DM538');
INSERT INTO dis_relationship_master VALUES ('915SS117', 'C6', 'S57', 'SS117', 'D184', 'DM538');
INSERT INTO dis_relationship_master VALUES ('915SS107', 'C6', 'S57', 'SS107', 'D184', 'DM538');
INSERT INTO dis_relationship_master VALUES ('915SS103', 'C6', 'S57', 'SS103', 'D184', 'DM538');
INSERT INTO dis_relationship_master VALUES ('915SS88', 'C6', 'S57', 'SS88', 'D184', 'DM538');
INSERT INTO dis_relationship_master VALUES ('915SS76', 'C6', 'S57', 'SS76', 'D184', 'DM538');
INSERT INTO dis_relationship_master VALUES ('915SS33', 'C6', 'S57', 'SS33', 'D184', 'DM538');
INSERT INTO dis_relationship_master VALUES ('915SS21', 'C6', 'S57', 'SS21', 'D184', 'DM538');
INSERT INTO dis_relationship_master VALUES ('915SS16', 'C6', 'S57', 'SS16', 'D184', 'DM538');
INSERT INTO dis_relationship_master VALUES ('915SS2', 'C6', 'S57', 'SS2', 'D184', 'DM538');
INSERT INTO dis_relationship_master VALUES ('458SS195', 'C6', 'S65', 'SS195', 'D184', 'DM538');
INSERT INTO dis_relationship_master VALUES ('458SS168', 'C6', 'S65', 'SS168', 'D184', 'DM538');
INSERT INTO dis_relationship_master VALUES ('458SS153', 'C6', 'S65', 'SS153', 'D184', 'DM538');
INSERT INTO dis_relationship_master VALUES ('458SS130', 'C6', 'S65', 'SS130', 'D184', 'DM538');
INSERT INTO dis_relationship_master VALUES ('458SS86', 'C6', 'S65', 'SS86', 'D184', 'DM538');
INSERT INTO dis_relationship_master VALUES ('458SS60', 'C6', 'S65', 'SS60', 'D184', 'DM538');
INSERT INTO dis_relationship_master VALUES ('377SS198', 'C6', 'S22', 'SS198', 'D184', 'DM538');
INSERT INTO dis_relationship_master VALUES ('377SS159', 'C6', 'S22', 'SS159', 'D184', 'DM538');
INSERT INTO dis_relationship_master VALUES ('377SS140', 'C6', 'S22', 'SS140', 'D184', 'DM538');
INSERT INTO dis_relationship_master VALUES ('377SS23', 'C6', 'S22', 'SS23', 'D184', 'DM538');
INSERT INTO dis_relationship_master VALUES ('155', 'C6', 'S0', 'SS0', 'D184', 'DM538');
INSERT INTO diagnosis_modifiers VALUES ('DM539', 'T - LYMPHOBLASTIC');
INSERT INTO dis_relationship_master VALUES ('1387SS1', 'C6', 'S50', 'SS1', 'D184', 'DM539');
INSERT INTO dis_relationship_diagnosis_to_diagnosis_modifier VALUES ('D184', 'DM539');
INSERT INTO dis_relationship_master VALUES ('916SS182', 'C6', 'S57', 'SS182', 'D184', 'DM539');
INSERT INTO dis_relationship_master VALUES ('916SS178', 'C6', 'S57', 'SS178', 'D184', 'DM539');
INSERT INTO dis_relationship_master VALUES ('916SS150', 'C6', 'S57', 'SS150', 'D184', 'DM539');
INSERT INTO dis_relationship_master VALUES ('916SS129', 'C6', 'S57', 'SS129', 'D184', 'DM539');
INSERT INTO dis_relationship_master VALUES ('916SS122', 'C6', 'S57', 'SS122', 'D184', 'DM539');
INSERT INTO dis_relationship_master VALUES ('916SS117', 'C6', 'S57', 'SS117', 'D184', 'DM539');
INSERT INTO dis_relationship_master VALUES ('916SS107', 'C6', 'S57', 'SS107', 'D184', 'DM539');
INSERT INTO dis_relationship_master VALUES ('916SS103', 'C6', 'S57', 'SS103', 'D184', 'DM539');
INSERT INTO dis_relationship_master VALUES ('916SS88', 'C6', 'S57', 'SS88', 'D184', 'DM539');
INSERT INTO dis_relationship_master VALUES ('916SS76', 'C6', 'S57', 'SS76', 'D184', 'DM539');
INSERT INTO dis_relationship_master VALUES ('916SS33', 'C6', 'S57', 'SS33', 'D184', 'DM539');
INSERT INTO dis_relationship_master VALUES ('916SS21', 'C6', 'S57', 'SS21', 'D184', 'DM539');
INSERT INTO dis_relationship_master VALUES ('916SS16', 'C6', 'S57', 'SS16', 'D184', 'DM539');
INSERT INTO dis_relationship_master VALUES ('916SS2', 'C6', 'S57', 'SS2', 'D184', 'DM539');
INSERT INTO dis_relationship_master VALUES ('378SS198', 'C6', 'S22', 'SS198', 'D184', 'DM539');
INSERT INTO dis_relationship_master VALUES ('378SS159', 'C6', 'S22', 'SS159', 'D184', 'DM539');
INSERT INTO dis_relationship_master VALUES ('378SS140', 'C6', 'S22', 'SS140', 'D184', 'DM539');
INSERT INTO dis_relationship_master VALUES ('378SS23', 'C6', 'S22', 'SS23', 'D184', 'DM539');
INSERT INTO dis_relationship_master VALUES ('459SS195', 'C6', 'S65', 'SS195', 'D184', 'DM539');
INSERT INTO dis_relationship_master VALUES ('459SS168', 'C6', 'S65', 'SS168', 'D184', 'DM539');
INSERT INTO dis_relationship_master VALUES ('459SS153', 'C6', 'S65', 'SS153', 'D184', 'DM539');
INSERT INTO dis_relationship_master VALUES ('459SS130', 'C6', 'S65', 'SS130', 'D184', 'DM539');
INSERT INTO dis_relationship_master VALUES ('459SS86', 'C6', 'S65', 'SS86', 'D184', 'DM539');
INSERT INTO dis_relationship_master VALUES ('459SS60', 'C6', 'S65', 'SS60', 'D184', 'DM539');
INSERT INTO dis_relationship_master VALUES ('156', 'C6', 'S0', 'SS0', 'D184', 'DM539');
INSERT INTO diagnosis_modifiers VALUES ('DM540', 'REFRACTORY ANEMIA WITH EXCESS BLASTS');
INSERT INTO dis_relationship_master VALUES ('1388SS1', 'C6', 'S50', 'SS1', 'D185', 'DM540');
INSERT INTO dis_relationship_diagnosis_to_diagnosis_modifier VALUES ('D185', 'DM540');
INSERT INTO dis_relationship_master VALUES ('917SS182', 'C6', 'S57', 'SS182', 'D185', 'DM540');
INSERT INTO dis_relationship_master VALUES ('917SS178', 'C6', 'S57', 'SS178', 'D185', 'DM540');
INSERT INTO dis_relationship_master VALUES ('917SS150', 'C6', 'S57', 'SS150', 'D185', 'DM540');
INSERT INTO dis_relationship_master VALUES ('917SS129', 'C6', 'S57', 'SS129', 'D185', 'DM540');
INSERT INTO dis_relationship_master VALUES ('917SS122', 'C6', 'S57', 'SS122', 'D185', 'DM540');
INSERT INTO dis_relationship_master VALUES ('917SS117', 'C6', 'S57', 'SS117', 'D185', 'DM540');
INSERT INTO dis_relationship_master VALUES ('917SS107', 'C6', 'S57', 'SS107', 'D185', 'DM540');
INSERT INTO dis_relationship_master VALUES ('917SS103', 'C6', 'S57', 'SS103', 'D185', 'DM540');
INSERT INTO dis_relationship_master VALUES ('917SS88', 'C6', 'S57', 'SS88', 'D185', 'DM540');
INSERT INTO dis_relationship_master VALUES ('917SS76', 'C6', 'S57', 'SS76', 'D185', 'DM540');
INSERT INTO dis_relationship_master VALUES ('917SS33', 'C6', 'S57', 'SS33', 'D185', 'DM540');
INSERT INTO dis_relationship_master VALUES ('917SS21', 'C6', 'S57', 'SS21', 'D185', 'DM540');
INSERT INTO dis_relationship_master VALUES ('917SS16', 'C6', 'S57', 'SS16', 'D185', 'DM540');
INSERT INTO dis_relationship_master VALUES ('917SS2', 'C6', 'S57', 'SS2', 'D185', 'DM540');
INSERT INTO dis_relationship_master VALUES ('460SS195', 'C6', 'S65', 'SS195', 'D185', 'DM540');
INSERT INTO dis_relationship_master VALUES ('460SS168', 'C6', 'S65', 'SS168', 'D185', 'DM540');
INSERT INTO dis_relationship_master VALUES ('460SS153', 'C6', 'S65', 'SS153', 'D185', 'DM540');
INSERT INTO dis_relationship_master VALUES ('460SS130', 'C6', 'S65', 'SS130', 'D185', 'DM540');
INSERT INTO dis_relationship_master VALUES ('460SS86', 'C6', 'S65', 'SS86', 'D185', 'DM540');
INSERT INTO dis_relationship_master VALUES ('460SS60', 'C6', 'S65', 'SS60', 'D185', 'DM540');
INSERT INTO dis_relationship_master VALUES ('379SS198', 'C6', 'S22', 'SS198', 'D185', 'DM540');
INSERT INTO dis_relationship_master VALUES ('379SS159', 'C6', 'S22', 'SS159', 'D185', 'DM540');
INSERT INTO dis_relationship_master VALUES ('379SS140', 'C6', 'S22', 'SS140', 'D185', 'DM540');
INSERT INTO dis_relationship_master VALUES ('379SS23', 'C6', 'S22', 'SS23', 'D185', 'DM540');
INSERT INTO dis_relationship_master VALUES ('157', 'C6', 'S0', 'SS0', 'D185', 'DM540');
INSERT INTO diagnosis_modifiers VALUES ('DM541', 'REFRACTORY ANEMIA WITH RING SIDEROBLASTS');
INSERT INTO dis_relationship_master VALUES ('918SS182', 'C6', 'S57', 'SS182', 'D185', 'DM541');
INSERT INTO dis_relationship_diagnosis_to_diagnosis_modifier VALUES ('D185', 'DM541');
INSERT INTO dis_relationship_master VALUES ('918SS178', 'C6', 'S57', 'SS178', 'D185', 'DM541');
INSERT INTO dis_relationship_master VALUES ('918SS150', 'C6', 'S57', 'SS150', 'D185', 'DM541');
INSERT INTO dis_relationship_master VALUES ('918SS129', 'C6', 'S57', 'SS129', 'D185', 'DM541');
INSERT INTO dis_relationship_master VALUES ('918SS122', 'C6', 'S57', 'SS122', 'D185', 'DM541');
INSERT INTO dis_relationship_master VALUES ('918SS117', 'C6', 'S57', 'SS117', 'D185', 'DM541');
INSERT INTO dis_relationship_master VALUES ('918SS107', 'C6', 'S57', 'SS107', 'D185', 'DM541');
INSERT INTO dis_relationship_master VALUES ('918SS103', 'C6', 'S57', 'SS103', 'D185', 'DM541');
INSERT INTO dis_relationship_master VALUES ('918SS88', 'C6', 'S57', 'SS88', 'D185', 'DM541');
INSERT INTO dis_relationship_master VALUES ('918SS76', 'C6', 'S57', 'SS76', 'D185', 'DM541');
INSERT INTO dis_relationship_master VALUES ('918SS33', 'C6', 'S57', 'SS33', 'D185', 'DM541');
INSERT INTO dis_relationship_master VALUES ('918SS21', 'C6', 'S57', 'SS21', 'D185', 'DM541');
INSERT INTO dis_relationship_master VALUES ('918SS16', 'C6', 'S57', 'SS16', 'D185', 'DM541');
INSERT INTO dis_relationship_master VALUES ('918SS2', 'C6', 'S57', 'SS2', 'D185', 'DM541');
INSERT INTO dis_relationship_master VALUES ('1389SS1', 'C6', 'S50', 'SS1', 'D185', 'DM541');
INSERT INTO dis_relationship_master VALUES ('461SS195', 'C6', 'S65', 'SS195', 'D185', 'DM541');
INSERT INTO dis_relationship_master VALUES ('461SS168', 'C6', 'S65', 'SS168', 'D185', 'DM541');
INSERT INTO dis_relationship_master VALUES ('461SS153', 'C6', 'S65', 'SS153', 'D185', 'DM541');
INSERT INTO dis_relationship_master VALUES ('461SS130', 'C6', 'S65', 'SS130', 'D185', 'DM541');
INSERT INTO dis_relationship_master VALUES ('461SS86', 'C6', 'S65', 'SS86', 'D185', 'DM541');
INSERT INTO dis_relationship_master VALUES ('461SS60', 'C6', 'S65', 'SS60', 'D185', 'DM541');
INSERT INTO dis_relationship_master VALUES ('380SS198', 'C6', 'S22', 'SS198', 'D185', 'DM541');
INSERT INTO dis_relationship_master VALUES ('380SS159', 'C6', 'S22', 'SS159', 'D185', 'DM541');
INSERT INTO dis_relationship_master VALUES ('380SS140', 'C6', 'S22', 'SS140', 'D185', 'DM541');
INSERT INTO dis_relationship_master VALUES ('380SS23', 'C6', 'S22', 'SS23', 'D185', 'DM541');
INSERT INTO dis_relationship_master VALUES ('158', 'C6', 'S0', 'SS0', 'D185', 'DM541');
INSERT INTO diagnosis_modifiers VALUES ('DM542', 'REFRACTORY CYTOPENIA WITH UNILINEAGE DYSPLASIA');
INSERT INTO dis_relationship_master VALUES ('1390SS1', 'C6', 'S50', 'SS1', 'D185', 'DM542');
INSERT INTO dis_relationship_diagnosis_to_diagnosis_modifier VALUES ('D185', 'DM542');
INSERT INTO dis_relationship_master VALUES ('919SS182', 'C6', 'S57', 'SS182', 'D185', 'DM542');
INSERT INTO dis_relationship_master VALUES ('919SS178', 'C6', 'S57', 'SS178', 'D185', 'DM542');
INSERT INTO dis_relationship_master VALUES ('919SS150', 'C6', 'S57', 'SS150', 'D185', 'DM542');
INSERT INTO dis_relationship_master VALUES ('919SS129', 'C6', 'S57', 'SS129', 'D185', 'DM542');
INSERT INTO dis_relationship_master VALUES ('919SS122', 'C6', 'S57', 'SS122', 'D185', 'DM542');
INSERT INTO dis_relationship_master VALUES ('919SS117', 'C6', 'S57', 'SS117', 'D185', 'DM542');
INSERT INTO dis_relationship_master VALUES ('919SS107', 'C6', 'S57', 'SS107', 'D185', 'DM542');
INSERT INTO dis_relationship_master VALUES ('919SS103', 'C6', 'S57', 'SS103', 'D185', 'DM542');
INSERT INTO dis_relationship_master VALUES ('919SS88', 'C6', 'S57', 'SS88', 'D185', 'DM542');
INSERT INTO dis_relationship_master VALUES ('919SS76', 'C6', 'S57', 'SS76', 'D185', 'DM542');
INSERT INTO dis_relationship_master VALUES ('919SS33', 'C6', 'S57', 'SS33', 'D185', 'DM542');
INSERT INTO dis_relationship_master VALUES ('919SS21', 'C6', 'S57', 'SS21', 'D185', 'DM542');
INSERT INTO dis_relationship_master VALUES ('919SS16', 'C6', 'S57', 'SS16', 'D185', 'DM542');
INSERT INTO dis_relationship_master VALUES ('919SS2', 'C6', 'S57', 'SS2', 'D185', 'DM542');
INSERT INTO dis_relationship_master VALUES ('462SS195', 'C6', 'S65', 'SS195', 'D185', 'DM542');
INSERT INTO dis_relationship_master VALUES ('462SS168', 'C6', 'S65', 'SS168', 'D185', 'DM542');
INSERT INTO dis_relationship_master VALUES ('462SS153', 'C6', 'S65', 'SS153', 'D185', 'DM542');
INSERT INTO dis_relationship_master VALUES ('462SS130', 'C6', 'S65', 'SS130', 'D185', 'DM542');
INSERT INTO dis_relationship_master VALUES ('462SS86', 'C6', 'S65', 'SS86', 'D185', 'DM542');
INSERT INTO dis_relationship_master VALUES ('462SS60', 'C6', 'S65', 'SS60', 'D185', 'DM542');
INSERT INTO dis_relationship_master VALUES ('381SS198', 'C6', 'S22', 'SS198', 'D185', 'DM542');
INSERT INTO dis_relationship_master VALUES ('381SS159', 'C6', 'S22', 'SS159', 'D185', 'DM542');
INSERT INTO dis_relationship_master VALUES ('381SS140', 'C6', 'S22', 'SS140', 'D185', 'DM542');
INSERT INTO dis_relationship_master VALUES ('381SS23', 'C6', 'S22', 'SS23', 'D185', 'DM542');
INSERT INTO dis_relationship_master VALUES ('159', 'C6', 'S0', 'SS0', 'D185', 'DM542');
INSERT INTO diagnosis_modifiers VALUES ('DM543', 'CHRONIC EOSINOPHILIC');
INSERT INTO dis_relationship_master VALUES ('1391SS1', 'C6', 'S50', 'SS1', 'D186', 'DM543');
INSERT INTO dis_relationship_diagnosis_to_diagnosis_modifier VALUES ('D186', 'DM543');
INSERT INTO dis_relationship_master VALUES ('920SS182', 'C6', 'S57', 'SS182', 'D186', 'DM543');
INSERT INTO dis_relationship_master VALUES ('920SS178', 'C6', 'S57', 'SS178', 'D186', 'DM543');
INSERT INTO dis_relationship_master VALUES ('920SS150', 'C6', 'S57', 'SS150', 'D186', 'DM543');
INSERT INTO dis_relationship_master VALUES ('920SS129', 'C6', 'S57', 'SS129', 'D186', 'DM543');
INSERT INTO dis_relationship_master VALUES ('920SS122', 'C6', 'S57', 'SS122', 'D186', 'DM543');
INSERT INTO dis_relationship_master VALUES ('920SS117', 'C6', 'S57', 'SS117', 'D186', 'DM543');
INSERT INTO dis_relationship_master VALUES ('920SS107', 'C6', 'S57', 'SS107', 'D186', 'DM543');
INSERT INTO dis_relationship_master VALUES ('920SS103', 'C6', 'S57', 'SS103', 'D186', 'DM543');
INSERT INTO dis_relationship_master VALUES ('920SS88', 'C6', 'S57', 'SS88', 'D186', 'DM543');
INSERT INTO dis_relationship_master VALUES ('920SS76', 'C6', 'S57', 'SS76', 'D186', 'DM543');
INSERT INTO dis_relationship_master VALUES ('920SS33', 'C6', 'S57', 'SS33', 'D186', 'DM543');
INSERT INTO dis_relationship_master VALUES ('920SS21', 'C6', 'S57', 'SS21', 'D186', 'DM543');
INSERT INTO dis_relationship_master VALUES ('920SS16', 'C6', 'S57', 'SS16', 'D186', 'DM543');
INSERT INTO dis_relationship_master VALUES ('920SS2', 'C6', 'S57', 'SS2', 'D186', 'DM543');
INSERT INTO dis_relationship_master VALUES ('463SS195', 'C6', 'S65', 'SS195', 'D186', 'DM543');
INSERT INTO dis_relationship_master VALUES ('463SS168', 'C6', 'S65', 'SS168', 'D186', 'DM543');
INSERT INTO dis_relationship_master VALUES ('463SS153', 'C6', 'S65', 'SS153', 'D186', 'DM543');
INSERT INTO dis_relationship_master VALUES ('463SS130', 'C6', 'S65', 'SS130', 'D186', 'DM543');
INSERT INTO dis_relationship_master VALUES ('463SS86', 'C6', 'S65', 'SS86', 'D186', 'DM543');
INSERT INTO dis_relationship_master VALUES ('463SS60', 'C6', 'S65', 'SS60', 'D186', 'DM543');
INSERT INTO dis_relationship_master VALUES ('382SS198', 'C6', 'S22', 'SS198', 'D186', 'DM543');
INSERT INTO dis_relationship_master VALUES ('382SS159', 'C6', 'S22', 'SS159', 'D186', 'DM543');
INSERT INTO dis_relationship_master VALUES ('382SS140', 'C6', 'S22', 'SS140', 'D186', 'DM543');
INSERT INTO dis_relationship_master VALUES ('382SS23', 'C6', 'S22', 'SS23', 'D186', 'DM543');
INSERT INTO dis_relationship_master VALUES ('160', 'C6', 'S0', 'SS0', 'D186', 'DM543');
INSERT INTO diagnosis_modifiers VALUES ('DM544', 'CLL/CHRONIC LYMPHOCYTIC');
INSERT INTO dis_relationship_master VALUES ('1392SS1', 'C6', 'S50', 'SS1', 'D186', 'DM544');
INSERT INTO dis_relationship_diagnosis_to_diagnosis_modifier VALUES ('D186', 'DM544');
INSERT INTO dis_relationship_master VALUES ('921SS182', 'C6', 'S57', 'SS182', 'D186', 'DM544');
INSERT INTO dis_relationship_master VALUES ('921SS178', 'C6', 'S57', 'SS178', 'D186', 'DM544');
INSERT INTO dis_relationship_master VALUES ('921SS150', 'C6', 'S57', 'SS150', 'D186', 'DM544');
INSERT INTO dis_relationship_master VALUES ('921SS129', 'C6', 'S57', 'SS129', 'D186', 'DM544');
INSERT INTO dis_relationship_master VALUES ('921SS122', 'C6', 'S57', 'SS122', 'D186', 'DM544');
INSERT INTO dis_relationship_master VALUES ('921SS117', 'C6', 'S57', 'SS117', 'D186', 'DM544');
INSERT INTO dis_relationship_master VALUES ('921SS107', 'C6', 'S57', 'SS107', 'D186', 'DM544');
INSERT INTO dis_relationship_master VALUES ('921SS103', 'C6', 'S57', 'SS103', 'D186', 'DM544');
INSERT INTO dis_relationship_master VALUES ('921SS88', 'C6', 'S57', 'SS88', 'D186', 'DM544');
INSERT INTO dis_relationship_master VALUES ('921SS76', 'C6', 'S57', 'SS76', 'D186', 'DM544');
INSERT INTO dis_relationship_master VALUES ('921SS33', 'C6', 'S57', 'SS33', 'D186', 'DM544');
INSERT INTO dis_relationship_master VALUES ('921SS21', 'C6', 'S57', 'SS21', 'D186', 'DM544');
INSERT INTO dis_relationship_master VALUES ('921SS16', 'C6', 'S57', 'SS16', 'D186', 'DM544');
INSERT INTO dis_relationship_master VALUES ('921SS2', 'C6', 'S57', 'SS2', 'D186', 'DM544');
INSERT INTO dis_relationship_master VALUES ('464SS195', 'C6', 'S65', 'SS195', 'D186', 'DM544');
INSERT INTO dis_relationship_master VALUES ('464SS168', 'C6', 'S65', 'SS168', 'D186', 'DM544');
INSERT INTO dis_relationship_master VALUES ('464SS153', 'C6', 'S65', 'SS153', 'D186', 'DM544');
INSERT INTO dis_relationship_master VALUES ('464SS130', 'C6', 'S65', 'SS130', 'D186', 'DM544');
INSERT INTO dis_relationship_master VALUES ('464SS86', 'C6', 'S65', 'SS86', 'D186', 'DM544');
INSERT INTO dis_relationship_master VALUES ('464SS60', 'C6', 'S65', 'SS60', 'D186', 'DM544');
INSERT INTO dis_relationship_master VALUES ('383SS198', 'C6', 'S22', 'SS198', 'D186', 'DM544');
INSERT INTO dis_relationship_master VALUES ('383SS159', 'C6', 'S22', 'SS159', 'D186', 'DM544');
INSERT INTO dis_relationship_master VALUES ('383SS140', 'C6', 'S22', 'SS140', 'D186', 'DM544');
INSERT INTO dis_relationship_master VALUES ('383SS23', 'C6', 'S22', 'SS23', 'D186', 'DM544');
INSERT INTO dis_relationship_master VALUES ('161', 'C6', 'S0', 'SS0', 'D186', 'DM544');
INSERT INTO diagnosis_modifiers VALUES ('DM545', 'CML/CHRONIC MYELOCYTIC');
INSERT INTO dis_relationship_master VALUES ('1393SS1', 'C6', 'S50', 'SS1', 'D186', 'DM545');
INSERT INTO dis_relationship_diagnosis_to_diagnosis_modifier VALUES ('D186', 'DM545');
INSERT INTO dis_relationship_master VALUES ('922SS182', 'C6', 'S57', 'SS182', 'D186', 'DM545');
INSERT INTO dis_relationship_master VALUES ('922SS178', 'C6', 'S57', 'SS178', 'D186', 'DM545');
INSERT INTO dis_relationship_master VALUES ('922SS150', 'C6', 'S57', 'SS150', 'D186', 'DM545');
INSERT INTO dis_relationship_master VALUES ('922SS129', 'C6', 'S57', 'SS129', 'D186', 'DM545');
INSERT INTO dis_relationship_master VALUES ('922SS122', 'C6', 'S57', 'SS122', 'D186', 'DM545');
INSERT INTO dis_relationship_master VALUES ('922SS117', 'C6', 'S57', 'SS117', 'D186', 'DM545');
INSERT INTO dis_relationship_master VALUES ('922SS107', 'C6', 'S57', 'SS107', 'D186', 'DM545');
INSERT INTO dis_relationship_master VALUES ('922SS103', 'C6', 'S57', 'SS103', 'D186', 'DM545');
INSERT INTO dis_relationship_master VALUES ('922SS88', 'C6', 'S57', 'SS88', 'D186', 'DM545');
INSERT INTO dis_relationship_master VALUES ('922SS76', 'C6', 'S57', 'SS76', 'D186', 'DM545');
INSERT INTO dis_relationship_master VALUES ('922SS33', 'C6', 'S57', 'SS33', 'D186', 'DM545');
INSERT INTO dis_relationship_master VALUES ('922SS21', 'C6', 'S57', 'SS21', 'D186', 'DM545');
INSERT INTO dis_relationship_master VALUES ('922SS16', 'C6', 'S57', 'SS16', 'D186', 'DM545');
INSERT INTO dis_relationship_master VALUES ('922SS2', 'C6', 'S57', 'SS2', 'D186', 'DM545');
INSERT INTO dis_relationship_master VALUES ('465SS195', 'C6', 'S65', 'SS195', 'D186', 'DM545');
INSERT INTO dis_relationship_master VALUES ('465SS168', 'C6', 'S65', 'SS168', 'D186', 'DM545');
INSERT INTO dis_relationship_master VALUES ('465SS153', 'C6', 'S65', 'SS153', 'D186', 'DM545');
INSERT INTO dis_relationship_master VALUES ('465SS130', 'C6', 'S65', 'SS130', 'D186', 'DM545');
INSERT INTO dis_relationship_master VALUES ('465SS86', 'C6', 'S65', 'SS86', 'D186', 'DM545');
INSERT INTO dis_relationship_master VALUES ('465SS60', 'C6', 'S65', 'SS60', 'D186', 'DM545');
INSERT INTO dis_relationship_master VALUES ('384SS198', 'C6', 'S22', 'SS198', 'D186', 'DM545');
INSERT INTO dis_relationship_master VALUES ('384SS159', 'C6', 'S22', 'SS159', 'D186', 'DM545');
INSERT INTO dis_relationship_master VALUES ('384SS140', 'C6', 'S22', 'SS140', 'D186', 'DM545');
INSERT INTO dis_relationship_master VALUES ('384SS23', 'C6', 'S22', 'SS23', 'D186', 'DM545');
INSERT INTO dis_relationship_master VALUES ('162', 'C6', 'S0', 'SS0', 'D186', 'DM545');
INSERT INTO diagnosis_modifiers VALUES ('DM546', 'CMML - CHRONIC MYELOMONOCYTIC');
INSERT INTO dis_relationship_master VALUES ('1394SS1', 'C6', 'S50', 'SS1', 'D186', 'DM546');
INSERT INTO dis_relationship_diagnosis_to_diagnosis_modifier VALUES ('D186', 'DM546');
INSERT INTO dis_relationship_master VALUES ('923SS182', 'C6', 'S57', 'SS182', 'D186', 'DM546');
INSERT INTO dis_relationship_master VALUES ('923SS178', 'C6', 'S57', 'SS178', 'D186', 'DM546');
INSERT INTO dis_relationship_master VALUES ('923SS150', 'C6', 'S57', 'SS150', 'D186', 'DM546');
INSERT INTO dis_relationship_master VALUES ('923SS129', 'C6', 'S57', 'SS129', 'D186', 'DM546');
INSERT INTO dis_relationship_master VALUES ('923SS122', 'C6', 'S57', 'SS122', 'D186', 'DM546');
INSERT INTO dis_relationship_master VALUES ('923SS117', 'C6', 'S57', 'SS117', 'D186', 'DM546');
INSERT INTO dis_relationship_master VALUES ('923SS107', 'C6', 'S57', 'SS107', 'D186', 'DM546');
INSERT INTO dis_relationship_master VALUES ('923SS103', 'C6', 'S57', 'SS103', 'D186', 'DM546');
INSERT INTO dis_relationship_master VALUES ('923SS88', 'C6', 'S57', 'SS88', 'D186', 'DM546');
INSERT INTO dis_relationship_master VALUES ('923SS76', 'C6', 'S57', 'SS76', 'D186', 'DM546');
INSERT INTO dis_relationship_master VALUES ('923SS33', 'C6', 'S57', 'SS33', 'D186', 'DM546');
INSERT INTO dis_relationship_master VALUES ('923SS21', 'C6', 'S57', 'SS21', 'D186', 'DM546');
INSERT INTO dis_relationship_master VALUES ('923SS16', 'C6', 'S57', 'SS16', 'D186', 'DM546');
INSERT INTO dis_relationship_master VALUES ('923SS2', 'C6', 'S57', 'SS2', 'D186', 'DM546');
INSERT INTO dis_relationship_master VALUES ('466SS195', 'C6', 'S65', 'SS195', 'D186', 'DM546');
INSERT INTO dis_relationship_master VALUES ('466SS168', 'C6', 'S65', 'SS168', 'D186', 'DM546');
INSERT INTO dis_relationship_master VALUES ('466SS153', 'C6', 'S65', 'SS153', 'D186', 'DM546');
INSERT INTO dis_relationship_master VALUES ('466SS130', 'C6', 'S65', 'SS130', 'D186', 'DM546');
INSERT INTO dis_relationship_master VALUES ('466SS86', 'C6', 'S65', 'SS86', 'D186', 'DM546');
INSERT INTO dis_relationship_master VALUES ('466SS60', 'C6', 'S65', 'SS60', 'D186', 'DM546');
INSERT INTO dis_relationship_master VALUES ('385SS198', 'C6', 'S22', 'SS198', 'D186', 'DM546');
INSERT INTO dis_relationship_master VALUES ('385SS159', 'C6', 'S22', 'SS159', 'D186', 'DM546');
INSERT INTO dis_relationship_master VALUES ('385SS140', 'C6', 'S22', 'SS140', 'D186', 'DM546');
INSERT INTO dis_relationship_master VALUES ('385SS23', 'C6', 'S22', 'SS23', 'D186', 'DM546');
INSERT INTO dis_relationship_master VALUES ('163', 'C6', 'S0', 'SS0', 'D186', 'DM546');
INSERT INTO diagnosis_modifiers VALUES ('DM547', 'ESSENTIAL THROMBOCYTHEMIA');
INSERT INTO dis_relationship_master VALUES ('1395SS1', 'C6', 'S50', 'SS1', 'D186', 'DM547');
INSERT INTO dis_relationship_diagnosis_to_diagnosis_modifier VALUES ('D186', 'DM547');
INSERT INTO dis_relationship_master VALUES ('924SS182', 'C6', 'S57', 'SS182', 'D186', 'DM547');
INSERT INTO dis_relationship_master VALUES ('924SS178', 'C6', 'S57', 'SS178', 'D186', 'DM547');
INSERT INTO dis_relationship_master VALUES ('924SS150', 'C6', 'S57', 'SS150', 'D186', 'DM547');
INSERT INTO dis_relationship_master VALUES ('924SS129', 'C6', 'S57', 'SS129', 'D186', 'DM547');
INSERT INTO dis_relationship_master VALUES ('924SS122', 'C6', 'S57', 'SS122', 'D186', 'DM547');
INSERT INTO dis_relationship_master VALUES ('924SS117', 'C6', 'S57', 'SS117', 'D186', 'DM547');
INSERT INTO dis_relationship_master VALUES ('924SS107', 'C6', 'S57', 'SS107', 'D186', 'DM547');
INSERT INTO dis_relationship_master VALUES ('924SS103', 'C6', 'S57', 'SS103', 'D186', 'DM547');
INSERT INTO dis_relationship_master VALUES ('924SS88', 'C6', 'S57', 'SS88', 'D186', 'DM547');
INSERT INTO dis_relationship_master VALUES ('924SS76', 'C6', 'S57', 'SS76', 'D186', 'DM547');
INSERT INTO dis_relationship_master VALUES ('924SS33', 'C6', 'S57', 'SS33', 'D186', 'DM547');
INSERT INTO dis_relationship_master VALUES ('924SS21', 'C6', 'S57', 'SS21', 'D186', 'DM547');
INSERT INTO dis_relationship_master VALUES ('924SS16', 'C6', 'S57', 'SS16', 'D186', 'DM547');
INSERT INTO dis_relationship_master VALUES ('924SS2', 'C6', 'S57', 'SS2', 'D186', 'DM547');
INSERT INTO dis_relationship_master VALUES ('467SS195', 'C6', 'S65', 'SS195', 'D186', 'DM547');
INSERT INTO dis_relationship_master VALUES ('467SS168', 'C6', 'S65', 'SS168', 'D186', 'DM547');
INSERT INTO dis_relationship_master VALUES ('467SS153', 'C6', 'S65', 'SS153', 'D186', 'DM547');
INSERT INTO dis_relationship_master VALUES ('467SS130', 'C6', 'S65', 'SS130', 'D186', 'DM547');
INSERT INTO dis_relationship_master VALUES ('467SS86', 'C6', 'S65', 'SS86', 'D186', 'DM547');
INSERT INTO dis_relationship_master VALUES ('467SS60', 'C6', 'S65', 'SS60', 'D186', 'DM547');
INSERT INTO dis_relationship_master VALUES ('386SS198', 'C6', 'S22', 'SS198', 'D186', 'DM547');
INSERT INTO dis_relationship_master VALUES ('386SS159', 'C6', 'S22', 'SS159', 'D186', 'DM547');
INSERT INTO dis_relationship_master VALUES ('386SS140', 'C6', 'S22', 'SS140', 'D186', 'DM547');
INSERT INTO dis_relationship_master VALUES ('386SS23', 'C6', 'S22', 'SS23', 'D186', 'DM547');
INSERT INTO dis_relationship_master VALUES ('164', 'C6', 'S0', 'SS0', 'D186', 'DM547');
INSERT INTO diagnosis_modifiers VALUES ('DM548', 'MASTOCYTOSIS');
INSERT INTO dis_relationship_master VALUES ('1396SS1', 'C6', 'S50', 'SS1', 'D186', 'DM548');
INSERT INTO dis_relationship_diagnosis_to_diagnosis_modifier VALUES ('D186', 'DM548');
INSERT INTO dis_relationship_master VALUES ('925SS182', 'C6', 'S57', 'SS182', 'D186', 'DM548');
INSERT INTO dis_relationship_master VALUES ('925SS178', 'C6', 'S57', 'SS178', 'D186', 'DM548');
INSERT INTO dis_relationship_master VALUES ('925SS150', 'C6', 'S57', 'SS150', 'D186', 'DM548');
INSERT INTO dis_relationship_master VALUES ('925SS129', 'C6', 'S57', 'SS129', 'D186', 'DM548');
INSERT INTO dis_relationship_master VALUES ('925SS122', 'C6', 'S57', 'SS122', 'D186', 'DM548');
INSERT INTO dis_relationship_master VALUES ('925SS117', 'C6', 'S57', 'SS117', 'D186', 'DM548');
INSERT INTO dis_relationship_master VALUES ('925SS107', 'C6', 'S57', 'SS107', 'D186', 'DM548');
INSERT INTO dis_relationship_master VALUES ('925SS103', 'C6', 'S57', 'SS103', 'D186', 'DM548');
INSERT INTO dis_relationship_master VALUES ('925SS88', 'C6', 'S57', 'SS88', 'D186', 'DM548');
INSERT INTO dis_relationship_master VALUES ('925SS76', 'C6', 'S57', 'SS76', 'D186', 'DM548');
INSERT INTO dis_relationship_master VALUES ('925SS33', 'C6', 'S57', 'SS33', 'D186', 'DM548');
INSERT INTO dis_relationship_master VALUES ('925SS21', 'C6', 'S57', 'SS21', 'D186', 'DM548');
INSERT INTO dis_relationship_master VALUES ('925SS16', 'C6', 'S57', 'SS16', 'D186', 'DM548');
INSERT INTO dis_relationship_master VALUES ('925SS2', 'C6', 'S57', 'SS2', 'D186', 'DM548');
INSERT INTO dis_relationship_master VALUES ('468SS195', 'C6', 'S65', 'SS195', 'D186', 'DM548');
INSERT INTO dis_relationship_master VALUES ('468SS168', 'C6', 'S65', 'SS168', 'D186', 'DM548');
INSERT INTO dis_relationship_master VALUES ('468SS153', 'C6', 'S65', 'SS153', 'D186', 'DM548');
INSERT INTO dis_relationship_master VALUES ('468SS130', 'C6', 'S65', 'SS130', 'D186', 'DM548');
INSERT INTO dis_relationship_master VALUES ('468SS86', 'C6', 'S65', 'SS86', 'D186', 'DM548');
INSERT INTO dis_relationship_master VALUES ('468SS60', 'C6', 'S65', 'SS60', 'D186', 'DM548');
INSERT INTO dis_relationship_master VALUES ('387SS198', 'C6', 'S22', 'SS198', 'D186', 'DM548');
INSERT INTO dis_relationship_master VALUES ('387SS159', 'C6', 'S22', 'SS159', 'D186', 'DM548');
INSERT INTO dis_relationship_master VALUES ('387SS140', 'C6', 'S22', 'SS140', 'D186', 'DM548');
INSERT INTO dis_relationship_master VALUES ('387SS23', 'C6', 'S22', 'SS23', 'D186', 'DM548');
INSERT INTO dis_relationship_master VALUES ('165', 'C6', 'S0', 'SS0', 'D186', 'DM548');
INSERT INTO dis_relationship_master VALUES ('1397SS1', 'C6', 'S50', 'SS1', 'D186', 'DM492');
INSERT INTO dis_relationship_diagnosis_to_diagnosis_modifier VALUES ('D186', 'DM492');
INSERT INTO dis_relationship_master VALUES ('926SS182', 'C6', 'S57', 'SS182', 'D186', 'DM492');
INSERT INTO dis_relationship_master VALUES ('926SS178', 'C6', 'S57', 'SS178', 'D186', 'DM492');
INSERT INTO dis_relationship_master VALUES ('926SS150', 'C6', 'S57', 'SS150', 'D186', 'DM492');
INSERT INTO dis_relationship_master VALUES ('926SS129', 'C6', 'S57', 'SS129', 'D186', 'DM492');
INSERT INTO dis_relationship_master VALUES ('926SS122', 'C6', 'S57', 'SS122', 'D186', 'DM492');
INSERT INTO dis_relationship_master VALUES ('926SS117', 'C6', 'S57', 'SS117', 'D186', 'DM492');
INSERT INTO dis_relationship_master VALUES ('926SS107', 'C6', 'S57', 'SS107', 'D186', 'DM492');
INSERT INTO dis_relationship_master VALUES ('926SS103', 'C6', 'S57', 'SS103', 'D186', 'DM492');
INSERT INTO dis_relationship_master VALUES ('926SS88', 'C6', 'S57', 'SS88', 'D186', 'DM492');
INSERT INTO dis_relationship_master VALUES ('926SS76', 'C6', 'S57', 'SS76', 'D186', 'DM492');
INSERT INTO dis_relationship_master VALUES ('926SS33', 'C6', 'S57', 'SS33', 'D186', 'DM492');
INSERT INTO dis_relationship_master VALUES ('926SS21', 'C6', 'S57', 'SS21', 'D186', 'DM492');
INSERT INTO dis_relationship_master VALUES ('926SS16', 'C6', 'S57', 'SS16', 'D186', 'DM492');
INSERT INTO dis_relationship_master VALUES ('926SS2', 'C6', 'S57', 'SS2', 'D186', 'DM492');
INSERT INTO dis_relationship_master VALUES ('388SS198', 'C6', 'S22', 'SS198', 'D186', 'DM492');
INSERT INTO dis_relationship_master VALUES ('388SS159', 'C6', 'S22', 'SS159', 'D186', 'DM492');
INSERT INTO dis_relationship_master VALUES ('388SS140', 'C6', 'S22', 'SS140', 'D186', 'DM492');
INSERT INTO dis_relationship_master VALUES ('388SS23', 'C6', 'S22', 'SS23', 'D186', 'DM492');
INSERT INTO dis_relationship_master VALUES ('469SS195', 'C6', 'S65', 'SS195', 'D186', 'DM492');
INSERT INTO dis_relationship_master VALUES ('469SS168', 'C6', 'S65', 'SS168', 'D186', 'DM492');
INSERT INTO dis_relationship_master VALUES ('469SS153', 'C6', 'S65', 'SS153', 'D186', 'DM492');
INSERT INTO dis_relationship_master VALUES ('469SS130', 'C6', 'S65', 'SS130', 'D186', 'DM492');
INSERT INTO dis_relationship_master VALUES ('469SS86', 'C6', 'S65', 'SS86', 'D186', 'DM492');
INSERT INTO dis_relationship_master VALUES ('469SS60', 'C6', 'S65', 'SS60', 'D186', 'DM492');
INSERT INTO dis_relationship_master VALUES ('166', 'C6', 'S0', 'SS0', 'D186', 'DM492');
INSERT INTO diagnosis_modifiers VALUES ('DM549', 'PRIMARY MYELOFIBROSIS');
INSERT INTO dis_relationship_master VALUES ('1398SS1', 'C6', 'S50', 'SS1', 'D186', 'DM549');
INSERT INTO dis_relationship_diagnosis_to_diagnosis_modifier VALUES ('D186', 'DM549');
INSERT INTO dis_relationship_master VALUES ('927SS182', 'C6', 'S57', 'SS182', 'D186', 'DM549');
INSERT INTO dis_relationship_master VALUES ('927SS178', 'C6', 'S57', 'SS178', 'D186', 'DM549');
INSERT INTO dis_relationship_master VALUES ('927SS150', 'C6', 'S57', 'SS150', 'D186', 'DM549');
INSERT INTO dis_relationship_master VALUES ('927SS129', 'C6', 'S57', 'SS129', 'D186', 'DM549');
INSERT INTO dis_relationship_master VALUES ('927SS122', 'C6', 'S57', 'SS122', 'D186', 'DM549');
INSERT INTO dis_relationship_master VALUES ('927SS117', 'C6', 'S57', 'SS117', 'D186', 'DM549');
INSERT INTO dis_relationship_master VALUES ('927SS107', 'C6', 'S57', 'SS107', 'D186', 'DM549');
INSERT INTO dis_relationship_master VALUES ('927SS103', 'C6', 'S57', 'SS103', 'D186', 'DM549');
INSERT INTO dis_relationship_master VALUES ('927SS88', 'C6', 'S57', 'SS88', 'D186', 'DM549');
INSERT INTO dis_relationship_master VALUES ('927SS76', 'C6', 'S57', 'SS76', 'D186', 'DM549');
INSERT INTO dis_relationship_master VALUES ('927SS33', 'C6', 'S57', 'SS33', 'D186', 'DM549');
INSERT INTO dis_relationship_master VALUES ('927SS21', 'C6', 'S57', 'SS21', 'D186', 'DM549');
INSERT INTO dis_relationship_master VALUES ('927SS16', 'C6', 'S57', 'SS16', 'D186', 'DM549');
INSERT INTO dis_relationship_master VALUES ('927SS2', 'C6', 'S57', 'SS2', 'D186', 'DM549');
INSERT INTO dis_relationship_master VALUES ('470SS195', 'C6', 'S65', 'SS195', 'D186', 'DM549');
INSERT INTO dis_relationship_master VALUES ('470SS168', 'C6', 'S65', 'SS168', 'D186', 'DM549');
INSERT INTO dis_relationship_master VALUES ('470SS153', 'C6', 'S65', 'SS153', 'D186', 'DM549');
INSERT INTO dis_relationship_master VALUES ('470SS130', 'C6', 'S65', 'SS130', 'D186', 'DM549');
INSERT INTO dis_relationship_master VALUES ('470SS86', 'C6', 'S65', 'SS86', 'D186', 'DM549');
INSERT INTO dis_relationship_master VALUES ('470SS60', 'C6', 'S65', 'SS60', 'D186', 'DM549');
INSERT INTO dis_relationship_master VALUES ('389SS198', 'C6', 'S22', 'SS198', 'D186', 'DM549');
INSERT INTO dis_relationship_master VALUES ('389SS159', 'C6', 'S22', 'SS159', 'D186', 'DM549');
INSERT INTO dis_relationship_master VALUES ('389SS140', 'C6', 'S22', 'SS140', 'D186', 'DM549');
INSERT INTO dis_relationship_master VALUES ('389SS23', 'C6', 'S22', 'SS23', 'D186', 'DM549');
INSERT INTO dis_relationship_master VALUES ('167', 'C6', 'S0', 'SS0', 'D186', 'DM549');
INSERT INTO diagnoses VALUES ('D324', 'LEUKEMIA CUTIS');
INSERT INTO dis_relationship_master VALUES ('1267SS157', 'C6', 'S1', 'SS157', 'D324', 'DM2');
INSERT INTO dis_relationship_diagnosis_to_diagnosis_modifier VALUES ('D324', 'DM2');
INSERT INTO dis_relationship_master VALUES ('1267SS156', 'C6', 'S1', 'SS156', 'D324', 'DM2');
INSERT INTO dis_relationship_master VALUES ('1267SS98', 'C6', 'S1', 'SS98', 'D324', 'DM2');
INSERT INTO dis_relationship_master VALUES ('1267SS73', 'C6', 'S1', 'SS73', 'D324', 'DM2');
INSERT INTO dis_relationship_master VALUES ('1267SS66', 'C6', 'S1', 'SS66', 'D324', 'DM2');
INSERT INTO dis_relationship_master VALUES ('1267SS65', 'C6', 'S1', 'SS65', 'D324', 'DM2');
INSERT INTO dis_relationship_master VALUES ('1267SS57', 'C6', 'S1', 'SS57', 'D324', 'DM2');
INSERT INTO dis_relationship_master VALUES ('1267SS19', 'C6', 'S1', 'SS19', 'D324', 'DM2');
INSERT INTO dis_relationship_master VALUES ('1267SS8', 'C6', 'S1', 'SS8', 'D324', 'DM2');
INSERT INTO dis_relationship_master VALUES ('1267SS2', 'C6', 'S1', 'SS2', 'D324', 'DM2');
INSERT INTO dis_relationship_master VALUES ('2091', 'C0', 'S0', 'SS0', 'D324', 'DM2');
INSERT INTO diagnoses VALUES ('D325', 'LEYDIG CELL TUMOR');
INSERT INTO dis_relationship_master VALUES ('1461SS1', 'C1', 'S42', 'SS1', 'D325', 'DM2');
INSERT INTO dis_relationship_diagnosis_to_diagnosis_modifier VALUES ('D325', 'DM2');
INSERT INTO dis_relationship_master VALUES ('1828', 'C0', 'S0', 'SS0', 'D325', 'DM2');
INSERT INTO diagnoses VALUES ('D326', 'LIPID CELL TUMORS');
INSERT INTO dis_relationship_master VALUES ('1046SS137', 'C6', 'S35', 'SS137', 'D326', 'DM2');
INSERT INTO dis_relationship_diagnosis_to_diagnosis_modifier VALUES ('D326', 'DM2');
INSERT INTO dis_relationship_master VALUES ('1046SS52', 'C6', 'S35', 'SS52', 'D326', 'DM2');
INSERT INTO dis_relationship_master VALUES ('1046SS80', 'C6', 'S35', 'SS80', 'D326', 'DM2');
INSERT INTO dis_relationship_master VALUES ('1046SS42', 'C6', 'S35', 'SS42', 'D326', 'DM2');
INSERT INTO dis_relationship_master VALUES ('1046SS41', 'C6', 'S35', 'SS41', 'D326', 'DM2');
INSERT INTO dis_relationship_master VALUES ('2013', 'C0', 'S0', 'SS0', 'D326', 'DM2');
INSERT INTO diagnoses VALUES ('D327', 'LIPOMA');
INSERT INTO dis_relationship_master VALUES ('1822', 'C0', 'S0', 'SS0', 'D327', 'DM2');
INSERT INTO dis_relationship_diagnosis_to_diagnosis_modifier VALUES ('D327', 'DM2');
INSERT INTO dis_relationship_master VALUES ('168', 'C7', 'S0', 'SS0', 'D327', 'DM2');
INSERT INTO diagnoses VALUES ('D328', 'LITHIASIS');
INSERT INTO dis_relationship_master VALUES ('1875', 'C0', 'S0', 'SS0', 'D328', 'DM2');
INSERT INTO dis_relationship_diagnosis_to_diagnosis_modifier VALUES ('D328', 'DM2');
INSERT INTO dis_relationship_master VALUES ('779SS151', 'C2', 'S82', 'SS151', 'D328', 'DM2');
INSERT INTO dis_relationship_master VALUES ('779SS105', 'C2', 'S82', 'SS105', 'D328', 'DM2');
INSERT INTO dis_relationship_master VALUES ('779SS42', 'C2', 'S82', 'SS42', 'D328', 'DM2');
INSERT INTO diagnoses VALUES ('D329', 'LOBULAR CARCINOMA IN SITU');
INSERT INTO dis_relationship_master VALUES ('1973', 'C0', 'S0', 'SS0', 'D329', 'DM2');
INSERT INTO dis_relationship_diagnosis_to_diagnosis_modifier VALUES ('D329', 'DM2');
INSERT INTO dis_relationship_master VALUES ('604SS164', 'C5', 'S20', 'SS164', 'D329', 'DM2');
INSERT INTO dis_relationship_master VALUES ('604SS118', 'C5', 'S20', 'SS118', 'D329', 'DM2');
INSERT INTO dis_relationship_master VALUES ('604SS114', 'C5', 'S20', 'SS114', 'D329', 'DM2');
INSERT INTO diagnoses VALUES ('D330', 'LOW GRADE MUCINOUS CYSTIC TUMOR');
INSERT INTO dis_relationship_master VALUES ('304SS166', 'C1', 'S60', 'SS166', 'D330', 'DM2');
INSERT INTO dis_relationship_diagnosis_to_diagnosis_modifier VALUES ('D330', 'DM2');
INSERT INTO dis_relationship_master VALUES ('1838', 'C0', 'S0', 'SS0', 'D330', 'DM2');
INSERT INTO diagnoses VALUES ('D331', 'LUTEOMA');
INSERT INTO dis_relationship_master VALUES ('1047SS137', 'C7', 'S35', 'SS137', 'D331', 'DM2');
INSERT INTO dis_relationship_diagnosis_to_diagnosis_modifier VALUES ('D331', 'DM2');
INSERT INTO dis_relationship_master VALUES ('1047SS52', 'C7', 'S35', 'SS52', 'D331', 'DM2');
INSERT INTO dis_relationship_master VALUES ('1047SS80', 'C7', 'S35', 'SS80', 'D331', 'DM2');
INSERT INTO dis_relationship_master VALUES ('1047SS42', 'C7', 'S35', 'SS42', 'D331', 'DM2');
INSERT INTO dis_relationship_master VALUES ('1047SS41', 'C7', 'S35', 'SS41', 'D331', 'DM2');
INSERT INTO dis_relationship_master VALUES ('1900', 'C0', 'S0', 'SS0', 'D331', 'DM2');
INSERT INTO diagnoses VALUES ('D332', 'LYMPHANGIECTASIA');
INSERT INTO dis_relationship_master VALUES ('1327SS166', 'C7', 'S76', 'SS166', 'D332', 'DM2');
INSERT INTO dis_relationship_diagnosis_to_diagnosis_modifier VALUES ('D332', 'DM2');
INSERT INTO dis_relationship_master VALUES ('1327SS91', 'C7', 'S76', 'SS91', 'D332', 'DM2');
INSERT INTO dis_relationship_master VALUES ('1327SS85', 'C7', 'S76', 'SS85', 'D332', 'DM2');
INSERT INTO dis_relationship_master VALUES ('1327SS84', 'C7', 'S76', 'SS84', 'D332', 'DM2');
INSERT INTO dis_relationship_master VALUES ('1327SS83', 'C7', 'S76', 'SS83', 'D332', 'DM2');
INSERT INTO dis_relationship_master VALUES ('1327SS48', 'C7', 'S76', 'SS48', 'D332', 'DM2');
INSERT INTO dis_relationship_master VALUES ('2103', 'C0', 'S0', 'SS0', 'D332', 'DM2');
INSERT INTO dis_relationship_master VALUES ('169', 'C2', 'S0', 'SS0', 'D332', 'DM2');
INSERT INTO diagnosis_modifiers VALUES ('DM550', 'HODGKINS');
INSERT INTO dis_relationship_master VALUES ('1399SS1', 'C6', 'S50', 'SS1', 'D187', 'DM550');
INSERT INTO dis_relationship_diagnosis_to_diagnosis_modifier VALUES ('D187', 'DM550');
INSERT INTO dis_relationship_master VALUES ('928SS182', 'C6', 'S57', 'SS182', 'D187', 'DM550');
INSERT INTO dis_relationship_master VALUES ('928SS178', 'C6', 'S57', 'SS178', 'D187', 'DM550');
INSERT INTO dis_relationship_master VALUES ('928SS150', 'C6', 'S57', 'SS150', 'D187', 'DM550');
INSERT INTO dis_relationship_master VALUES ('928SS129', 'C6', 'S57', 'SS129', 'D187', 'DM550');
INSERT INTO dis_relationship_master VALUES ('928SS122', 'C6', 'S57', 'SS122', 'D187', 'DM550');
INSERT INTO dis_relationship_master VALUES ('928SS117', 'C6', 'S57', 'SS117', 'D187', 'DM550');
INSERT INTO dis_relationship_master VALUES ('928SS107', 'C6', 'S57', 'SS107', 'D187', 'DM550');
INSERT INTO dis_relationship_master VALUES ('928SS103', 'C6', 'S57', 'SS103', 'D187', 'DM550');
INSERT INTO dis_relationship_master VALUES ('928SS88', 'C6', 'S57', 'SS88', 'D187', 'DM550');
INSERT INTO dis_relationship_master VALUES ('928SS76', 'C6', 'S57', 'SS76', 'D187', 'DM550');
INSERT INTO dis_relationship_master VALUES ('928SS33', 'C6', 'S57', 'SS33', 'D187', 'DM550');
INSERT INTO dis_relationship_master VALUES ('928SS21', 'C6', 'S57', 'SS21', 'D187', 'DM550');
INSERT INTO dis_relationship_master VALUES ('928SS16', 'C6', 'S57', 'SS16', 'D187', 'DM550');
INSERT INTO dis_relationship_master VALUES ('928SS2', 'C6', 'S57', 'SS2', 'D187', 'DM550');
INSERT INTO dis_relationship_master VALUES ('471SS195', 'C6', 'S65', 'SS195', 'D187', 'DM550');
INSERT INTO dis_relationship_master VALUES ('471SS168', 'C6', 'S65', 'SS168', 'D187', 'DM550');
INSERT INTO dis_relationship_master VALUES ('471SS153', 'C6', 'S65', 'SS153', 'D187', 'DM550');
INSERT INTO dis_relationship_master VALUES ('471SS130', 'C6', 'S65', 'SS130', 'D187', 'DM550');
INSERT INTO dis_relationship_master VALUES ('471SS86', 'C6', 'S65', 'SS86', 'D187', 'DM550');
INSERT INTO dis_relationship_master VALUES ('471SS60', 'C6', 'S65', 'SS60', 'D187', 'DM550');
INSERT INTO dis_relationship_master VALUES ('390SS198', 'C6', 'S22', 'SS198', 'D187', 'DM550');
INSERT INTO dis_relationship_master VALUES ('390SS159', 'C6', 'S22', 'SS159', 'D187', 'DM550');
INSERT INTO dis_relationship_master VALUES ('390SS140', 'C6', 'S22', 'SS140', 'D187', 'DM550');
INSERT INTO dis_relationship_master VALUES ('390SS23', 'C6', 'S22', 'SS23', 'D187', 'DM550');
INSERT INTO dis_relationship_master VALUES ('170', 'C6', 'S0', 'SS0', 'D187', 'DM550');
INSERT INTO diagnosis_modifiers VALUES ('DM551', 'PRECURSOR T-CELL');
INSERT INTO dis_relationship_master VALUES ('929SS182', 'C6', 'S57', 'SS182', 'D187', 'DM551');
INSERT INTO dis_relationship_diagnosis_to_diagnosis_modifier VALUES ('D187', 'DM551');
INSERT INTO dis_relationship_master VALUES ('929SS178', 'C6', 'S57', 'SS178', 'D187', 'DM551');
INSERT INTO dis_relationship_master VALUES ('929SS150', 'C6', 'S57', 'SS150', 'D187', 'DM551');
INSERT INTO dis_relationship_master VALUES ('929SS129', 'C6', 'S57', 'SS129', 'D187', 'DM551');
INSERT INTO dis_relationship_master VALUES ('929SS122', 'C6', 'S57', 'SS122', 'D187', 'DM551');
INSERT INTO dis_relationship_master VALUES ('929SS117', 'C6', 'S57', 'SS117', 'D187', 'DM551');
INSERT INTO dis_relationship_master VALUES ('929SS107', 'C6', 'S57', 'SS107', 'D187', 'DM551');
INSERT INTO dis_relationship_master VALUES ('929SS103', 'C6', 'S57', 'SS103', 'D187', 'DM551');
INSERT INTO dis_relationship_master VALUES ('929SS88', 'C6', 'S57', 'SS88', 'D187', 'DM551');
INSERT INTO dis_relationship_master VALUES ('929SS76', 'C6', 'S57', 'SS76', 'D187', 'DM551');
INSERT INTO dis_relationship_master VALUES ('929SS33', 'C6', 'S57', 'SS33', 'D187', 'DM551');
INSERT INTO dis_relationship_master VALUES ('929SS21', 'C6', 'S57', 'SS21', 'D187', 'DM551');
INSERT INTO dis_relationship_master VALUES ('929SS16', 'C6', 'S57', 'SS16', 'D187', 'DM551');
INSERT INTO dis_relationship_master VALUES ('929SS2', 'C6', 'S57', 'SS2', 'D187', 'DM551');
INSERT INTO dis_relationship_master VALUES ('1400SS1', 'C6', 'S50', 'SS1', 'D187', 'DM551');
INSERT INTO dis_relationship_master VALUES ('472SS195', 'C6', 'S65', 'SS195', 'D187', 'DM551');
INSERT INTO dis_relationship_master VALUES ('472SS168', 'C6', 'S65', 'SS168', 'D187', 'DM551');
INSERT INTO dis_relationship_master VALUES ('472SS153', 'C6', 'S65', 'SS153', 'D187', 'DM551');
INSERT INTO dis_relationship_master VALUES ('472SS130', 'C6', 'S65', 'SS130', 'D187', 'DM551');
INSERT INTO dis_relationship_master VALUES ('472SS86', 'C6', 'S65', 'SS86', 'D187', 'DM551');
INSERT INTO dis_relationship_master VALUES ('472SS60', 'C6', 'S65', 'SS60', 'D187', 'DM551');
INSERT INTO dis_relationship_master VALUES ('171', 'C6', 'S0', 'SS0', 'D187', 'DM551');
INSERT INTO diagnosis_modifiers VALUES ('DM552', 'BURKITT');
INSERT INTO dis_relationship_master VALUES ('1401SS1', 'C6', 'S50', 'SS1', 'D188', 'DM552');
INSERT INTO dis_relationship_diagnosis_to_diagnosis_modifier VALUES ('D188', 'DM552');
INSERT INTO dis_relationship_master VALUES ('930SS182', 'C6', 'S57', 'SS182', 'D188', 'DM552');
INSERT INTO dis_relationship_master VALUES ('930SS178', 'C6', 'S57', 'SS178', 'D188', 'DM552');
INSERT INTO dis_relationship_master VALUES ('930SS150', 'C6', 'S57', 'SS150', 'D188', 'DM552');
INSERT INTO dis_relationship_master VALUES ('930SS129', 'C6', 'S57', 'SS129', 'D188', 'DM552');
INSERT INTO dis_relationship_master VALUES ('930SS122', 'C6', 'S57', 'SS122', 'D188', 'DM552');
INSERT INTO dis_relationship_master VALUES ('930SS117', 'C6', 'S57', 'SS117', 'D188', 'DM552');
INSERT INTO dis_relationship_master VALUES ('930SS107', 'C6', 'S57', 'SS107', 'D188', 'DM552');
INSERT INTO dis_relationship_master VALUES ('930SS103', 'C6', 'S57', 'SS103', 'D188', 'DM552');
INSERT INTO dis_relationship_master VALUES ('930SS88', 'C6', 'S57', 'SS88', 'D188', 'DM552');
INSERT INTO dis_relationship_master VALUES ('930SS76', 'C6', 'S57', 'SS76', 'D188', 'DM552');
INSERT INTO dis_relationship_master VALUES ('930SS33', 'C6', 'S57', 'SS33', 'D188', 'DM552');
INSERT INTO dis_relationship_master VALUES ('930SS21', 'C6', 'S57', 'SS21', 'D188', 'DM552');
INSERT INTO dis_relationship_master VALUES ('930SS16', 'C6', 'S57', 'SS16', 'D188', 'DM552');
INSERT INTO dis_relationship_master VALUES ('930SS2', 'C6', 'S57', 'SS2', 'D188', 'DM552');
INSERT INTO dis_relationship_master VALUES ('473SS195', 'C6', 'S65', 'SS195', 'D188', 'DM552');
INSERT INTO dis_relationship_master VALUES ('473SS168', 'C6', 'S65', 'SS168', 'D188', 'DM552');
INSERT INTO dis_relationship_master VALUES ('473SS153', 'C6', 'S65', 'SS153', 'D188', 'DM552');
INSERT INTO dis_relationship_master VALUES ('473SS130', 'C6', 'S65', 'SS130', 'D188', 'DM552');
INSERT INTO dis_relationship_master VALUES ('473SS86', 'C6', 'S65', 'SS86', 'D188', 'DM552');
INSERT INTO dis_relationship_master VALUES ('473SS60', 'C6', 'S65', 'SS60', 'D188', 'DM552');
INSERT INTO dis_relationship_master VALUES ('391SS198', 'C6', 'S22', 'SS198', 'D188', 'DM552');
INSERT INTO dis_relationship_master VALUES ('391SS159', 'C6', 'S22', 'SS159', 'D188', 'DM552');
INSERT INTO dis_relationship_master VALUES ('391SS140', 'C6', 'S22', 'SS140', 'D188', 'DM552');
INSERT INTO dis_relationship_master VALUES ('391SS23', 'C6', 'S22', 'SS23', 'D188', 'DM552');
INSERT INTO dis_relationship_master VALUES ('172', 'C6', 'S0', 'SS0', 'D188', 'DM552');
INSERT INTO diagnosis_modifiers VALUES ('DM553', 'CLL/SLL CHRONIC/SMALL LYMPHOCYTIC LEUKEMIA');
INSERT INTO dis_relationship_master VALUES ('1402SS1', 'C6', 'S50', 'SS1', 'D188', 'DM553');
INSERT INTO dis_relationship_diagnosis_to_diagnosis_modifier VALUES ('D188', 'DM553');
INSERT INTO dis_relationship_master VALUES ('931SS182', 'C6', 'S57', 'SS182', 'D188', 'DM553');
INSERT INTO dis_relationship_master VALUES ('931SS178', 'C6', 'S57', 'SS178', 'D188', 'DM553');
INSERT INTO dis_relationship_master VALUES ('931SS150', 'C6', 'S57', 'SS150', 'D188', 'DM553');
INSERT INTO dis_relationship_master VALUES ('931SS129', 'C6', 'S57', 'SS129', 'D188', 'DM553');
INSERT INTO dis_relationship_master VALUES ('931SS122', 'C6', 'S57', 'SS122', 'D188', 'DM553');
INSERT INTO dis_relationship_master VALUES ('931SS117', 'C6', 'S57', 'SS117', 'D188', 'DM553');
INSERT INTO dis_relationship_master VALUES ('931SS107', 'C6', 'S57', 'SS107', 'D188', 'DM553');
INSERT INTO dis_relationship_master VALUES ('931SS103', 'C6', 'S57', 'SS103', 'D188', 'DM553');
INSERT INTO dis_relationship_master VALUES ('931SS88', 'C6', 'S57', 'SS88', 'D188', 'DM553');
INSERT INTO dis_relationship_master VALUES ('931SS76', 'C6', 'S57', 'SS76', 'D188', 'DM553');
INSERT INTO dis_relationship_master VALUES ('931SS33', 'C6', 'S57', 'SS33', 'D188', 'DM553');
INSERT INTO dis_relationship_master VALUES ('931SS21', 'C6', 'S57', 'SS21', 'D188', 'DM553');
INSERT INTO dis_relationship_master VALUES ('931SS16', 'C6', 'S57', 'SS16', 'D188', 'DM553');
INSERT INTO dis_relationship_master VALUES ('931SS2', 'C6', 'S57', 'SS2', 'D188', 'DM553');
INSERT INTO dis_relationship_master VALUES ('474SS195', 'C6', 'S65', 'SS195', 'D188', 'DM553');
INSERT INTO dis_relationship_master VALUES ('474SS168', 'C6', 'S65', 'SS168', 'D188', 'DM553');
INSERT INTO dis_relationship_master VALUES ('474SS153', 'C6', 'S65', 'SS153', 'D188', 'DM553');
INSERT INTO dis_relationship_master VALUES ('474SS130', 'C6', 'S65', 'SS130', 'D188', 'DM553');
INSERT INTO dis_relationship_master VALUES ('474SS86', 'C6', 'S65', 'SS86', 'D188', 'DM553');
INSERT INTO dis_relationship_master VALUES ('474SS60', 'C6', 'S65', 'SS60', 'D188', 'DM553');
INSERT INTO dis_relationship_master VALUES ('392SS198', 'C6', 'S22', 'SS198', 'D188', 'DM553');
INSERT INTO dis_relationship_master VALUES ('392SS159', 'C6', 'S22', 'SS159', 'D188', 'DM553');
INSERT INTO dis_relationship_master VALUES ('392SS140', 'C6', 'S22', 'SS140', 'D188', 'DM553');
INSERT INTO dis_relationship_master VALUES ('392SS23', 'C6', 'S22', 'SS23', 'D188', 'DM553');
INSERT INTO dis_relationship_master VALUES ('173', 'C6', 'S0', 'SS0', 'D188', 'DM553');
INSERT INTO diagnosis_modifiers VALUES ('DM554', 'DIFFUSE LARGE B-CELL');
INSERT INTO dis_relationship_master VALUES ('1403SS1', 'C6', 'S50', 'SS1', 'D188', 'DM554');
INSERT INTO dis_relationship_diagnosis_to_diagnosis_modifier VALUES ('D188', 'DM554');
INSERT INTO dis_relationship_master VALUES ('932SS182', 'C6', 'S57', 'SS182', 'D188', 'DM554');
INSERT INTO dis_relationship_master VALUES ('932SS178', 'C6', 'S57', 'SS178', 'D188', 'DM554');
INSERT INTO dis_relationship_master VALUES ('932SS150', 'C6', 'S57', 'SS150', 'D188', 'DM554');
INSERT INTO dis_relationship_master VALUES ('932SS129', 'C6', 'S57', 'SS129', 'D188', 'DM554');
INSERT INTO dis_relationship_master VALUES ('932SS122', 'C6', 'S57', 'SS122', 'D188', 'DM554');
INSERT INTO dis_relationship_master VALUES ('932SS117', 'C6', 'S57', 'SS117', 'D188', 'DM554');
INSERT INTO dis_relationship_master VALUES ('932SS107', 'C6', 'S57', 'SS107', 'D188', 'DM554');
INSERT INTO dis_relationship_master VALUES ('932SS103', 'C6', 'S57', 'SS103', 'D188', 'DM554');
INSERT INTO dis_relationship_master VALUES ('932SS88', 'C6', 'S57', 'SS88', 'D188', 'DM554');
INSERT INTO dis_relationship_master VALUES ('932SS76', 'C6', 'S57', 'SS76', 'D188', 'DM554');
INSERT INTO dis_relationship_master VALUES ('932SS33', 'C6', 'S57', 'SS33', 'D188', 'DM554');
INSERT INTO dis_relationship_master VALUES ('932SS21', 'C6', 'S57', 'SS21', 'D188', 'DM554');
INSERT INTO dis_relationship_master VALUES ('932SS16', 'C6', 'S57', 'SS16', 'D188', 'DM554');
INSERT INTO dis_relationship_master VALUES ('932SS2', 'C6', 'S57', 'SS2', 'D188', 'DM554');
INSERT INTO dis_relationship_master VALUES ('475SS195', 'C6', 'S65', 'SS195', 'D188', 'DM554');
INSERT INTO dis_relationship_master VALUES ('475SS168', 'C6', 'S65', 'SS168', 'D188', 'DM554');
INSERT INTO dis_relationship_master VALUES ('475SS153', 'C6', 'S65', 'SS153', 'D188', 'DM554');
INSERT INTO dis_relationship_master VALUES ('475SS130', 'C6', 'S65', 'SS130', 'D188', 'DM554');
INSERT INTO dis_relationship_master VALUES ('475SS86', 'C6', 'S65', 'SS86', 'D188', 'DM554');
INSERT INTO dis_relationship_master VALUES ('475SS60', 'C6', 'S65', 'SS60', 'D188', 'DM554');
INSERT INTO dis_relationship_master VALUES ('393SS198', 'C6', 'S22', 'SS198', 'D188', 'DM554');
INSERT INTO dis_relationship_master VALUES ('393SS159', 'C6', 'S22', 'SS159', 'D188', 'DM554');
INSERT INTO dis_relationship_master VALUES ('393SS140', 'C6', 'S22', 'SS140', 'D188', 'DM554');
INSERT INTO dis_relationship_master VALUES ('393SS23', 'C6', 'S22', 'SS23', 'D188', 'DM554');
INSERT INTO dis_relationship_master VALUES ('174', 'C6', 'S0', 'SS0', 'D188', 'DM554');
INSERT INTO dis_relationship_master VALUES ('1404SS1', 'C6', 'S50', 'SS1', 'D188', 'DM206');
INSERT INTO dis_relationship_diagnosis_to_diagnosis_modifier VALUES ('D188', 'DM206');
INSERT INTO dis_relationship_master VALUES ('933SS182', 'C6', 'S57', 'SS182', 'D188', 'DM206');
INSERT INTO dis_relationship_master VALUES ('933SS178', 'C6', 'S57', 'SS178', 'D188', 'DM206');
INSERT INTO dis_relationship_master VALUES ('933SS150', 'C6', 'S57', 'SS150', 'D188', 'DM206');
INSERT INTO dis_relationship_master VALUES ('933SS129', 'C6', 'S57', 'SS129', 'D188', 'DM206');
INSERT INTO dis_relationship_master VALUES ('933SS122', 'C6', 'S57', 'SS122', 'D188', 'DM206');
INSERT INTO dis_relationship_master VALUES ('933SS117', 'C6', 'S57', 'SS117', 'D188', 'DM206');
INSERT INTO dis_relationship_master VALUES ('933SS107', 'C6', 'S57', 'SS107', 'D188', 'DM206');
INSERT INTO dis_relationship_master VALUES ('933SS103', 'C6', 'S57', 'SS103', 'D188', 'DM206');
INSERT INTO dis_relationship_master VALUES ('933SS88', 'C6', 'S57', 'SS88', 'D188', 'DM206');
INSERT INTO dis_relationship_master VALUES ('933SS76', 'C6', 'S57', 'SS76', 'D188', 'DM206');
INSERT INTO dis_relationship_master VALUES ('933SS33', 'C6', 'S57', 'SS33', 'D188', 'DM206');
INSERT INTO dis_relationship_master VALUES ('933SS21', 'C6', 'S57', 'SS21', 'D188', 'DM206');
INSERT INTO dis_relationship_master VALUES ('933SS16', 'C6', 'S57', 'SS16', 'D188', 'DM206');
INSERT INTO dis_relationship_master VALUES ('933SS2', 'C6', 'S57', 'SS2', 'D188', 'DM206');
INSERT INTO dis_relationship_master VALUES ('476SS195', 'C6', 'S65', 'SS195', 'D188', 'DM206');
INSERT INTO dis_relationship_master VALUES ('476SS168', 'C6', 'S65', 'SS168', 'D188', 'DM206');
INSERT INTO dis_relationship_master VALUES ('476SS153', 'C6', 'S65', 'SS153', 'D188', 'DM206');
INSERT INTO dis_relationship_master VALUES ('476SS130', 'C6', 'S65', 'SS130', 'D188', 'DM206');
INSERT INTO dis_relationship_master VALUES ('476SS86', 'C6', 'S65', 'SS86', 'D188', 'DM206');
INSERT INTO dis_relationship_master VALUES ('476SS60', 'C6', 'S65', 'SS60', 'D188', 'DM206');
INSERT INTO dis_relationship_master VALUES ('394SS198', 'C6', 'S22', 'SS198', 'D188', 'DM206');
INSERT INTO dis_relationship_master VALUES ('394SS159', 'C6', 'S22', 'SS159', 'D188', 'DM206');
INSERT INTO dis_relationship_master VALUES ('394SS140', 'C6', 'S22', 'SS140', 'D188', 'DM206');
INSERT INTO dis_relationship_master VALUES ('394SS23', 'C6', 'S22', 'SS23', 'D188', 'DM206');
INSERT INTO dis_relationship_master VALUES ('175', 'C6', 'S0', 'SS0', 'D188', 'DM206');
INSERT INTO diagnosis_modifiers VALUES ('DM555', 'INTRAVASCULAR LARGE B-CELL');
INSERT INTO dis_relationship_master VALUES ('1405SS1', 'C6', 'S50', 'SS1', 'D188', 'DM555');
INSERT INTO dis_relationship_diagnosis_to_diagnosis_modifier VALUES ('D188', 'DM555');
INSERT INTO dis_relationship_master VALUES ('934SS182', 'C6', 'S57', 'SS182', 'D188', 'DM555');
INSERT INTO dis_relationship_master VALUES ('934SS178', 'C6', 'S57', 'SS178', 'D188', 'DM555');
INSERT INTO dis_relationship_master VALUES ('934SS150', 'C6', 'S57', 'SS150', 'D188', 'DM555');
INSERT INTO dis_relationship_master VALUES ('934SS129', 'C6', 'S57', 'SS129', 'D188', 'DM555');
INSERT INTO dis_relationship_master VALUES ('934SS122', 'C6', 'S57', 'SS122', 'D188', 'DM555');
INSERT INTO dis_relationship_master VALUES ('934SS117', 'C6', 'S57', 'SS117', 'D188', 'DM555');
INSERT INTO dis_relationship_master VALUES ('934SS107', 'C6', 'S57', 'SS107', 'D188', 'DM555');
INSERT INTO dis_relationship_master VALUES ('934SS103', 'C6', 'S57', 'SS103', 'D188', 'DM555');
INSERT INTO dis_relationship_master VALUES ('934SS88', 'C6', 'S57', 'SS88', 'D188', 'DM555');
INSERT INTO dis_relationship_master VALUES ('934SS76', 'C6', 'S57', 'SS76', 'D188', 'DM555');
INSERT INTO dis_relationship_master VALUES ('934SS33', 'C6', 'S57', 'SS33', 'D188', 'DM555');
INSERT INTO dis_relationship_master VALUES ('934SS21', 'C6', 'S57', 'SS21', 'D188', 'DM555');
INSERT INTO dis_relationship_master VALUES ('934SS16', 'C6', 'S57', 'SS16', 'D188', 'DM555');
INSERT INTO dis_relationship_master VALUES ('934SS2', 'C6', 'S57', 'SS2', 'D188', 'DM555');
INSERT INTO dis_relationship_master VALUES ('477SS195', 'C6', 'S65', 'SS195', 'D188', 'DM555');
INSERT INTO dis_relationship_master VALUES ('477SS168', 'C6', 'S65', 'SS168', 'D188', 'DM555');
INSERT INTO dis_relationship_master VALUES ('477SS153', 'C6', 'S65', 'SS153', 'D188', 'DM555');
INSERT INTO dis_relationship_master VALUES ('477SS130', 'C6', 'S65', 'SS130', 'D188', 'DM555');
INSERT INTO dis_relationship_master VALUES ('477SS86', 'C6', 'S65', 'SS86', 'D188', 'DM555');
INSERT INTO dis_relationship_master VALUES ('477SS60', 'C6', 'S65', 'SS60', 'D188', 'DM555');
INSERT INTO dis_relationship_master VALUES ('395SS198', 'C6', 'S22', 'SS198', 'D188', 'DM555');
INSERT INTO dis_relationship_master VALUES ('395SS159', 'C6', 'S22', 'SS159', 'D188', 'DM555');
INSERT INTO dis_relationship_master VALUES ('395SS140', 'C6', 'S22', 'SS140', 'D188', 'DM555');
INSERT INTO dis_relationship_master VALUES ('395SS23', 'C6', 'S22', 'SS23', 'D188', 'DM555');
INSERT INTO dis_relationship_master VALUES ('176', 'C6', 'S0', 'SS0', 'D188', 'DM555');
INSERT INTO diagnosis_modifiers VALUES ('DM556', 'LYMPHOPLASMACYTIC (WALDENSTROMS)');
INSERT INTO dis_relationship_master VALUES ('1406SS1', 'C6', 'S50', 'SS1', 'D188', 'DM556');
INSERT INTO dis_relationship_diagnosis_to_diagnosis_modifier VALUES ('D188', 'DM556');
INSERT INTO dis_relationship_master VALUES ('935SS182', 'C6', 'S57', 'SS182', 'D188', 'DM556');
INSERT INTO dis_relationship_master VALUES ('935SS178', 'C6', 'S57', 'SS178', 'D188', 'DM556');
INSERT INTO dis_relationship_master VALUES ('935SS150', 'C6', 'S57', 'SS150', 'D188', 'DM556');
INSERT INTO dis_relationship_master VALUES ('935SS129', 'C6', 'S57', 'SS129', 'D188', 'DM556');
INSERT INTO dis_relationship_master VALUES ('935SS122', 'C6', 'S57', 'SS122', 'D188', 'DM556');
INSERT INTO dis_relationship_master VALUES ('935SS117', 'C6', 'S57', 'SS117', 'D188', 'DM556');
INSERT INTO dis_relationship_master VALUES ('935SS107', 'C6', 'S57', 'SS107', 'D188', 'DM556');
INSERT INTO dis_relationship_master VALUES ('935SS103', 'C6', 'S57', 'SS103', 'D188', 'DM556');
INSERT INTO dis_relationship_master VALUES ('935SS88', 'C6', 'S57', 'SS88', 'D188', 'DM556');
INSERT INTO dis_relationship_master VALUES ('935SS76', 'C6', 'S57', 'SS76', 'D188', 'DM556');
INSERT INTO dis_relationship_master VALUES ('935SS33', 'C6', 'S57', 'SS33', 'D188', 'DM556');
INSERT INTO dis_relationship_master VALUES ('935SS21', 'C6', 'S57', 'SS21', 'D188', 'DM556');
INSERT INTO dis_relationship_master VALUES ('935SS16', 'C6', 'S57', 'SS16', 'D188', 'DM556');
INSERT INTO dis_relationship_master VALUES ('935SS2', 'C6', 'S57', 'SS2', 'D188', 'DM556');
INSERT INTO dis_relationship_master VALUES ('478SS195', 'C6', 'S65', 'SS195', 'D188', 'DM556');
INSERT INTO dis_relationship_master VALUES ('478SS168', 'C6', 'S65', 'SS168', 'D188', 'DM556');
INSERT INTO dis_relationship_master VALUES ('478SS153', 'C6', 'S65', 'SS153', 'D188', 'DM556');
INSERT INTO dis_relationship_master VALUES ('478SS130', 'C6', 'S65', 'SS130', 'D188', 'DM556');
INSERT INTO dis_relationship_master VALUES ('478SS86', 'C6', 'S65', 'SS86', 'D188', 'DM556');
INSERT INTO dis_relationship_master VALUES ('478SS60', 'C6', 'S65', 'SS60', 'D188', 'DM556');
INSERT INTO dis_relationship_master VALUES ('396SS198', 'C6', 'S22', 'SS198', 'D188', 'DM556');
INSERT INTO dis_relationship_master VALUES ('396SS159', 'C6', 'S22', 'SS159', 'D188', 'DM556');
INSERT INTO dis_relationship_master VALUES ('396SS140', 'C6', 'S22', 'SS140', 'D188', 'DM556');
INSERT INTO dis_relationship_master VALUES ('396SS23', 'C6', 'S22', 'SS23', 'D188', 'DM556');
INSERT INTO dis_relationship_master VALUES ('177', 'C6', 'S0', 'SS0', 'D188', 'DM556');
INSERT INTO diagnosis_modifiers VALUES ('DM557', 'MALT - MUCOSA ASSOCIATED LYMPHATIC TISSUE');
INSERT INTO dis_relationship_master VALUES ('1407SS1', 'C6', 'S50', 'SS1', 'D188', 'DM557');
INSERT INTO dis_relationship_diagnosis_to_diagnosis_modifier VALUES ('D188', 'DM557');
INSERT INTO dis_relationship_master VALUES ('936SS182', 'C6', 'S57', 'SS182', 'D188', 'DM557');
INSERT INTO dis_relationship_master VALUES ('936SS178', 'C6', 'S57', 'SS178', 'D188', 'DM557');
INSERT INTO dis_relationship_master VALUES ('936SS150', 'C6', 'S57', 'SS150', 'D188', 'DM557');
INSERT INTO dis_relationship_master VALUES ('936SS129', 'C6', 'S57', 'SS129', 'D188', 'DM557');
INSERT INTO dis_relationship_master VALUES ('936SS122', 'C6', 'S57', 'SS122', 'D188', 'DM557');
INSERT INTO dis_relationship_master VALUES ('936SS117', 'C6', 'S57', 'SS117', 'D188', 'DM557');
INSERT INTO dis_relationship_master VALUES ('936SS107', 'C6', 'S57', 'SS107', 'D188', 'DM557');
INSERT INTO dis_relationship_master VALUES ('936SS103', 'C6', 'S57', 'SS103', 'D188', 'DM557');
INSERT INTO dis_relationship_master VALUES ('936SS88', 'C6', 'S57', 'SS88', 'D188', 'DM557');
INSERT INTO dis_relationship_master VALUES ('936SS76', 'C6', 'S57', 'SS76', 'D188', 'DM557');
INSERT INTO dis_relationship_master VALUES ('936SS33', 'C6', 'S57', 'SS33', 'D188', 'DM557');
INSERT INTO dis_relationship_master VALUES ('936SS21', 'C6', 'S57', 'SS21', 'D188', 'DM557');
INSERT INTO dis_relationship_master VALUES ('936SS16', 'C6', 'S57', 'SS16', 'D188', 'DM557');
INSERT INTO dis_relationship_master VALUES ('936SS2', 'C6', 'S57', 'SS2', 'D188', 'DM557');
INSERT INTO dis_relationship_master VALUES ('479SS195', 'C6', 'S65', 'SS195', 'D188', 'DM557');
INSERT INTO dis_relationship_master VALUES ('479SS168', 'C6', 'S65', 'SS168', 'D188', 'DM557');
INSERT INTO dis_relationship_master VALUES ('479SS153', 'C6', 'S65', 'SS153', 'D188', 'DM557');
INSERT INTO dis_relationship_master VALUES ('479SS130', 'C6', 'S65', 'SS130', 'D188', 'DM557');
INSERT INTO dis_relationship_master VALUES ('479SS86', 'C6', 'S65', 'SS86', 'D188', 'DM557');
INSERT INTO dis_relationship_master VALUES ('479SS60', 'C6', 'S65', 'SS60', 'D188', 'DM557');
INSERT INTO dis_relationship_master VALUES ('397SS198', 'C6', 'S22', 'SS198', 'D188', 'DM557');
INSERT INTO dis_relationship_master VALUES ('397SS159', 'C6', 'S22', 'SS159', 'D188', 'DM557');
INSERT INTO dis_relationship_master VALUES ('397SS140', 'C6', 'S22', 'SS140', 'D188', 'DM557');
INSERT INTO dis_relationship_master VALUES ('397SS23', 'C6', 'S22', 'SS23', 'D188', 'DM557');
INSERT INTO dis_relationship_master VALUES ('178', 'C6', 'S0', 'SS0', 'D188', 'DM557');
INSERT INTO diagnosis_modifiers VALUES ('DM558', 'MANTLE CELL');
INSERT INTO dis_relationship_master VALUES ('1408SS1', 'C6', 'S50', 'SS1', 'D188', 'DM558');
INSERT INTO dis_relationship_diagnosis_to_diagnosis_modifier VALUES ('D188', 'DM558');
INSERT INTO dis_relationship_master VALUES ('937SS182', 'C6', 'S57', 'SS182', 'D188', 'DM558');
INSERT INTO dis_relationship_master VALUES ('937SS178', 'C6', 'S57', 'SS178', 'D188', 'DM558');
INSERT INTO dis_relationship_master VALUES ('937SS150', 'C6', 'S57', 'SS150', 'D188', 'DM558');
INSERT INTO dis_relationship_master VALUES ('937SS129', 'C6', 'S57', 'SS129', 'D188', 'DM558');
INSERT INTO dis_relationship_master VALUES ('937SS122', 'C6', 'S57', 'SS122', 'D188', 'DM558');
INSERT INTO dis_relationship_master VALUES ('937SS117', 'C6', 'S57', 'SS117', 'D188', 'DM558');
INSERT INTO dis_relationship_master VALUES ('937SS107', 'C6', 'S57', 'SS107', 'D188', 'DM558');
INSERT INTO dis_relationship_master VALUES ('937SS103', 'C6', 'S57', 'SS103', 'D188', 'DM558');
INSERT INTO dis_relationship_master VALUES ('937SS88', 'C6', 'S57', 'SS88', 'D188', 'DM558');
INSERT INTO dis_relationship_master VALUES ('937SS76', 'C6', 'S57', 'SS76', 'D188', 'DM558');
INSERT INTO dis_relationship_master VALUES ('937SS33', 'C6', 'S57', 'SS33', 'D188', 'DM558');
INSERT INTO dis_relationship_master VALUES ('937SS21', 'C6', 'S57', 'SS21', 'D188', 'DM558');
INSERT INTO dis_relationship_master VALUES ('937SS16', 'C6', 'S57', 'SS16', 'D188', 'DM558');
INSERT INTO dis_relationship_master VALUES ('937SS2', 'C6', 'S57', 'SS2', 'D188', 'DM558');
INSERT INTO dis_relationship_master VALUES ('398SS198', 'C6', 'S22', 'SS198', 'D188', 'DM558');
INSERT INTO dis_relationship_master VALUES ('398SS159', 'C6', 'S22', 'SS159', 'D188', 'DM558');
INSERT INTO dis_relationship_master VALUES ('398SS140', 'C6', 'S22', 'SS140', 'D188', 'DM558');
INSERT INTO dis_relationship_master VALUES ('398SS23', 'C6', 'S22', 'SS23', 'D188', 'DM558');
INSERT INTO dis_relationship_master VALUES ('480SS195', 'C6', 'S65', 'SS195', 'D188', 'DM558');
INSERT INTO dis_relationship_master VALUES ('480SS168', 'C6', 'S65', 'SS168', 'D188', 'DM558');
INSERT INTO dis_relationship_master VALUES ('480SS153', 'C6', 'S65', 'SS153', 'D188', 'DM558');
INSERT INTO dis_relationship_master VALUES ('480SS130', 'C6', 'S65', 'SS130', 'D188', 'DM558');
INSERT INTO dis_relationship_master VALUES ('480SS86', 'C6', 'S65', 'SS86', 'D188', 'DM558');
INSERT INTO dis_relationship_master VALUES ('480SS60', 'C6', 'S65', 'SS60', 'D188', 'DM558');
INSERT INTO dis_relationship_master VALUES ('179', 'C6', 'S0', 'SS0', 'D188', 'DM558');
INSERT INTO diagnosis_modifiers VALUES ('DM559', 'MARGINAL ZONE');
INSERT INTO dis_relationship_master VALUES ('1409SS1', 'C6', 'S50', 'SS1', 'D188', 'DM559');
INSERT INTO dis_relationship_diagnosis_to_diagnosis_modifier VALUES ('D188', 'DM559');
INSERT INTO dis_relationship_master VALUES ('938SS182', 'C6', 'S57', 'SS182', 'D188', 'DM559');
INSERT INTO dis_relationship_master VALUES ('938SS178', 'C6', 'S57', 'SS178', 'D188', 'DM559');
INSERT INTO dis_relationship_master VALUES ('938SS150', 'C6', 'S57', 'SS150', 'D188', 'DM559');
INSERT INTO dis_relationship_master VALUES ('938SS129', 'C6', 'S57', 'SS129', 'D188', 'DM559');
INSERT INTO dis_relationship_master VALUES ('938SS122', 'C6', 'S57', 'SS122', 'D188', 'DM559');
INSERT INTO dis_relationship_master VALUES ('938SS117', 'C6', 'S57', 'SS117', 'D188', 'DM559');
INSERT INTO dis_relationship_master VALUES ('938SS107', 'C6', 'S57', 'SS107', 'D188', 'DM559');
INSERT INTO dis_relationship_master VALUES ('938SS103', 'C6', 'S57', 'SS103', 'D188', 'DM559');
INSERT INTO dis_relationship_master VALUES ('938SS88', 'C6', 'S57', 'SS88', 'D188', 'DM559');
INSERT INTO dis_relationship_master VALUES ('938SS76', 'C6', 'S57', 'SS76', 'D188', 'DM559');
INSERT INTO dis_relationship_master VALUES ('938SS33', 'C6', 'S57', 'SS33', 'D188', 'DM559');
INSERT INTO dis_relationship_master VALUES ('938SS21', 'C6', 'S57', 'SS21', 'D188', 'DM559');
INSERT INTO dis_relationship_master VALUES ('938SS16', 'C6', 'S57', 'SS16', 'D188', 'DM559');
INSERT INTO dis_relationship_master VALUES ('938SS2', 'C6', 'S57', 'SS2', 'D188', 'DM559');
INSERT INTO dis_relationship_master VALUES ('481SS195', 'C6', 'S65', 'SS195', 'D188', 'DM559');
INSERT INTO dis_relationship_master VALUES ('481SS168', 'C6', 'S65', 'SS168', 'D188', 'DM559');
INSERT INTO dis_relationship_master VALUES ('481SS153', 'C6', 'S65', 'SS153', 'D188', 'DM559');
INSERT INTO dis_relationship_master VALUES ('481SS130', 'C6', 'S65', 'SS130', 'D188', 'DM559');
INSERT INTO dis_relationship_master VALUES ('481SS86', 'C6', 'S65', 'SS86', 'D188', 'DM559');
INSERT INTO dis_relationship_master VALUES ('481SS60', 'C6', 'S65', 'SS60', 'D188', 'DM559');
INSERT INTO dis_relationship_master VALUES ('180', 'C6', 'S0', 'SS0', 'D188', 'DM559');
INSERT INTO dis_relationship_master VALUES ('399SS198', 'C6', 'S22', 'SS198', 'D188', 'DM559');
INSERT INTO dis_relationship_master VALUES ('399SS159', 'C6', 'S22', 'SS159', 'D188', 'DM559');
INSERT INTO dis_relationship_master VALUES ('399SS140', 'C6', 'S22', 'SS140', 'D188', 'DM559');
INSERT INTO dis_relationship_master VALUES ('399SS23', 'C6', 'S22', 'SS23', 'D188', 'DM559');
INSERT INTO diagnosis_modifiers VALUES ('DM560', 'MEDIASTINAL LARGE B-CELL');
INSERT INTO dis_relationship_master VALUES ('1481SS105', 'C6', 'S85', 'SS105', 'D188', 'DM560');
INSERT INTO dis_relationship_diagnosis_to_diagnosis_modifier VALUES ('D188', 'DM560');
INSERT INTO dis_relationship_master VALUES ('1481SS42', 'C6', 'S85', 'SS42', 'D188', 'DM560');
INSERT INTO dis_relationship_master VALUES ('1410SS1', 'C6', 'S50', 'SS1', 'D188', 'DM560');
INSERT INTO dis_relationship_master VALUES ('939SS182', 'C6', 'S57', 'SS182', 'D188', 'DM560');
INSERT INTO dis_relationship_master VALUES ('939SS178', 'C6', 'S57', 'SS178', 'D188', 'DM560');
INSERT INTO dis_relationship_master VALUES ('939SS150', 'C6', 'S57', 'SS150', 'D188', 'DM560');
INSERT INTO dis_relationship_master VALUES ('939SS129', 'C6', 'S57', 'SS129', 'D188', 'DM560');
INSERT INTO dis_relationship_master VALUES ('939SS122', 'C6', 'S57', 'SS122', 'D188', 'DM560');
INSERT INTO dis_relationship_master VALUES ('939SS117', 'C6', 'S57', 'SS117', 'D188', 'DM560');
INSERT INTO dis_relationship_master VALUES ('939SS107', 'C6', 'S57', 'SS107', 'D188', 'DM560');
INSERT INTO dis_relationship_master VALUES ('939SS103', 'C6', 'S57', 'SS103', 'D188', 'DM560');
INSERT INTO dis_relationship_master VALUES ('939SS88', 'C6', 'S57', 'SS88', 'D188', 'DM560');
INSERT INTO dis_relationship_master VALUES ('939SS76', 'C6', 'S57', 'SS76', 'D188', 'DM560');
INSERT INTO dis_relationship_master VALUES ('939SS33', 'C6', 'S57', 'SS33', 'D188', 'DM560');
INSERT INTO dis_relationship_master VALUES ('939SS21', 'C6', 'S57', 'SS21', 'D188', 'DM560');
INSERT INTO dis_relationship_master VALUES ('939SS16', 'C6', 'S57', 'SS16', 'D188', 'DM560');
INSERT INTO dis_relationship_master VALUES ('939SS2', 'C6', 'S57', 'SS2', 'D188', 'DM560');
INSERT INTO dis_relationship_master VALUES ('482SS195', 'C6', 'S65', 'SS195', 'D188', 'DM560');
INSERT INTO dis_relationship_master VALUES ('482SS168', 'C6', 'S65', 'SS168', 'D188', 'DM560');
INSERT INTO dis_relationship_master VALUES ('482SS153', 'C6', 'S65', 'SS153', 'D188', 'DM560');
INSERT INTO dis_relationship_master VALUES ('482SS130', 'C6', 'S65', 'SS130', 'D188', 'DM560');
INSERT INTO dis_relationship_master VALUES ('482SS86', 'C6', 'S65', 'SS86', 'D188', 'DM560');
INSERT INTO dis_relationship_master VALUES ('482SS60', 'C6', 'S65', 'SS60', 'D188', 'DM560');
INSERT INTO dis_relationship_master VALUES ('400SS198', 'C6', 'S22', 'SS198', 'D188', 'DM560');
INSERT INTO dis_relationship_master VALUES ('400SS159', 'C6', 'S22', 'SS159', 'D188', 'DM560');
INSERT INTO dis_relationship_master VALUES ('400SS140', 'C6', 'S22', 'SS140', 'D188', 'DM560');
INSERT INTO dis_relationship_master VALUES ('400SS23', 'C6', 'S22', 'SS23', 'D188', 'DM560');
INSERT INTO dis_relationship_master VALUES ('181', 'C6', 'S0', 'SS0', 'D188', 'DM560');
INSERT INTO diagnosis_modifiers VALUES ('DM561', 'PLASMA CELL (MYELOMA)');
INSERT INTO dis_relationship_master VALUES ('940SS182', 'C6', 'S57', 'SS182', 'D188', 'DM561');
INSERT INTO dis_relationship_diagnosis_to_diagnosis_modifier VALUES ('D188', 'DM561');
INSERT INTO dis_relationship_master VALUES ('940SS178', 'C6', 'S57', 'SS178', 'D188', 'DM561');
INSERT INTO dis_relationship_master VALUES ('940SS150', 'C6', 'S57', 'SS150', 'D188', 'DM561');
INSERT INTO dis_relationship_master VALUES ('940SS129', 'C6', 'S57', 'SS129', 'D188', 'DM561');
INSERT INTO dis_relationship_master VALUES ('940SS122', 'C6', 'S57', 'SS122', 'D188', 'DM561');
INSERT INTO dis_relationship_master VALUES ('940SS117', 'C6', 'S57', 'SS117', 'D188', 'DM561');
INSERT INTO dis_relationship_master VALUES ('940SS107', 'C6', 'S57', 'SS107', 'D188', 'DM561');
INSERT INTO dis_relationship_master VALUES ('940SS103', 'C6', 'S57', 'SS103', 'D188', 'DM561');
INSERT INTO dis_relationship_master VALUES ('940SS88', 'C6', 'S57', 'SS88', 'D188', 'DM561');
INSERT INTO dis_relationship_master VALUES ('940SS76', 'C6', 'S57', 'SS76', 'D188', 'DM561');
INSERT INTO dis_relationship_master VALUES ('940SS33', 'C6', 'S57', 'SS33', 'D188', 'DM561');
INSERT INTO dis_relationship_master VALUES ('940SS21', 'C6', 'S57', 'SS21', 'D188', 'DM561');
INSERT INTO dis_relationship_master VALUES ('940SS16', 'C6', 'S57', 'SS16', 'D188', 'DM561');
INSERT INTO dis_relationship_master VALUES ('940SS2', 'C6', 'S57', 'SS2', 'D188', 'DM561');
INSERT INTO dis_relationship_master VALUES ('1411SS1', 'C6', 'S50', 'SS1', 'D188', 'DM561');
INSERT INTO dis_relationship_master VALUES ('483SS195', 'C6', 'S65', 'SS195', 'D188', 'DM561');
INSERT INTO dis_relationship_master VALUES ('483SS168', 'C6', 'S65', 'SS168', 'D188', 'DM561');
INSERT INTO dis_relationship_master VALUES ('483SS153', 'C6', 'S65', 'SS153', 'D188', 'DM561');
INSERT INTO dis_relationship_master VALUES ('483SS130', 'C6', 'S65', 'SS130', 'D188', 'DM561');
INSERT INTO dis_relationship_master VALUES ('483SS86', 'C6', 'S65', 'SS86', 'D188', 'DM561');
INSERT INTO dis_relationship_master VALUES ('483SS60', 'C6', 'S65', 'SS60', 'D188', 'DM561');
INSERT INTO dis_relationship_master VALUES ('401SS198', 'C6', 'S22', 'SS198', 'D188', 'DM561');
INSERT INTO dis_relationship_master VALUES ('401SS159', 'C6', 'S22', 'SS159', 'D188', 'DM561');
INSERT INTO dis_relationship_master VALUES ('401SS140', 'C6', 'S22', 'SS140', 'D188', 'DM561');
INSERT INTO dis_relationship_master VALUES ('401SS23', 'C6', 'S22', 'SS23', 'D188', 'DM561');
INSERT INTO dis_relationship_master VALUES ('182', 'C6', 'S0', 'SS0', 'D188', 'DM561');
INSERT INTO diagnosis_modifiers VALUES ('DM562', 'PRIMARY EFFUSION LYMPHOMA');
INSERT INTO dis_relationship_master VALUES ('1412SS1', 'C6', 'S50', 'SS1', 'D188', 'DM562');
INSERT INTO dis_relationship_diagnosis_to_diagnosis_modifier VALUES ('D188', 'DM562');
INSERT INTO dis_relationship_master VALUES ('1144', 'C6', 'S47', 'SS0', 'D188', 'DM562');
INSERT INTO dis_relationship_master VALUES ('941SS182', 'C6', 'S57', 'SS182', 'D188', 'DM562');
INSERT INTO dis_relationship_master VALUES ('941SS178', 'C6', 'S57', 'SS178', 'D188', 'DM562');
INSERT INTO dis_relationship_master VALUES ('941SS150', 'C6', 'S57', 'SS150', 'D188', 'DM562');
INSERT INTO dis_relationship_master VALUES ('941SS129', 'C6', 'S57', 'SS129', 'D188', 'DM562');
INSERT INTO dis_relationship_master VALUES ('941SS122', 'C6', 'S57', 'SS122', 'D188', 'DM562');
INSERT INTO dis_relationship_master VALUES ('941SS117', 'C6', 'S57', 'SS117', 'D188', 'DM562');
INSERT INTO dis_relationship_master VALUES ('941SS107', 'C6', 'S57', 'SS107', 'D188', 'DM562');
INSERT INTO dis_relationship_master VALUES ('941SS103', 'C6', 'S57', 'SS103', 'D188', 'DM562');
INSERT INTO dis_relationship_master VALUES ('941SS88', 'C6', 'S57', 'SS88', 'D188', 'DM562');
INSERT INTO dis_relationship_master VALUES ('941SS76', 'C6', 'S57', 'SS76', 'D188', 'DM562');
INSERT INTO dis_relationship_master VALUES ('941SS33', 'C6', 'S57', 'SS33', 'D188', 'DM562');
INSERT INTO dis_relationship_master VALUES ('941SS21', 'C6', 'S57', 'SS21', 'D188', 'DM562');
INSERT INTO dis_relationship_master VALUES ('941SS16', 'C6', 'S57', 'SS16', 'D188', 'DM562');
INSERT INTO dis_relationship_master VALUES ('941SS2', 'C6', 'S57', 'SS2', 'D188', 'DM562');
INSERT INTO dis_relationship_master VALUES ('484SS195', 'C6', 'S65', 'SS195', 'D188', 'DM562');
INSERT INTO dis_relationship_master VALUES ('484SS168', 'C6', 'S65', 'SS168', 'D188', 'DM562');
INSERT INTO dis_relationship_master VALUES ('484SS153', 'C6', 'S65', 'SS153', 'D188', 'DM562');
INSERT INTO dis_relationship_master VALUES ('484SS130', 'C6', 'S65', 'SS130', 'D188', 'DM562');
INSERT INTO dis_relationship_master VALUES ('484SS86', 'C6', 'S65', 'SS86', 'D188', 'DM562');
INSERT INTO dis_relationship_master VALUES ('484SS60', 'C6', 'S65', 'SS60', 'D188', 'DM562');
INSERT INTO dis_relationship_master VALUES ('402SS198', 'C6', 'S22', 'SS198', 'D188', 'DM562');
INSERT INTO dis_relationship_master VALUES ('402SS159', 'C6', 'S22', 'SS159', 'D188', 'DM562');
INSERT INTO dis_relationship_master VALUES ('402SS140', 'C6', 'S22', 'SS140', 'D188', 'DM562');
INSERT INTO dis_relationship_master VALUES ('402SS23', 'C6', 'S22', 'SS23', 'D188', 'DM562');
INSERT INTO dis_relationship_master VALUES ('183', 'C6', 'S0', 'SS0', 'D188', 'DM562');
INSERT INTO diagnosis_modifiers VALUES ('DM563', 'SLL/ SMALL LYMPHOCYTIC LEUKEMIA');
INSERT INTO dis_relationship_master VALUES ('1413SS1', 'C6', 'S50', 'SS1', 'D188', 'DM563');
INSERT INTO dis_relationship_diagnosis_to_diagnosis_modifier VALUES ('D188', 'DM563');
INSERT INTO dis_relationship_master VALUES ('942SS182', 'C6', 'S57', 'SS182', 'D188', 'DM563');
INSERT INTO dis_relationship_master VALUES ('942SS178', 'C6', 'S57', 'SS178', 'D188', 'DM563');
INSERT INTO dis_relationship_master VALUES ('942SS150', 'C6', 'S57', 'SS150', 'D188', 'DM563');
INSERT INTO dis_relationship_master VALUES ('942SS129', 'C6', 'S57', 'SS129', 'D188', 'DM563');
INSERT INTO dis_relationship_master VALUES ('942SS122', 'C6', 'S57', 'SS122', 'D188', 'DM563');
INSERT INTO dis_relationship_master VALUES ('942SS117', 'C6', 'S57', 'SS117', 'D188', 'DM563');
INSERT INTO dis_relationship_master VALUES ('942SS107', 'C6', 'S57', 'SS107', 'D188', 'DM563');
INSERT INTO dis_relationship_master VALUES ('942SS103', 'C6', 'S57', 'SS103', 'D188', 'DM563');
INSERT INTO dis_relationship_master VALUES ('942SS88', 'C6', 'S57', 'SS88', 'D188', 'DM563');
INSERT INTO dis_relationship_master VALUES ('942SS76', 'C6', 'S57', 'SS76', 'D188', 'DM563');
INSERT INTO dis_relationship_master VALUES ('942SS33', 'C6', 'S57', 'SS33', 'D188', 'DM563');
INSERT INTO dis_relationship_master VALUES ('942SS21', 'C6', 'S57', 'SS21', 'D188', 'DM563');
INSERT INTO dis_relationship_master VALUES ('942SS16', 'C6', 'S57', 'SS16', 'D188', 'DM563');
INSERT INTO dis_relationship_master VALUES ('942SS2', 'C6', 'S57', 'SS2', 'D188', 'DM563');
INSERT INTO dis_relationship_master VALUES ('485SS195', 'C6', 'S65', 'SS195', 'D188', 'DM563');
INSERT INTO dis_relationship_master VALUES ('485SS168', 'C6', 'S65', 'SS168', 'D188', 'DM563');
INSERT INTO dis_relationship_master VALUES ('485SS153', 'C6', 'S65', 'SS153', 'D188', 'DM563');
INSERT INTO dis_relationship_master VALUES ('485SS130', 'C6', 'S65', 'SS130', 'D188', 'DM563');
INSERT INTO dis_relationship_master VALUES ('485SS86', 'C6', 'S65', 'SS86', 'D188', 'DM563');
INSERT INTO dis_relationship_master VALUES ('485SS60', 'C6', 'S65', 'SS60', 'D188', 'DM563');
INSERT INTO dis_relationship_master VALUES ('403SS198', 'C6', 'S22', 'SS198', 'D188', 'DM563');
INSERT INTO dis_relationship_master VALUES ('403SS159', 'C6', 'S22', 'SS159', 'D188', 'DM563');
INSERT INTO dis_relationship_master VALUES ('403SS140', 'C6', 'S22', 'SS140', 'D188', 'DM563');
INSERT INTO dis_relationship_master VALUES ('403SS23', 'C6', 'S22', 'SS23', 'D188', 'DM563');
INSERT INTO dis_relationship_master VALUES ('184', 'C6', 'S0', 'SS0', 'D188', 'DM563');
INSERT INTO diagnosis_modifiers VALUES ('DM564', 'ANAPLASTIC LARGE CELL');
INSERT INTO dis_relationship_master VALUES ('1414SS1', 'C6', 'S50', 'SS1', 'D1', 'DM564');
INSERT INTO dis_relationship_diagnosis_to_diagnosis_modifier VALUES ('D1', 'DM564');
INSERT INTO dis_relationship_master VALUES ('943SS182', 'C6', 'S57', 'SS182', 'D1', 'DM564');
INSERT INTO dis_relationship_master VALUES ('943SS178', 'C6', 'S57', 'SS178', 'D1', 'DM564');
INSERT INTO dis_relationship_master VALUES ('943SS150', 'C6', 'S57', 'SS150', 'D1', 'DM564');
INSERT INTO dis_relationship_master VALUES ('943SS129', 'C6', 'S57', 'SS129', 'D1', 'DM564');
INSERT INTO dis_relationship_master VALUES ('943SS122', 'C6', 'S57', 'SS122', 'D1', 'DM564');
INSERT INTO dis_relationship_master VALUES ('943SS117', 'C6', 'S57', 'SS117', 'D1', 'DM564');
INSERT INTO dis_relationship_master VALUES ('943SS107', 'C6', 'S57', 'SS107', 'D1', 'DM564');
INSERT INTO dis_relationship_master VALUES ('943SS103', 'C6', 'S57', 'SS103', 'D1', 'DM564');
INSERT INTO dis_relationship_master VALUES ('943SS88', 'C6', 'S57', 'SS88', 'D1', 'DM564');
INSERT INTO dis_relationship_master VALUES ('943SS76', 'C6', 'S57', 'SS76', 'D1', 'DM564');
INSERT INTO dis_relationship_master VALUES ('943SS33', 'C6', 'S57', 'SS33', 'D1', 'DM564');
INSERT INTO dis_relationship_master VALUES ('943SS21', 'C6', 'S57', 'SS21', 'D1', 'DM564');
INSERT INTO dis_relationship_master VALUES ('943SS16', 'C6', 'S57', 'SS16', 'D1', 'DM564');
INSERT INTO dis_relationship_master VALUES ('943SS2', 'C6', 'S57', 'SS2', 'D1', 'DM564');
INSERT INTO dis_relationship_master VALUES ('486SS195', 'C6', 'S65', 'SS195', 'D1', 'DM564');
INSERT INTO dis_relationship_master VALUES ('486SS168', 'C6', 'S65', 'SS168', 'D1', 'DM564');
INSERT INTO dis_relationship_master VALUES ('486SS153', 'C6', 'S65', 'SS153', 'D1', 'DM564');
INSERT INTO dis_relationship_master VALUES ('486SS130', 'C6', 'S65', 'SS130', 'D1', 'DM564');
INSERT INTO dis_relationship_master VALUES ('486SS86', 'C6', 'S65', 'SS86', 'D1', 'DM564');
INSERT INTO dis_relationship_master VALUES ('486SS60', 'C6', 'S65', 'SS60', 'D1', 'DM564');
INSERT INTO dis_relationship_master VALUES ('404SS198', 'C6', 'S22', 'SS198', 'D1', 'DM564');
INSERT INTO dis_relationship_master VALUES ('404SS159', 'C6', 'S22', 'SS159', 'D1', 'DM564');
INSERT INTO dis_relationship_master VALUES ('404SS140', 'C6', 'S22', 'SS140', 'D1', 'DM564');
INSERT INTO dis_relationship_master VALUES ('404SS23', 'C6', 'S22', 'SS23', 'D1', 'DM564');
INSERT INTO dis_relationship_master VALUES ('185', 'C6', 'S0', 'SS0', 'D1', 'DM564');
INSERT INTO diagnosis_modifiers VALUES ('DM565', 'ANGIOIMMUNOBLASTIC T-CELL');
INSERT INTO dis_relationship_master VALUES ('1415SS1', 'C6', 'S50', 'SS1', 'D1', 'DM565');
INSERT INTO dis_relationship_diagnosis_to_diagnosis_modifier VALUES ('D1', 'DM565');
INSERT INTO dis_relationship_master VALUES ('944SS182', 'C6', 'S57', 'SS182', 'D1', 'DM565');
INSERT INTO dis_relationship_master VALUES ('944SS178', 'C6', 'S57', 'SS178', 'D1', 'DM565');
INSERT INTO dis_relationship_master VALUES ('944SS150', 'C6', 'S57', 'SS150', 'D1', 'DM565');
INSERT INTO dis_relationship_master VALUES ('944SS129', 'C6', 'S57', 'SS129', 'D1', 'DM565');
INSERT INTO dis_relationship_master VALUES ('944SS122', 'C6', 'S57', 'SS122', 'D1', 'DM565');
INSERT INTO dis_relationship_master VALUES ('944SS117', 'C6', 'S57', 'SS117', 'D1', 'DM565');
INSERT INTO dis_relationship_master VALUES ('944SS107', 'C6', 'S57', 'SS107', 'D1', 'DM565');
INSERT INTO dis_relationship_master VALUES ('944SS103', 'C6', 'S57', 'SS103', 'D1', 'DM565');
INSERT INTO dis_relationship_master VALUES ('944SS88', 'C6', 'S57', 'SS88', 'D1', 'DM565');
INSERT INTO dis_relationship_master VALUES ('944SS76', 'C6', 'S57', 'SS76', 'D1', 'DM565');
INSERT INTO dis_relationship_master VALUES ('944SS33', 'C6', 'S57', 'SS33', 'D1', 'DM565');
INSERT INTO dis_relationship_master VALUES ('944SS21', 'C6', 'S57', 'SS21', 'D1', 'DM565');
INSERT INTO dis_relationship_master VALUES ('944SS16', 'C6', 'S57', 'SS16', 'D1', 'DM565');
INSERT INTO dis_relationship_master VALUES ('944SS2', 'C6', 'S57', 'SS2', 'D1', 'DM565');
INSERT INTO dis_relationship_master VALUES ('487SS195', 'C6', 'S65', 'SS195', 'D1', 'DM565');
INSERT INTO dis_relationship_master VALUES ('487SS168', 'C6', 'S65', 'SS168', 'D1', 'DM565');
INSERT INTO dis_relationship_master VALUES ('487SS153', 'C6', 'S65', 'SS153', 'D1', 'DM565');
INSERT INTO dis_relationship_master VALUES ('487SS130', 'C6', 'S65', 'SS130', 'D1', 'DM565');
INSERT INTO dis_relationship_master VALUES ('487SS86', 'C6', 'S65', 'SS86', 'D1', 'DM565');
INSERT INTO dis_relationship_master VALUES ('487SS60', 'C6', 'S65', 'SS60', 'D1', 'DM565');
INSERT INTO dis_relationship_master VALUES ('405SS198', 'C6', 'S22', 'SS198', 'D1', 'DM565');
INSERT INTO dis_relationship_master VALUES ('405SS159', 'C6', 'S22', 'SS159', 'D1', 'DM565');
INSERT INTO dis_relationship_master VALUES ('405SS140', 'C6', 'S22', 'SS140', 'D1', 'DM565');
INSERT INTO dis_relationship_master VALUES ('405SS23', 'C6', 'S22', 'SS23', 'D1', 'DM565');
INSERT INTO dis_relationship_master VALUES ('186', 'C6', 'S0', 'SS0', 'D1', 'DM565');
INSERT INTO diagnosis_modifiers VALUES ('DM566', 'ENTEROPATHY TYPE');
INSERT INTO dis_relationship_master VALUES ('1416SS1', 'C6', 'S50', 'SS1', 'D1', 'DM566');
INSERT INTO dis_relationship_diagnosis_to_diagnosis_modifier VALUES ('D1', 'DM566');
INSERT INTO dis_relationship_master VALUES ('945SS182', 'C6', 'S57', 'SS182', 'D1', 'DM566');
INSERT INTO dis_relationship_master VALUES ('945SS178', 'C6', 'S57', 'SS178', 'D1', 'DM566');
INSERT INTO dis_relationship_master VALUES ('945SS150', 'C6', 'S57', 'SS150', 'D1', 'DM566');
INSERT INTO dis_relationship_master VALUES ('945SS129', 'C6', 'S57', 'SS129', 'D1', 'DM566');
INSERT INTO dis_relationship_master VALUES ('945SS122', 'C6', 'S57', 'SS122', 'D1', 'DM566');
INSERT INTO dis_relationship_master VALUES ('945SS117', 'C6', 'S57', 'SS117', 'D1', 'DM566');
INSERT INTO dis_relationship_master VALUES ('945SS107', 'C6', 'S57', 'SS107', 'D1', 'DM566');
INSERT INTO dis_relationship_master VALUES ('945SS103', 'C6', 'S57', 'SS103', 'D1', 'DM566');
INSERT INTO dis_relationship_master VALUES ('945SS88', 'C6', 'S57', 'SS88', 'D1', 'DM566');
INSERT INTO dis_relationship_master VALUES ('945SS76', 'C6', 'S57', 'SS76', 'D1', 'DM566');
INSERT INTO dis_relationship_master VALUES ('945SS33', 'C6', 'S57', 'SS33', 'D1', 'DM566');
INSERT INTO dis_relationship_master VALUES ('945SS21', 'C6', 'S57', 'SS21', 'D1', 'DM566');
INSERT INTO dis_relationship_master VALUES ('945SS16', 'C6', 'S57', 'SS16', 'D1', 'DM566');
INSERT INTO dis_relationship_master VALUES ('945SS2', 'C6', 'S57', 'SS2', 'D1', 'DM566');
INSERT INTO dis_relationship_master VALUES ('187', 'C6', 'S0', 'SS0', 'D1', 'DM566');
INSERT INTO dis_relationship_master VALUES ('488SS195', 'C6', 'S65', 'SS195', 'D1', 'DM566');
INSERT INTO dis_relationship_master VALUES ('488SS168', 'C6', 'S65', 'SS168', 'D1', 'DM566');
INSERT INTO dis_relationship_master VALUES ('488SS153', 'C6', 'S65', 'SS153', 'D1', 'DM566');
INSERT INTO dis_relationship_master VALUES ('488SS130', 'C6', 'S65', 'SS130', 'D1', 'DM566');
INSERT INTO dis_relationship_master VALUES ('488SS86', 'C6', 'S65', 'SS86', 'D1', 'DM566');
INSERT INTO dis_relationship_master VALUES ('488SS60', 'C6', 'S65', 'SS60', 'D1', 'DM566');
INSERT INTO dis_relationship_master VALUES ('406SS198', 'C6', 'S22', 'SS198', 'D1', 'DM566');
INSERT INTO dis_relationship_master VALUES ('406SS159', 'C6', 'S22', 'SS159', 'D1', 'DM566');
INSERT INTO dis_relationship_master VALUES ('406SS140', 'C6', 'S22', 'SS140', 'D1', 'DM566');
INSERT INTO dis_relationship_master VALUES ('406SS23', 'C6', 'S22', 'SS23', 'D1', 'DM566');
INSERT INTO diagnosis_modifiers VALUES ('DM567', 'HEPATOSPLENIC');
INSERT INTO dis_relationship_master VALUES ('1417SS1', 'C6', 'S50', 'SS1', 'D1', 'DM567');
INSERT INTO dis_relationship_diagnosis_to_diagnosis_modifier VALUES ('D1', 'DM567');
INSERT INTO dis_relationship_master VALUES ('946SS182', 'C6', 'S57', 'SS182', 'D1', 'DM567');
INSERT INTO dis_relationship_master VALUES ('946SS178', 'C6', 'S57', 'SS178', 'D1', 'DM567');
INSERT INTO dis_relationship_master VALUES ('946SS150', 'C6', 'S57', 'SS150', 'D1', 'DM567');
INSERT INTO dis_relationship_master VALUES ('946SS129', 'C6', 'S57', 'SS129', 'D1', 'DM567');
INSERT INTO dis_relationship_master VALUES ('946SS122', 'C6', 'S57', 'SS122', 'D1', 'DM567');
INSERT INTO dis_relationship_master VALUES ('946SS117', 'C6', 'S57', 'SS117', 'D1', 'DM567');
INSERT INTO dis_relationship_master VALUES ('946SS107', 'C6', 'S57', 'SS107', 'D1', 'DM567');
INSERT INTO dis_relationship_master VALUES ('946SS103', 'C6', 'S57', 'SS103', 'D1', 'DM567');
INSERT INTO dis_relationship_master VALUES ('946SS88', 'C6', 'S57', 'SS88', 'D1', 'DM567');
INSERT INTO dis_relationship_master VALUES ('946SS76', 'C6', 'S57', 'SS76', 'D1', 'DM567');
INSERT INTO dis_relationship_master VALUES ('946SS33', 'C6', 'S57', 'SS33', 'D1', 'DM567');
INSERT INTO dis_relationship_master VALUES ('946SS21', 'C6', 'S57', 'SS21', 'D1', 'DM567');
INSERT INTO dis_relationship_master VALUES ('946SS16', 'C6', 'S57', 'SS16', 'D1', 'DM567');
INSERT INTO dis_relationship_master VALUES ('946SS2', 'C6', 'S57', 'SS2', 'D1', 'DM567');
INSERT INTO dis_relationship_master VALUES ('489SS195', 'C6', 'S65', 'SS195', 'D1', 'DM567');
INSERT INTO dis_relationship_master VALUES ('489SS168', 'C6', 'S65', 'SS168', 'D1', 'DM567');
INSERT INTO dis_relationship_master VALUES ('489SS153', 'C6', 'S65', 'SS153', 'D1', 'DM567');
INSERT INTO dis_relationship_master VALUES ('489SS130', 'C6', 'S65', 'SS130', 'D1', 'DM567');
INSERT INTO dis_relationship_master VALUES ('489SS86', 'C6', 'S65', 'SS86', 'D1', 'DM567');
INSERT INTO dis_relationship_master VALUES ('489SS60', 'C6', 'S65', 'SS60', 'D1', 'DM567');
INSERT INTO dis_relationship_master VALUES ('407SS198', 'C6', 'S22', 'SS198', 'D1', 'DM567');
INSERT INTO dis_relationship_master VALUES ('407SS159', 'C6', 'S22', 'SS159', 'D1', 'DM567');
INSERT INTO dis_relationship_master VALUES ('407SS140', 'C6', 'S22', 'SS140', 'D1', 'DM567');
INSERT INTO dis_relationship_master VALUES ('407SS23', 'C6', 'S22', 'SS23', 'D1', 'DM567');
INSERT INTO dis_relationship_master VALUES ('188', 'C6', 'S0', 'SS0', 'D1', 'DM567');
INSERT INTO diagnosis_modifiers VALUES ('DM568', 'MYCOSIS FUNGOIDES');
INSERT INTO dis_relationship_master VALUES ('1418SS1', 'C6', 'S50', 'SS1', 'D1', 'DM568');
INSERT INTO dis_relationship_diagnosis_to_diagnosis_modifier VALUES ('D1', 'DM568');
INSERT INTO dis_relationship_master VALUES ('947SS182', 'C6', 'S57', 'SS182', 'D1', 'DM568');
INSERT INTO dis_relationship_master VALUES ('947SS178', 'C6', 'S57', 'SS178', 'D1', 'DM568');
INSERT INTO dis_relationship_master VALUES ('947SS150', 'C6', 'S57', 'SS150', 'D1', 'DM568');
INSERT INTO dis_relationship_master VALUES ('947SS129', 'C6', 'S57', 'SS129', 'D1', 'DM568');
INSERT INTO dis_relationship_master VALUES ('947SS122', 'C6', 'S57', 'SS122', 'D1', 'DM568');
INSERT INTO dis_relationship_master VALUES ('947SS117', 'C6', 'S57', 'SS117', 'D1', 'DM568');
INSERT INTO dis_relationship_master VALUES ('947SS107', 'C6', 'S57', 'SS107', 'D1', 'DM568');
INSERT INTO dis_relationship_master VALUES ('947SS103', 'C6', 'S57', 'SS103', 'D1', 'DM568');
INSERT INTO dis_relationship_master VALUES ('947SS88', 'C6', 'S57', 'SS88', 'D1', 'DM568');
INSERT INTO dis_relationship_master VALUES ('947SS76', 'C6', 'S57', 'SS76', 'D1', 'DM568');
INSERT INTO dis_relationship_master VALUES ('947SS33', 'C6', 'S57', 'SS33', 'D1', 'DM568');
INSERT INTO dis_relationship_master VALUES ('947SS21', 'C6', 'S57', 'SS21', 'D1', 'DM568');
INSERT INTO dis_relationship_master VALUES ('947SS16', 'C6', 'S57', 'SS16', 'D1', 'DM568');
INSERT INTO dis_relationship_master VALUES ('947SS2', 'C6', 'S57', 'SS2', 'D1', 'DM568');
INSERT INTO dis_relationship_master VALUES ('408SS198', 'C6', 'S22', 'SS198', 'D1', 'DM568');
INSERT INTO dis_relationship_master VALUES ('408SS159', 'C6', 'S22', 'SS159', 'D1', 'DM568');
INSERT INTO dis_relationship_master VALUES ('408SS140', 'C6', 'S22', 'SS140', 'D1', 'DM568');
INSERT INTO dis_relationship_master VALUES ('408SS23', 'C6', 'S22', 'SS23', 'D1', 'DM568');
INSERT INTO dis_relationship_master VALUES ('490SS195', 'C6', 'S65', 'SS195', 'D1', 'DM568');
INSERT INTO dis_relationship_master VALUES ('490SS168', 'C6', 'S65', 'SS168', 'D1', 'DM568');
INSERT INTO dis_relationship_master VALUES ('490SS153', 'C6', 'S65', 'SS153', 'D1', 'DM568');
INSERT INTO dis_relationship_master VALUES ('490SS130', 'C6', 'S65', 'SS130', 'D1', 'DM568');
INSERT INTO dis_relationship_master VALUES ('490SS86', 'C6', 'S65', 'SS86', 'D1', 'DM568');
INSERT INTO dis_relationship_master VALUES ('490SS60', 'C6', 'S65', 'SS60', 'D1', 'DM568');
INSERT INTO dis_relationship_master VALUES ('189', 'C6', 'S0', 'SS0', 'D1', 'DM568');
INSERT INTO diagnosis_modifiers VALUES ('DM569', 'NK (NATURAL KILLER) CELL TYPE');
INSERT INTO dis_relationship_master VALUES ('1419SS1', 'C6', 'S50', 'SS1', 'D1', 'DM569');
INSERT INTO dis_relationship_diagnosis_to_diagnosis_modifier VALUES ('D1', 'DM569');
INSERT INTO dis_relationship_master VALUES ('948SS182', 'C6', 'S57', 'SS182', 'D1', 'DM569');
INSERT INTO dis_relationship_master VALUES ('948SS178', 'C6', 'S57', 'SS178', 'D1', 'DM569');
INSERT INTO dis_relationship_master VALUES ('948SS150', 'C6', 'S57', 'SS150', 'D1', 'DM569');
INSERT INTO dis_relationship_master VALUES ('948SS129', 'C6', 'S57', 'SS129', 'D1', 'DM569');
INSERT INTO dis_relationship_master VALUES ('948SS122', 'C6', 'S57', 'SS122', 'D1', 'DM569');
INSERT INTO dis_relationship_master VALUES ('948SS117', 'C6', 'S57', 'SS117', 'D1', 'DM569');
INSERT INTO dis_relationship_master VALUES ('948SS107', 'C6', 'S57', 'SS107', 'D1', 'DM569');
INSERT INTO dis_relationship_master VALUES ('948SS103', 'C6', 'S57', 'SS103', 'D1', 'DM569');
INSERT INTO dis_relationship_master VALUES ('948SS88', 'C6', 'S57', 'SS88', 'D1', 'DM569');
INSERT INTO dis_relationship_master VALUES ('948SS76', 'C6', 'S57', 'SS76', 'D1', 'DM569');
INSERT INTO dis_relationship_master VALUES ('948SS33', 'C6', 'S57', 'SS33', 'D1', 'DM569');
INSERT INTO dis_relationship_master VALUES ('948SS21', 'C6', 'S57', 'SS21', 'D1', 'DM569');
INSERT INTO dis_relationship_master VALUES ('948SS16', 'C6', 'S57', 'SS16', 'D1', 'DM569');
INSERT INTO dis_relationship_master VALUES ('948SS2', 'C6', 'S57', 'SS2', 'D1', 'DM569');
INSERT INTO dis_relationship_master VALUES ('491SS195', 'C6', 'S65', 'SS195', 'D1', 'DM569');
INSERT INTO dis_relationship_master VALUES ('491SS168', 'C6', 'S65', 'SS168', 'D1', 'DM569');
INSERT INTO dis_relationship_master VALUES ('491SS153', 'C6', 'S65', 'SS153', 'D1', 'DM569');
INSERT INTO dis_relationship_master VALUES ('491SS130', 'C6', 'S65', 'SS130', 'D1', 'DM569');
INSERT INTO dis_relationship_master VALUES ('491SS86', 'C6', 'S65', 'SS86', 'D1', 'DM569');
INSERT INTO dis_relationship_master VALUES ('491SS60', 'C6', 'S65', 'SS60', 'D1', 'DM569');
INSERT INTO dis_relationship_master VALUES ('409SS198', 'C6', 'S22', 'SS198', 'D1', 'DM569');
INSERT INTO dis_relationship_master VALUES ('409SS159', 'C6', 'S22', 'SS159', 'D1', 'DM569');
INSERT INTO dis_relationship_master VALUES ('409SS140', 'C6', 'S22', 'SS140', 'D1', 'DM569');
INSERT INTO dis_relationship_master VALUES ('409SS23', 'C6', 'S22', 'SS23', 'D1', 'DM569');
INSERT INTO dis_relationship_master VALUES ('190', 'C6', 'S0', 'SS0', 'D1', 'DM569');
INSERT INTO diagnosis_modifiers VALUES ('DM570', 'NK (NATURAL KILLER) CELL NASAL-TYPE');
INSERT INTO dis_relationship_master VALUES ('1420SS1', 'C6', 'S50', 'SS1', 'D1', 'DM570');
INSERT INTO dis_relationship_diagnosis_to_diagnosis_modifier VALUES ('D1', 'DM570');
INSERT INTO dis_relationship_master VALUES ('949SS182', 'C6', 'S57', 'SS182', 'D1', 'DM570');
INSERT INTO dis_relationship_master VALUES ('949SS178', 'C6', 'S57', 'SS178', 'D1', 'DM570');
INSERT INTO dis_relationship_master VALUES ('949SS150', 'C6', 'S57', 'SS150', 'D1', 'DM570');
INSERT INTO dis_relationship_master VALUES ('949SS129', 'C6', 'S57', 'SS129', 'D1', 'DM570');
INSERT INTO dis_relationship_master VALUES ('949SS122', 'C6', 'S57', 'SS122', 'D1', 'DM570');
INSERT INTO dis_relationship_master VALUES ('949SS117', 'C6', 'S57', 'SS117', 'D1', 'DM570');
INSERT INTO dis_relationship_master VALUES ('949SS107', 'C6', 'S57', 'SS107', 'D1', 'DM570');
INSERT INTO dis_relationship_master VALUES ('949SS103', 'C6', 'S57', 'SS103', 'D1', 'DM570');
INSERT INTO dis_relationship_master VALUES ('949SS88', 'C6', 'S57', 'SS88', 'D1', 'DM570');
INSERT INTO dis_relationship_master VALUES ('949SS76', 'C6', 'S57', 'SS76', 'D1', 'DM570');
INSERT INTO dis_relationship_master VALUES ('949SS33', 'C6', 'S57', 'SS33', 'D1', 'DM570');
INSERT INTO dis_relationship_master VALUES ('949SS21', 'C6', 'S57', 'SS21', 'D1', 'DM570');
INSERT INTO dis_relationship_master VALUES ('949SS16', 'C6', 'S57', 'SS16', 'D1', 'DM570');
INSERT INTO dis_relationship_master VALUES ('949SS2', 'C6', 'S57', 'SS2', 'D1', 'DM570');
INSERT INTO dis_relationship_master VALUES ('492SS195', 'C6', 'S65', 'SS195', 'D1', 'DM570');
INSERT INTO dis_relationship_master VALUES ('492SS168', 'C6', 'S65', 'SS168', 'D1', 'DM570');
INSERT INTO dis_relationship_master VALUES ('492SS153', 'C6', 'S65', 'SS153', 'D1', 'DM570');
INSERT INTO dis_relationship_master VALUES ('492SS130', 'C6', 'S65', 'SS130', 'D1', 'DM570');
INSERT INTO dis_relationship_master VALUES ('492SS86', 'C6', 'S65', 'SS86', 'D1', 'DM570');
INSERT INTO dis_relationship_master VALUES ('492SS60', 'C6', 'S65', 'SS60', 'D1', 'DM570');
INSERT INTO dis_relationship_master VALUES ('410SS198', 'C6', 'S22', 'SS198', 'D1', 'DM570');
INSERT INTO dis_relationship_master VALUES ('410SS159', 'C6', 'S22', 'SS159', 'D1', 'DM570');
INSERT INTO dis_relationship_master VALUES ('410SS140', 'C6', 'S22', 'SS140', 'D1', 'DM570');
INSERT INTO dis_relationship_master VALUES ('410SS23', 'C6', 'S22', 'SS23', 'D1', 'DM570');
INSERT INTO dis_relationship_master VALUES ('191', 'C6', 'S0', 'SS0', 'D1', 'DM570');
INSERT INTO diagnosis_modifiers VALUES ('DM571', 'PERIPHERAL T-CELL');
INSERT INTO dis_relationship_master VALUES ('1421SS1', 'C6', 'S50', 'SS1', 'D1', 'DM571');
INSERT INTO dis_relationship_diagnosis_to_diagnosis_modifier VALUES ('D1', 'DM571');
INSERT INTO dis_relationship_master VALUES ('950SS182', 'C6', 'S57', 'SS182', 'D1', 'DM571');
INSERT INTO dis_relationship_master VALUES ('950SS178', 'C6', 'S57', 'SS178', 'D1', 'DM571');
INSERT INTO dis_relationship_master VALUES ('950SS150', 'C6', 'S57', 'SS150', 'D1', 'DM571');
INSERT INTO dis_relationship_master VALUES ('950SS129', 'C6', 'S57', 'SS129', 'D1', 'DM571');
INSERT INTO dis_relationship_master VALUES ('950SS122', 'C6', 'S57', 'SS122', 'D1', 'DM571');
INSERT INTO dis_relationship_master VALUES ('950SS117', 'C6', 'S57', 'SS117', 'D1', 'DM571');
INSERT INTO dis_relationship_master VALUES ('950SS107', 'C6', 'S57', 'SS107', 'D1', 'DM571');
INSERT INTO dis_relationship_master VALUES ('950SS103', 'C6', 'S57', 'SS103', 'D1', 'DM571');
INSERT INTO dis_relationship_master VALUES ('950SS88', 'C6', 'S57', 'SS88', 'D1', 'DM571');
INSERT INTO dis_relationship_master VALUES ('950SS76', 'C6', 'S57', 'SS76', 'D1', 'DM571');
INSERT INTO dis_relationship_master VALUES ('950SS33', 'C6', 'S57', 'SS33', 'D1', 'DM571');
INSERT INTO dis_relationship_master VALUES ('950SS21', 'C6', 'S57', 'SS21', 'D1', 'DM571');
INSERT INTO dis_relationship_master VALUES ('950SS16', 'C6', 'S57', 'SS16', 'D1', 'DM571');
INSERT INTO dis_relationship_master VALUES ('950SS2', 'C6', 'S57', 'SS2', 'D1', 'DM571');
INSERT INTO dis_relationship_master VALUES ('493SS195', 'C6', 'S65', 'SS195', 'D1', 'DM571');
INSERT INTO dis_relationship_master VALUES ('493SS168', 'C6', 'S65', 'SS168', 'D1', 'DM571');
INSERT INTO dis_relationship_master VALUES ('493SS153', 'C6', 'S65', 'SS153', 'D1', 'DM571');
INSERT INTO dis_relationship_master VALUES ('493SS130', 'C6', 'S65', 'SS130', 'D1', 'DM571');
INSERT INTO dis_relationship_master VALUES ('493SS86', 'C6', 'S65', 'SS86', 'D1', 'DM571');
INSERT INTO dis_relationship_master VALUES ('493SS60', 'C6', 'S65', 'SS60', 'D1', 'DM571');
INSERT INTO dis_relationship_master VALUES ('411SS198', 'C6', 'S22', 'SS198', 'D1', 'DM571');
INSERT INTO dis_relationship_master VALUES ('411SS159', 'C6', 'S22', 'SS159', 'D1', 'DM571');
INSERT INTO dis_relationship_master VALUES ('411SS140', 'C6', 'S22', 'SS140', 'D1', 'DM571');
INSERT INTO dis_relationship_master VALUES ('411SS23', 'C6', 'S22', 'SS23', 'D1', 'DM571');
INSERT INTO dis_relationship_master VALUES ('192', 'C6', 'S0', 'SS0', 'D1', 'DM571');
INSERT INTO diagnosis_modifiers VALUES ('DM572', 'T-CELL LARGE GRANULAR LYMPHOCYTIC');
INSERT INTO dis_relationship_master VALUES ('951SS182', 'C6', 'S57', 'SS182', 'D1', 'DM572');
INSERT INTO dis_relationship_diagnosis_to_diagnosis_modifier VALUES ('D1', 'DM572');
INSERT INTO dis_relationship_master VALUES ('951SS178', 'C6', 'S57', 'SS178', 'D1', 'DM572');
INSERT INTO dis_relationship_master VALUES ('951SS150', 'C6', 'S57', 'SS150', 'D1', 'DM572');
INSERT INTO dis_relationship_master VALUES ('951SS129', 'C6', 'S57', 'SS129', 'D1', 'DM572');
INSERT INTO dis_relationship_master VALUES ('951SS122', 'C6', 'S57', 'SS122', 'D1', 'DM572');
INSERT INTO dis_relationship_master VALUES ('951SS117', 'C6', 'S57', 'SS117', 'D1', 'DM572');
INSERT INTO dis_relationship_master VALUES ('951SS107', 'C6', 'S57', 'SS107', 'D1', 'DM572');
INSERT INTO dis_relationship_master VALUES ('951SS103', 'C6', 'S57', 'SS103', 'D1', 'DM572');
INSERT INTO dis_relationship_master VALUES ('951SS88', 'C6', 'S57', 'SS88', 'D1', 'DM572');
INSERT INTO dis_relationship_master VALUES ('951SS76', 'C6', 'S57', 'SS76', 'D1', 'DM572');
INSERT INTO dis_relationship_master VALUES ('951SS33', 'C6', 'S57', 'SS33', 'D1', 'DM572');
INSERT INTO dis_relationship_master VALUES ('951SS21', 'C6', 'S57', 'SS21', 'D1', 'DM572');
INSERT INTO dis_relationship_master VALUES ('951SS16', 'C6', 'S57', 'SS16', 'D1', 'DM572');
INSERT INTO dis_relationship_master VALUES ('951SS2', 'C6', 'S57', 'SS2', 'D1', 'DM572');
INSERT INTO dis_relationship_master VALUES ('1422SS1', 'C6', 'S50', 'SS1', 'D1', 'DM572');
INSERT INTO dis_relationship_master VALUES ('494SS195', 'C6', 'S65', 'SS195', 'D1', 'DM572');
INSERT INTO dis_relationship_master VALUES ('494SS168', 'C6', 'S65', 'SS168', 'D1', 'DM572');
INSERT INTO dis_relationship_master VALUES ('494SS153', 'C6', 'S65', 'SS153', 'D1', 'DM572');
INSERT INTO dis_relationship_master VALUES ('494SS130', 'C6', 'S65', 'SS130', 'D1', 'DM572');
INSERT INTO dis_relationship_master VALUES ('494SS86', 'C6', 'S65', 'SS86', 'D1', 'DM572');
INSERT INTO dis_relationship_master VALUES ('494SS60', 'C6', 'S65', 'SS60', 'D1', 'DM572');
INSERT INTO dis_relationship_master VALUES ('412SS198', 'C6', 'S22', 'SS198', 'D1', 'DM572');
INSERT INTO dis_relationship_master VALUES ('412SS159', 'C6', 'S22', 'SS159', 'D1', 'DM572');
INSERT INTO dis_relationship_master VALUES ('412SS140', 'C6', 'S22', 'SS140', 'D1', 'DM572');
INSERT INTO dis_relationship_master VALUES ('412SS23', 'C6', 'S22', 'SS23', 'D1', 'DM572');
INSERT INTO dis_relationship_master VALUES ('193', 'C6', 'S0', 'SS0', 'D1', 'DM572');
INSERT INTO diagnosis_modifiers VALUES ('DM573', 'RENAL CELL');
INSERT INTO dis_relationship_master VALUES ('2411SS151', 'C6', 'S82', 'SS151', 'D191', 'DM573');
INSERT INTO dis_relationship_diagnosis_to_diagnosis_modifier VALUES ('D191', 'DM573');
INSERT INTO dis_relationship_master VALUES ('2411SS105', 'C6', 'S82', 'SS105', 'D191', 'DM573');
INSERT INTO dis_relationship_master VALUES ('2411SS42', 'C6', 'S82', 'SS42', 'D191', 'DM573');
INSERT INTO diagnosis_modifiers VALUES ('DM574', 'RENAL CELL - CHROMOPHOBE');
INSERT INTO dis_relationship_master VALUES ('2399SS151', 'C6', 'S82', 'SS151', 'D191', 'DM574');
INSERT INTO dis_relationship_diagnosis_to_diagnosis_modifier VALUES ('D191', 'DM574');
INSERT INTO dis_relationship_master VALUES ('2399SS105', 'C6', 'S82', 'SS105', 'D191', 'DM574');
INSERT INTO dis_relationship_master VALUES ('2399SS42', 'C6', 'S82', 'SS42', 'D191', 'DM574');
INSERT INTO diagnosis_modifiers VALUES ('DM575', 'RENAL CELL - CLEAR CELL -CONVENTIONAL');
INSERT INTO dis_relationship_master VALUES ('2379SS151', 'C6', 'S82', 'SS151', 'D191', 'DM575');
INSERT INTO dis_relationship_diagnosis_to_diagnosis_modifier VALUES ('D191', 'DM575');
INSERT INTO dis_relationship_master VALUES ('2379SS105', 'C6', 'S82', 'SS105', 'D191', 'DM575');
INSERT INTO dis_relationship_master VALUES ('2379SS42', 'C6', 'S82', 'SS42', 'D191', 'DM575');
INSERT INTO diagnosis_modifiers VALUES ('DM576', 'RENAL CELL - PAPILLARY');
INSERT INTO dis_relationship_master VALUES ('2408SS151', 'C6', 'S82', 'SS151', 'D191', 'DM576');
INSERT INTO dis_relationship_diagnosis_to_diagnosis_modifier VALUES ('D191', 'DM576');
INSERT INTO dis_relationship_master VALUES ('2408SS105', 'C6', 'S82', 'SS105', 'D191', 'DM576');
INSERT INTO dis_relationship_master VALUES ('2408SS42', 'C6', 'S82', 'SS42', 'D191', 'DM576');
INSERT INTO categories VALUES ('C3', 'NORMAL');
INSERT INTO dis_relationship_master VALUES ('1598SS96', 'C3', 'S78', 'SS96', 'D0', 'DM0');
INSERT INTO dis_relationship_master VALUES ('1598SS95', 'C3', 'S78', 'SS95', 'D0', 'DM0');
INSERT INTO anatomic_sites VALUES ('S32', 'VERTEBRA');
INSERT INTO dis_relationship_master VALUES ('1597SS178', 'C3', 'S32', 'SS178', 'D0', 'DM0');
INSERT INTO dis_relationship_site_to_subsite VALUES ('S32', 'SS178');
INSERT INTO subsites VALUES ('SS154', 'SACRAL');
INSERT INTO dis_relationship_master VALUES ('1597SS154', 'C3', 'S32', 'SS154', 'D0', 'DM0');
INSERT INTO dis_relationship_site_to_subsite VALUES ('S32', 'SS154');
INSERT INTO subsites VALUES ('SS102', 'LUMBAR');
INSERT INTO dis_relationship_master VALUES ('1597SS102', 'C3', 'S32', 'SS102', 'D0', 'DM0');
INSERT INTO dis_relationship_site_to_subsite VALUES ('S32', 'SS102');
INSERT INTO dis_relationship_master VALUES ('1597SS33', 'C3', 'S32', 'SS33', 'D0', 'DM0');
INSERT INTO dis_relationship_site_to_subsite VALUES ('S32', 'SS33');
INSERT INTO dis_relationship_master VALUES ('1568SS173', 'C3', 'S88', 'SS173', 'D0', 'DM0');
INSERT INTO dis_relationship_master VALUES ('1568SS150', 'C3', 'S88', 'SS150', 'D0', 'DM0');
INSERT INTO dis_relationship_master VALUES ('1568SS93', 'C3', 'S88', 'SS93', 'D0', 'DM0');
INSERT INTO dis_relationship_master VALUES ('1568SS87', 'C3', 'S88', 'SS87', 'D0', 'DM0');
INSERT INTO dis_relationship_master VALUES ('1568SS58', 'C3', 'S88', 'SS58', 'D0', 'DM0');
INSERT INTO anatomic_sites VALUES ('S25', 'VAS DEFERENS');
INSERT INTO dis_relationship_master VALUES ('1566SS1', 'C3', 'S25', 'SS1', 'D0', 'DM0');
INSERT INTO dis_relationship_site_to_subsite VALUES ('S25', 'SS1');
INSERT INTO dis_relationship_master VALUES ('1557SS81', 'C3', 'S95', 'SS81', 'D0', 'DM0');
INSERT INTO dis_relationship_master VALUES ('1556SS81', 'C7', 'S95', 'SS81', 'D0', 'DM0');
INSERT INTO dis_relationship_master VALUES ('1535SS166', 'C3', 'S70', 'SS166', 'D0', 'DM0');
INSERT INTO dis_relationship_master VALUES ('1535SS136', 'C3', 'S70', 'SS136', 'D0', 'DM0');
INSERT INTO dis_relationship_master VALUES ('1535SS132', 'C3', 'S70', 'SS132', 'D0', 'DM0');
INSERT INTO dis_relationship_master VALUES ('1535SS115', 'C3', 'S70', 'SS115', 'D0', 'DM0');
INSERT INTO dis_relationship_master VALUES ('1535SS54', 'C3', 'S70', 'SS54', 'D0', 'DM0');
INSERT INTO dis_relationship_master VALUES ('1528SS1', 'C3', 'S68', 'SS1', 'D0', 'DM0');
INSERT INTO dis_relationship_master VALUES ('1523SS1', 'C3', 'S11', 'SS1', 'D0', 'DM0');
INSERT INTO dis_relationship_master VALUES ('1521SS1', 'C3', 'S75', 'SS1', 'D0', 'DM0');
INSERT INTO dis_relationship_master VALUES ('1521SS38', 'C3', 'S75', 'SS38', 'D0', 'DM0');
INSERT INTO dis_relationship_master VALUES ('1510', 'C3', 'S46', 'SS0', 'D0', 'DM0');
INSERT INTO anatomic_sites VALUES ('S21', 'TONSIL (PHARYNGEAL)');
INSERT INTO dis_relationship_master VALUES ('1509SS1', 'C3', 'S21', 'SS1', 'D0', 'DM0');
INSERT INTO dis_relationship_site_to_subsite VALUES ('S21', 'SS1');
INSERT INTO dis_relationship_master VALUES ('1485SS101', 'C3', 'S73', 'SS101', 'D0', 'DM0');
INSERT INTO dis_relationship_master VALUES ('1485SS148', 'C3', 'S73', 'SS148', 'D0', 'DM0');
INSERT INTO dis_relationship_master VALUES ('1485SS90', 'C3', 'S73', 'SS90', 'D0', 'DM0');
INSERT INTO dis_relationship_master VALUES ('1474SS105', 'C3', 'S85', 'SS105', 'D0', 'DM0');
INSERT INTO dis_relationship_master VALUES ('1474SS42', 'C3', 'S85', 'SS42', 'D0', 'DM0');
INSERT INTO dis_relationship_master VALUES ('1454SS1', 'C3', 'S42', 'SS1', 'D0', 'DM0');
INSERT INTO dis_relationship_master VALUES ('1448SS1', 'C3', 'S55', 'SS1', 'D0', 'DM0');
INSERT INTO dis_relationship_master VALUES ('1444SS160', 'C3', 'S41', 'SS160', 'D0', 'DM0');
INSERT INTO dis_relationship_master VALUES ('1444SS94', 'C3', 'S41', 'SS94', 'D0', 'DM0');
INSERT INTO dis_relationship_master VALUES ('1444SS77', 'C3', 'S41', 'SS77', 'D0', 'DM0');
INSERT INTO anatomic_sites VALUES ('S48', 'STOMACH - MUCOSA ONLY');
INSERT INTO subsites VALUES ('SS146', 'PYLORIS');
INSERT INTO dis_relationship_master VALUES ('1443SS146', 'C3', 'S48', 'SS146', 'D0', 'DM0');
INSERT INTO dis_relationship_site_to_subsite VALUES ('S48', 'SS146');
INSERT INTO dis_relationship_master VALUES ('1443SS68', 'C3', 'S48', 'SS68', 'D0', 'DM0');
INSERT INTO dis_relationship_site_to_subsite VALUES ('S48', 'SS68');
INSERT INTO dis_relationship_master VALUES ('1428SS166', 'C3', 'S100', 'SS166', 'D0', 'DM0');
INSERT INTO dis_relationship_master VALUES ('1428SS147', 'C3', 'S100', 'SS147', 'D0', 'DM0');
INSERT INTO dis_relationship_master VALUES ('1428SS145', 'C3', 'S100', 'SS145', 'D0', 'DM0');
INSERT INTO dis_relationship_master VALUES ('1428SS68', 'C3', 'S100', 'SS68', 'D0', 'DM0');
INSERT INTO dis_relationship_master VALUES ('1428SS5', 'C3', 'S100', 'SS5', 'D0', 'DM0');
INSERT INTO dis_relationship_master VALUES ('1428SS24', 'C3', 'S100', 'SS24', 'D0', 'DM0');
INSERT INTO dis_relationship_master VALUES ('1363SS1', 'C3', 'S50', 'SS1', 'D0', 'DM0');
INSERT INTO dis_relationship_master VALUES ('1359SS1', 'C3', 'S99', 'SS1', 'D0', 'DM0');
INSERT INTO dis_relationship_master VALUES ('1359SS46', 'C3', 'S99', 'SS46', 'D0', 'DM0');
INSERT INTO anatomic_sites VALUES ('S40', 'SMALL BOWEL - MUCOSA ONLY');
INSERT INTO dis_relationship_master VALUES ('1332SS91', 'C3', 'S40', 'SS91', 'D0', 'DM0');
INSERT INTO dis_relationship_site_to_subsite VALUES ('S40', 'SS91');
INSERT INTO dis_relationship_master VALUES ('1332SS85', 'C3', 'S40', 'SS85', 'D0', 'DM0');
INSERT INTO dis_relationship_site_to_subsite VALUES ('S40', 'SS85');
INSERT INTO dis_relationship_master VALUES ('1332SS84', 'C3', 'S40', 'SS84', 'D0', 'DM0');
INSERT INTO dis_relationship_site_to_subsite VALUES ('S40', 'SS84');
INSERT INTO dis_relationship_master VALUES ('1332SS83', 'C3', 'S40', 'SS83', 'D0', 'DM0');
INSERT INTO dis_relationship_site_to_subsite VALUES ('S40', 'SS83');
INSERT INTO dis_relationship_master VALUES ('1332SS48', 'C3', 'S40', 'SS48', 'D0', 'DM0');
INSERT INTO dis_relationship_site_to_subsite VALUES ('S40', 'SS48');
INSERT INTO dis_relationship_master VALUES ('1307SS166', 'C3', 'S76', 'SS166', 'D0', 'DM0');
INSERT INTO dis_relationship_master VALUES ('1307SS91', 'C3', 'S76', 'SS91', 'D0', 'DM0');
INSERT INTO dis_relationship_master VALUES ('1307SS85', 'C3', 'S76', 'SS85', 'D0', 'DM0');
INSERT INTO dis_relationship_master VALUES ('1307SS84', 'C3', 'S76', 'SS84', 'D0', 'DM0');
INSERT INTO dis_relationship_master VALUES ('1307SS83', 'C3', 'S76', 'SS83', 'D0', 'DM0');
INSERT INTO dis_relationship_master VALUES ('1307SS48', 'C3', 'S76', 'SS48', 'D0', 'DM0');
INSERT INTO dis_relationship_master VALUES ('1246SS157', 'C3', 'S1', 'SS157', 'D0', 'DM0');
INSERT INTO dis_relationship_master VALUES ('1246SS156', 'C3', 'S1', 'SS156', 'D0', 'DM0');
INSERT INTO dis_relationship_master VALUES ('1246SS98', 'C3', 'S1', 'SS98', 'D0', 'DM0');
INSERT INTO dis_relationship_master VALUES ('1246SS73', 'C3', 'S1', 'SS73', 'D0', 'DM0');
INSERT INTO dis_relationship_master VALUES ('1246SS66', 'C3', 'S1', 'SS66', 'D0', 'DM0');
INSERT INTO dis_relationship_master VALUES ('1246SS65', 'C3', 'S1', 'SS65', 'D0', 'DM0');
INSERT INTO dis_relationship_master VALUES ('1246SS57', 'C3', 'S1', 'SS57', 'D0', 'DM0');
INSERT INTO dis_relationship_master VALUES ('1246SS19', 'C3', 'S1', 'SS19', 'D0', 'DM0');
INSERT INTO dis_relationship_master VALUES ('1246SS8', 'C3', 'S1', 'SS8', 'D0', 'DM0');
INSERT INTO dis_relationship_master VALUES ('1246SS2', 'C3', 'S1', 'SS2', 'D0', 'DM0');
INSERT INTO dis_relationship_master VALUES ('1232SS116', 'C3', 'S66', 'SS116', 'D0', 'DM0');
INSERT INTO anatomic_sites VALUES ('S59', 'SEMINAL VESICLE');
INSERT INTO dis_relationship_master VALUES ('1231SS1', 'C3', 'S59', 'SS1', 'D0', 'DM0');
INSERT INTO dis_relationship_site_to_subsite VALUES ('S59', 'SS1');
INSERT INTO anatomic_sites VALUES ('S37', 'SCROTUM');
INSERT INTO dis_relationship_master VALUES ('1230SS1', 'C3', 'S37', 'SS1', 'D0', 'DM0');
INSERT INTO dis_relationship_site_to_subsite VALUES ('S37', 'SS1');
INSERT INTO dis_relationship_master VALUES ('1200SS172', 'C7', 'S97', 'SS172', 'D0', 'DM0');
INSERT INTO dis_relationship_master VALUES ('1200SS171', 'C7', 'S97', 'SS171', 'D0', 'DM0');
INSERT INTO dis_relationship_master VALUES ('1200SS170', 'C7', 'S97', 'SS170', 'D0', 'DM0');
INSERT INTO dis_relationship_master VALUES ('1200SS127', 'C7', 'S97', 'SS127', 'D0', 'DM0');
INSERT INTO dis_relationship_master VALUES ('1200SS110', 'C7', 'S97', 'SS110', 'D0', 'DM0');
INSERT INTO dis_relationship_master VALUES ('1199SS172', 'C6', 'S97', 'SS172', 'D0', 'DM0');
INSERT INTO dis_relationship_master VALUES ('1199SS171', 'C6', 'S97', 'SS171', 'D0', 'DM0');
INSERT INTO dis_relationship_master VALUES ('1199SS170', 'C6', 'S97', 'SS170', 'D0', 'DM0');
INSERT INTO dis_relationship_master VALUES ('1199SS127', 'C6', 'S97', 'SS127', 'D0', 'DM0');
INSERT INTO dis_relationship_master VALUES ('1199SS110', 'C6', 'S97', 'SS110', 'D0', 'DM0');
INSERT INTO dis_relationship_master VALUES ('1198SS172', 'C3', 'S97', 'SS172', 'D0', 'DM0');
INSERT INTO dis_relationship_master VALUES ('1198SS171', 'C3', 'S97', 'SS171', 'D0', 'DM0');
INSERT INTO dis_relationship_master VALUES ('1198SS170', 'C3', 'S97', 'SS170', 'D0', 'DM0');
INSERT INTO dis_relationship_master VALUES ('1198SS127', 'C3', 'S97', 'SS127', 'D0', 'DM0');
INSERT INTO dis_relationship_master VALUES ('1198SS110', 'C3', 'S97', 'SS110', 'D0', 'DM0');
INSERT INTO dis_relationship_master VALUES ('1171SS166', 'C3', 'S64', 'SS166', 'D0', 'DM0');
INSERT INTO dis_relationship_master VALUES ('1150SS183', 'C3', 'S14', 'SS183', 'D0', 'DM0');
INSERT INTO dis_relationship_master VALUES ('1150SS138', 'C3', 'S14', 'SS138', 'D0', 'DM0');
INSERT INTO dis_relationship_master VALUES ('1150SS134', 'C3', 'S14', 'SS134', 'D0', 'DM0');
INSERT INTO dis_relationship_master VALUES ('1148', 'C3', 'S47', 'SS0', 'D0', 'DM0');
INSERT INTO dis_relationship_master VALUES ('1137SS1', 'C3', 'S27', 'SS1', 'D0', 'DM0');
INSERT INTO dis_relationship_master VALUES ('1131SS1', 'C3', 'S49', 'SS1', 'D0', 'DM0');
INSERT INTO dis_relationship_master VALUES ('1128SS1', 'C3', 'S17', 'SS1', 'D0', 'DM0');
INSERT INTO dis_relationship_master VALUES ('1123SS1', 'C3', 'S45', 'SS1', 'D0', 'DM0');
INSERT INTO dis_relationship_master VALUES ('1111SS74', 'C3', 'S28', 'SS74', 'D0', 'DM0');
INSERT INTO dis_relationship_master VALUES ('1110SS74', 'C7', 'S28', 'SS74', 'D0', 'DM0');
INSERT INTO dis_relationship_master VALUES ('1106SS1', 'C3', 'S15', 'SS1', 'D0', 'DM0');
INSERT INTO dis_relationship_master VALUES ('1064SS175', 'C3', 'S24', 'SS175', 'D0', 'DM0');
INSERT INTO dis_relationship_master VALUES ('1064SS123', 'C3', 'S24', 'SS123', 'D0', 'DM0');
INSERT INTO dis_relationship_master VALUES ('1002SS137', 'C3', 'S35', 'SS137', 'D0', 'DM0');
INSERT INTO dis_relationship_master VALUES ('1002SS52', 'C3', 'S35', 'SS52', 'D0', 'DM0');
INSERT INTO dis_relationship_master VALUES ('1002SS80', 'C3', 'S35', 'SS80', 'D0', 'DM0');
INSERT INTO dis_relationship_master VALUES ('1002SS42', 'C3', 'S35', 'SS42', 'D0', 'DM0');
INSERT INTO dis_relationship_master VALUES ('1002SS41', 'C3', 'S35', 'SS41', 'D0', 'DM0');
INSERT INTO anatomic_sites VALUES ('S86', 'ORAL CAVITY - MUCOSA ONLY');
INSERT INTO dis_relationship_master VALUES ('999SS167', 'C3', 'S86', 'SS167', 'D0', 'DM0');
INSERT INTO dis_relationship_site_to_subsite VALUES ('S86', 'SS167');
INSERT INTO dis_relationship_master VALUES ('999SS139', 'C3', 'S86', 'SS139', 'D0', 'DM0');
INSERT INTO dis_relationship_site_to_subsite VALUES ('S86', 'SS139');
INSERT INTO dis_relationship_master VALUES ('999SS121', 'C3', 'S86', 'SS121', 'D0', 'DM0');
INSERT INTO dis_relationship_site_to_subsite VALUES ('S86', 'SS121');
INSERT INTO dis_relationship_master VALUES ('999SS100', 'C3', 'S86', 'SS100', 'D0', 'DM0');
INSERT INTO dis_relationship_site_to_subsite VALUES ('S86', 'SS100');
INSERT INTO dis_relationship_master VALUES ('999SS75', 'C3', 'S86', 'SS75', 'D0', 'DM0');
INSERT INTO dis_relationship_site_to_subsite VALUES ('S86', 'SS75');
INSERT INTO dis_relationship_master VALUES ('999SS72', 'C3', 'S86', 'SS72', 'D0', 'DM0');
INSERT INTO dis_relationship_site_to_subsite VALUES ('S86', 'SS72');
INSERT INTO dis_relationship_master VALUES ('999SS55', 'C3', 'S86', 'SS55', 'D0', 'DM0');
INSERT INTO dis_relationship_site_to_subsite VALUES ('S86', 'SS55');
INSERT INTO dis_relationship_master VALUES ('980SS181', 'C3', 'S51', 'SS181', 'D0', 'DM0');
INSERT INTO dis_relationship_master VALUES ('980SS167', 'C3', 'S51', 'SS167', 'D0', 'DM0');
INSERT INTO dis_relationship_master VALUES ('980SS139', 'C3', 'S51', 'SS139', 'D0', 'DM0');
INSERT INTO dis_relationship_master VALUES ('980SS121', 'C3', 'S51', 'SS121', 'D0', 'DM0');
INSERT INTO dis_relationship_master VALUES ('980SS100', 'C3', 'S51', 'SS100', 'D0', 'DM0');
INSERT INTO dis_relationship_master VALUES ('980SS75', 'C3', 'S51', 'SS75', 'D0', 'DM0');
INSERT INTO dis_relationship_master VALUES ('980SS72', 'C3', 'S51', 'SS72', 'D0', 'DM0');
INSERT INTO dis_relationship_master VALUES ('980SS55', 'C3', 'S51', 'SS55', 'D0', 'DM0');
INSERT INTO dis_relationship_master VALUES ('977SS1', 'C3', 'S19', 'SS1', 'D0', 'DM0');
INSERT INTO dis_relationship_master VALUES ('969SS190', 'C3', 'S74', 'SS190', 'D0', 'DM0');
INSERT INTO dis_relationship_master VALUES ('969SS133', 'C3', 'S74', 'SS133', 'D0', 'DM0');
INSERT INTO dis_relationship_master VALUES ('969SS70', 'C3', 'S74', 'SS70', 'D0', 'DM0');
INSERT INTO dis_relationship_master VALUES ('969SS43', 'C3', 'S74', 'SS43', 'D0', 'DM0');
INSERT INTO dis_relationship_master VALUES ('969SS13', 'C3', 'S74', 'SS13', 'D0', 'DM0');
INSERT INTO anatomic_sites VALUES ('S96', 'NAILS');
INSERT INTO subsites VALUES ('SS180', 'TOE NAILS');
INSERT INTO dis_relationship_master VALUES ('959SS180', 'C3', 'S96', 'SS180', 'D0', 'DM0');
INSERT INTO dis_relationship_site_to_subsite VALUES ('S96', 'SS180');
INSERT INTO subsites VALUES ('SS64', 'FINGER NAILS');
INSERT INTO dis_relationship_master VALUES ('959SS64', 'C3', 'S96', 'SS64', 'D0', 'DM0');
INSERT INTO dis_relationship_site_to_subsite VALUES ('S96', 'SS64');
INSERT INTO dis_relationship_master VALUES ('955SS141', 'C3', 'S61', 'SS141', 'D0', 'DM0');
INSERT INTO dis_relationship_master VALUES ('955SS135', 'C3', 'S61', 'SS135', 'D0', 'DM0');
INSERT INTO anatomic_sites VALUES ('S8', 'MEDIASTINUM');
INSERT INTO dis_relationship_master VALUES ('954SS1', 'C3', 'S8', 'SS1', 'D0', 'DM0');
INSERT INTO dis_relationship_site_to_subsite VALUES ('S8', 'SS1');
INSERT INTO dis_relationship_master VALUES ('896SS182', 'C3', 'S57', 'SS182', 'D0', 'DM0');
INSERT INTO dis_relationship_master VALUES ('896SS178', 'C3', 'S57', 'SS178', 'D0', 'DM0');
INSERT INTO dis_relationship_master VALUES ('896SS150', 'C3', 'S57', 'SS150', 'D0', 'DM0');
INSERT INTO dis_relationship_master VALUES ('896SS129', 'C3', 'S57', 'SS129', 'D0', 'DM0');
INSERT INTO dis_relationship_master VALUES ('896SS122', 'C3', 'S57', 'SS122', 'D0', 'DM0');
INSERT INTO dis_relationship_master VALUES ('896SS117', 'C3', 'S57', 'SS117', 'D0', 'DM0');
INSERT INTO dis_relationship_master VALUES ('896SS107', 'C3', 'S57', 'SS107', 'D0', 'DM0');
INSERT INTO dis_relationship_master VALUES ('896SS103', 'C3', 'S57', 'SS103', 'D0', 'DM0');
INSERT INTO dis_relationship_master VALUES ('896SS88', 'C3', 'S57', 'SS88', 'D0', 'DM0');
INSERT INTO dis_relationship_master VALUES ('896SS76', 'C3', 'S57', 'SS76', 'D0', 'DM0');
INSERT INTO dis_relationship_master VALUES ('896SS33', 'C3', 'S57', 'SS33', 'D0', 'DM0');
INSERT INTO dis_relationship_master VALUES ('896SS21', 'C3', 'S57', 'SS21', 'D0', 'DM0');
INSERT INTO dis_relationship_master VALUES ('896SS16', 'C3', 'S57', 'SS16', 'D0', 'DM0');
INSERT INTO dis_relationship_master VALUES ('896SS2', 'C3', 'S57', 'SS2', 'D0', 'DM0');
INSERT INTO dis_relationship_master VALUES ('2349SS105', 'C7', 'S80', 'SS105', 'D0', 'DM0');
INSERT INTO dis_relationship_master VALUES ('2349SS42', 'C7', 'S80', 'SS42', 'D0', 'DM0');
INSERT INTO dis_relationship_master VALUES ('2163SS192', 'C0', 'S31', 'SS192', 'D0', 'DM0');
INSERT INTO dis_relationship_master VALUES ('2163SS177', 'C0', 'S31', 'SS177', 'D0', 'DM0');
INSERT INTO dis_relationship_master VALUES ('2163SS176', 'C0', 'S31', 'SS176', 'D0', 'DM0');
INSERT INTO dis_relationship_master VALUES ('2163SS126', 'C0', 'S31', 'SS126', 'D0', 'DM0');
INSERT INTO dis_relationship_master VALUES ('2163SS119', 'C0', 'S31', 'SS119', 'D0', 'DM0');
INSERT INTO dis_relationship_master VALUES ('2163SS82', 'C0', 'S31', 'SS82', 'D0', 'DM0');
INSERT INTO dis_relationship_master VALUES ('2163SS78', 'C0', 'S31', 'SS78', 'D0', 'DM0');
INSERT INTO dis_relationship_master VALUES ('2163SS67', 'C0', 'S31', 'SS67', 'D0', 'DM0');
INSERT INTO dis_relationship_master VALUES ('2163SS49', 'C0', 'S31', 'SS49', 'D0', 'DM0');
INSERT INTO dis_relationship_master VALUES ('2163SS42', 'C0', 'S31', 'SS42', 'D0', 'DM0');
INSERT INTO dis_relationship_master VALUES ('2163SS40', 'C0', 'S31', 'SS40', 'D0', 'DM0');
INSERT INTO dis_relationship_master VALUES ('2163SS35', 'C0', 'S31', 'SS35', 'D0', 'DM0');
INSERT INTO dis_relationship_master VALUES ('2163SS31', 'C0', 'S31', 'SS31', 'D0', 'DM0');
INSERT INTO dis_relationship_master VALUES ('2163SS29', 'C0', 'S31', 'SS29', 'D0', 'DM0');
INSERT INTO dis_relationship_master VALUES ('2163SS17', 'C0', 'S31', 'SS17', 'D0', 'DM0');
INSERT INTO dis_relationship_master VALUES ('2156', 'C0', 'S38', 'SS0', 'D0', 'DM0');
INSERT INTO anatomic_sites VALUES ('S43', 'ESOPHAGUS - MUCOSA ONLY');
INSERT INTO dis_relationship_master VALUES ('2141SS1', 'C0', 'S43', 'SS1', 'D0', 'DM0');
INSERT INTO dis_relationship_site_to_subsite VALUES ('S43', 'SS1');
INSERT INTO dis_relationship_master VALUES ('2141SS71', 'C0', 'S43', 'SS71', 'D0', 'DM0');
INSERT INTO dis_relationship_site_to_subsite VALUES ('S43', 'SS71');
INSERT INTO anatomic_sites VALUES ('S83', 'ADENOIDS');
INSERT INTO dis_relationship_master VALUES ('2140SS1', 'C0', 'S83', 'SS1', 'D0', 'DM0');
INSERT INTO dis_relationship_site_to_subsite VALUES ('S83', 'SS1');
INSERT INTO dis_relationship_master VALUES ('2138SS53', 'C0', 'S62', 'SS53', 'D0', 'DM0');
INSERT INTO dis_relationship_master VALUES ('2138SS51', 'C0', 'S62', 'SS51', 'D0', 'DM0');
INSERT INTO dis_relationship_master VALUES ('2138SS50', 'C0', 'S62', 'SS50', 'D0', 'DM0');
INSERT INTO dis_relationship_master VALUES ('2126SS1', 'C0', 'S19', 'SS1', 'D0', 'DM0');
INSERT INTO dis_relationship_master VALUES ('2118SS1', 'C0', 'S81', 'SS1', 'D0', 'DM0');
INSERT INTO dis_relationship_master VALUES ('2114SS1', 'C0', 'S17', 'SS1', 'D0', 'DM0');
INSERT INTO dis_relationship_master VALUES ('2110SS1', 'C0', 'S45', 'SS1', 'D0', 'DM0');
INSERT INTO dis_relationship_master VALUES ('2102SS173', 'C0', 'S88', 'SS173', 'D0', 'DM0');
INSERT INTO dis_relationship_master VALUES ('2102SS150', 'C0', 'S88', 'SS150', 'D0', 'DM0');
INSERT INTO dis_relationship_master VALUES ('2102SS93', 'C0', 'S88', 'SS93', 'D0', 'DM0');
INSERT INTO dis_relationship_master VALUES ('2102SS87', 'C0', 'S88', 'SS87', 'D0', 'DM0');
INSERT INTO dis_relationship_master VALUES ('2102SS58', 'C0', 'S88', 'SS58', 'D0', 'DM0');
INSERT INTO dis_relationship_master VALUES ('2100SS160', 'C0', 'S90', 'SS160', 'D0', 'DM0');
INSERT INTO dis_relationship_master VALUES ('2100SS94', 'C0', 'S90', 'SS94', 'D0', 'DM0');
INSERT INTO dis_relationship_master VALUES ('2100SS92', 'C0', 'S90', 'SS92', 'D0', 'DM0');
INSERT INTO dis_relationship_master VALUES ('2100SS77', 'C0', 'S90', 'SS77', 'D0', 'DM0');
INSERT INTO dis_relationship_master VALUES ('2096SS1', 'C0', 'S7', 'SS1', 'D0', 'DM0');
INSERT INTO dis_relationship_master VALUES ('2096SS71', 'C0', 'S7', 'SS71', 'D0', 'DM0');
INSERT INTO dis_relationship_master VALUES ('2096SS56', 'C0', 'S7', 'SS56', 'D0', 'DM0');
INSERT INTO dis_relationship_master VALUES ('2094SS1', 'C0', 'S50', 'SS1', 'D0', 'DM0');
INSERT INTO anatomic_sites VALUES ('S69', 'EFFUSION');
INSERT INTO dis_relationship_master VALUES ('2093SS141', 'C0', 'S69', 'SS141', 'D0', 'DM0');
INSERT INTO dis_relationship_site_to_subsite VALUES ('S69', 'SS141');
INSERT INTO dis_relationship_master VALUES ('2093SS135', 'C0', 'S69', 'SS135', 'D0', 'DM0');
INSERT INTO dis_relationship_site_to_subsite VALUES ('S69', 'SS135');
INSERT INTO subsites VALUES ('SS131', 'PERICARDIAL');
INSERT INTO dis_relationship_master VALUES ('2093SS131', 'C0', 'S69', 'SS131', 'D0', 'DM0');
INSERT INTO dis_relationship_site_to_subsite VALUES ('S69', 'SS131');
INSERT INTO subsites VALUES ('SS3', 'ABDOMINAL/ASCITES');
INSERT INTO dis_relationship_master VALUES ('2093SS3', 'C0', 'S69', 'SS3', 'D0', 'DM0');
INSERT INTO dis_relationship_site_to_subsite VALUES ('S69', 'SS3');
INSERT INTO dis_relationship_master VALUES ('2090SS182', 'C0', 'S57', 'SS182', 'D0', 'DM0');
INSERT INTO dis_relationship_master VALUES ('2090SS178', 'C0', 'S57', 'SS178', 'D0', 'DM0');
INSERT INTO dis_relationship_master VALUES ('2090SS150', 'C0', 'S57', 'SS150', 'D0', 'DM0');
INSERT INTO dis_relationship_master VALUES ('2090SS129', 'C0', 'S57', 'SS129', 'D0', 'DM0');
INSERT INTO dis_relationship_master VALUES ('2090SS122', 'C0', 'S57', 'SS122', 'D0', 'DM0');
INSERT INTO dis_relationship_master VALUES ('2090SS117', 'C0', 'S57', 'SS117', 'D0', 'DM0');
INSERT INTO dis_relationship_master VALUES ('2090SS107', 'C0', 'S57', 'SS107', 'D0', 'DM0');
INSERT INTO dis_relationship_master VALUES ('2090SS103', 'C0', 'S57', 'SS103', 'D0', 'DM0');
INSERT INTO dis_relationship_master VALUES ('2090SS88', 'C0', 'S57', 'SS88', 'D0', 'DM0');
INSERT INTO dis_relationship_master VALUES ('2090SS76', 'C0', 'S57', 'SS76', 'D0', 'DM0');
INSERT INTO dis_relationship_master VALUES ('2090SS33', 'C0', 'S57', 'SS33', 'D0', 'DM0');
INSERT INTO dis_relationship_master VALUES ('2090SS21', 'C0', 'S57', 'SS21', 'D0', 'DM0');
INSERT INTO dis_relationship_master VALUES ('2090SS16', 'C0', 'S57', 'SS16', 'D0', 'DM0');
INSERT INTO dis_relationship_master VALUES ('2090SS2', 'C0', 'S57', 'SS2', 'D0', 'DM0');
INSERT INTO dis_relationship_master VALUES ('2088SS166', 'C0', 'S100', 'SS166', 'D0', 'DM0');
INSERT INTO dis_relationship_master VALUES ('2088SS147', 'C0', 'S100', 'SS147', 'D0', 'DM0');
INSERT INTO dis_relationship_master VALUES ('2088SS145', 'C0', 'S100', 'SS145', 'D0', 'DM0');
INSERT INTO dis_relationship_master VALUES ('2088SS68', 'C0', 'S100', 'SS68', 'D0', 'DM0');
INSERT INTO dis_relationship_master VALUES ('2088SS5', 'C0', 'S100', 'SS5', 'D0', 'DM0');
INSERT INTO dis_relationship_master VALUES ('2088SS24', 'C0', 'S100', 'SS24', 'D0', 'DM0');
INSERT INTO dis_relationship_master VALUES ('2084SS166', 'C0', 'S26', 'SS166', 'D0', 'DM0');
INSERT INTO dis_relationship_master VALUES ('2084SS158', 'C0', 'S26', 'SS158', 'D0', 'DM0');
INSERT INTO dis_relationship_master VALUES ('2084SS112', 'C0', 'S26', 'SS112', 'D0', 'DM0');
INSERT INTO dis_relationship_master VALUES ('2081SS166', 'C0', 'S64', 'SS166', 'D0', 'DM0');
INSERT INTO dis_relationship_master VALUES ('2080SS175', 'C0', 'S24', 'SS175', 'D0', 'DM0');
INSERT INTO dis_relationship_master VALUES ('2080SS123', 'C0', 'S24', 'SS123', 'D0', 'DM0');
INSERT INTO anatomic_sites VALUES ('S12', 'ADIPOSE');
INSERT INTO subsites VALUES ('SS196', 'VISCERAL');
INSERT INTO dis_relationship_master VALUES ('2078SS196', 'C0', 'S12', 'SS196', 'D0', 'DM0');
INSERT INTO dis_relationship_site_to_subsite VALUES ('S12', 'SS196');
INSERT INTO subsites VALUES ('SS169', 'SUBCUTANEOUS');
INSERT INTO dis_relationship_master VALUES ('2078SS169', 'C0', 'S12', 'SS169', 'D0', 'DM0');
INSERT INTO dis_relationship_site_to_subsite VALUES ('S12', 'SS169');
INSERT INTO subsites VALUES ('SS120', 'OMENTAL FAT');
INSERT INTO dis_relationship_master VALUES ('2078SS120', 'C0', 'S12', 'SS120', 'D0', 'DM0');
INSERT INTO dis_relationship_site_to_subsite VALUES ('S12', 'SS120');
INSERT INTO subsites VALUES ('SS22', 'BROWN FAT');
INSERT INTO dis_relationship_master VALUES ('2078SS22', 'C0', 'S12', 'SS22', 'D0', 'DM0');
INSERT INTO dis_relationship_site_to_subsite VALUES ('S12', 'SS22');
INSERT INTO subsites VALUES ('SS20', 'BREAST FAT');
INSERT INTO dis_relationship_master VALUES ('2078SS20', 'C0', 'S12', 'SS20', 'D0', 'DM0');
INSERT INTO dis_relationship_site_to_subsite VALUES ('S12', 'SS20');
INSERT INTO dis_relationship_master VALUES ('2070SS81', 'C0', 'S95', 'SS81', 'D0', 'DM0');
INSERT INTO dis_relationship_master VALUES ('2067SS166', 'C0', 'S76', 'SS166', 'D0', 'DM0');
INSERT INTO dis_relationship_master VALUES ('2067SS91', 'C0', 'S76', 'SS91', 'D0', 'DM0');
INSERT INTO dis_relationship_master VALUES ('2067SS85', 'C0', 'S76', 'SS85', 'D0', 'DM0');
INSERT INTO dis_relationship_master VALUES ('2067SS84', 'C0', 'S76', 'SS84', 'D0', 'DM0');
INSERT INTO dis_relationship_master VALUES ('2067SS83', 'C0', 'S76', 'SS83', 'D0', 'DM0');
INSERT INTO dis_relationship_master VALUES ('2067SS48', 'C0', 'S76', 'SS48', 'D0', 'DM0');
INSERT INTO dis_relationship_master VALUES ('2058SS116', 'C0', 'S34', 'SS116', 'D0', 'DM0');
INSERT INTO dis_relationship_master VALUES ('2058SS61', 'C0', 'S34', 'SS61', 'D0', 'DM0');
INSERT INTO dis_relationship_master VALUES ('2058SS59', 'C0', 'S34', 'SS59', 'D0', 'DM0');
INSERT INTO dis_relationship_master VALUES ('2058SS9', 'C0', 'S34', 'SS9', 'D0', 'DM0');
INSERT INTO dis_relationship_master VALUES ('2057SS190', 'C0', 'S74', 'SS190', 'D0', 'DM0');
INSERT INTO dis_relationship_master VALUES ('2057SS133', 'C0', 'S74', 'SS133', 'D0', 'DM0');
INSERT INTO dis_relationship_master VALUES ('2057SS70', 'C0', 'S74', 'SS70', 'D0', 'DM0');
INSERT INTO dis_relationship_master VALUES ('2057SS43', 'C0', 'S74', 'SS43', 'D0', 'DM0');
INSERT INTO dis_relationship_master VALUES ('2057SS13', 'C0', 'S74', 'SS13', 'D0', 'DM0');
INSERT INTO dis_relationship_master VALUES ('2049', 'C0', 'S46', 'SS0', 'D0', 'DM0');
INSERT INTO dis_relationship_master VALUES ('2048SS167', 'C0', 'S86', 'SS167', 'D0', 'DM0');
INSERT INTO dis_relationship_master VALUES ('2048SS139', 'C0', 'S86', 'SS139', 'D0', 'DM0');
INSERT INTO dis_relationship_master VALUES ('2048SS121', 'C0', 'S86', 'SS121', 'D0', 'DM0');
INSERT INTO dis_relationship_master VALUES ('2048SS100', 'C0', 'S86', 'SS100', 'D0', 'DM0');
INSERT INTO dis_relationship_master VALUES ('2048SS75', 'C0', 'S86', 'SS75', 'D0', 'DM0');
INSERT INTO dis_relationship_master VALUES ('2048SS72', 'C0', 'S86', 'SS72', 'D0', 'DM0');
INSERT INTO dis_relationship_master VALUES ('2048SS55', 'C0', 'S86', 'SS55', 'D0', 'DM0');
INSERT INTO dis_relationship_master VALUES ('2040SS198', 'C0', 'S22', 'SS198', 'D0', 'DM0');
INSERT INTO dis_relationship_master VALUES ('2040SS159', 'C0', 'S22', 'SS159', 'D0', 'DM0');
INSERT INTO dis_relationship_master VALUES ('2040SS140', 'C0', 'S22', 'SS140', 'D0', 'DM0');
INSERT INTO dis_relationship_master VALUES ('2040SS23', 'C0', 'S22', 'SS23', 'D0', 'DM0');
INSERT INTO dis_relationship_master VALUES ('2034SS195', 'C0', 'S65', 'SS195', 'D0', 'DM0');
INSERT INTO dis_relationship_master VALUES ('2034SS168', 'C0', 'S65', 'SS168', 'D0', 'DM0');
INSERT INTO dis_relationship_master VALUES ('2034SS153', 'C0', 'S65', 'SS153', 'D0', 'DM0');
INSERT INTO dis_relationship_master VALUES ('2034SS130', 'C0', 'S65', 'SS130', 'D0', 'DM0');
INSERT INTO dis_relationship_master VALUES ('2034SS86', 'C0', 'S65', 'SS86', 'D0', 'DM0');
INSERT INTO dis_relationship_master VALUES ('2034SS60', 'C0', 'S65', 'SS60', 'D0', 'DM0');
INSERT INTO dis_relationship_master VALUES ('2033SS63', 'C0', 'S93', 'SS63', 'D0', 'DM0');
INSERT INTO anatomic_sites VALUES ('S53', 'EPIDIDYMIS');
INSERT INTO dis_relationship_master VALUES ('2030SS1', 'C0', 'S53', 'SS1', 'D0', 'DM0');
INSERT INTO dis_relationship_site_to_subsite VALUES ('S53', 'SS1');
INSERT INTO dis_relationship_master VALUES ('2029SS186', 'C0', 'S67', 'SS186', 'D0', 'DM0');
INSERT INTO dis_relationship_master VALUES ('2029SS185', 'C0', 'S67', 'SS185', 'D0', 'DM0');
INSERT INTO dis_relationship_master VALUES ('2029SS184', 'C0', 'S67', 'SS184', 'D0', 'DM0');
INSERT INTO dis_relationship_master VALUES ('2029SS166', 'C0', 'S67', 'SS166', 'D0', 'DM0');
INSERT INTO dis_relationship_master VALUES ('2029SS161', 'C0', 'S67', 'SS161', 'D0', 'DM0');
INSERT INTO dis_relationship_master VALUES ('2029SS45', 'C0', 'S67', 'SS45', 'D0', 'DM0');
INSERT INTO dis_relationship_master VALUES ('2029SS36', 'C0', 'S67', 'SS36', 'D0', 'DM0');
INSERT INTO dis_relationship_master VALUES ('2029SS27', 'C0', 'S67', 'SS27', 'D0', 'DM0');
INSERT INTO dis_relationship_master VALUES ('2029SS10', 'C0', 'S67', 'SS10', 'D0', 'DM0');
INSERT INTO dis_relationship_master VALUES ('2025SS160', 'C0', 'S41', 'SS160', 'D0', 'DM0');
INSERT INTO dis_relationship_master VALUES ('2025SS94', 'C0', 'S41', 'SS94', 'D0', 'DM0');
INSERT INTO dis_relationship_master VALUES ('2025SS77', 'C0', 'S41', 'SS77', 'D0', 'DM0');
INSERT INTO dis_relationship_master VALUES ('2023SS197', 'C0', 'S84', 'SS197', 'D0', 'DM0');
INSERT INTO dis_relationship_master VALUES ('2023SS113', 'C0', 'S84', 'SS113', 'D0', 'DM0');
INSERT INTO dis_relationship_master VALUES ('2018SS1', 'C0', 'S72', 'SS1', 'D0', 'DM0');
INSERT INTO dis_relationship_master VALUES ('2011SS193', 'C0', 'S3', 'SS193', 'D0', 'DM0');
INSERT INTO dis_relationship_master VALUES ('2011SS192', 'C0', 'S3', 'SS192', 'D0', 'DM0');
INSERT INTO dis_relationship_master VALUES ('2011SS191', 'C0', 'S3', 'SS191', 'D0', 'DM0');
INSERT INTO dis_relationship_master VALUES ('2011SS187', 'C0', 'S3', 'SS187', 'D0', 'DM0');
INSERT INTO dis_relationship_master VALUES ('2011SS162', 'C0', 'S3', 'SS162', 'D0', 'DM0');
INSERT INTO dis_relationship_master VALUES ('2011SS144', 'C0', 'S3', 'SS144', 'D0', 'DM0');
INSERT INTO dis_relationship_master VALUES ('2011SS111', 'C0', 'S3', 'SS111', 'D0', 'DM0');
INSERT INTO dis_relationship_master VALUES ('2011SS34', 'C0', 'S3', 'SS34', 'D0', 'DM0');
INSERT INTO dis_relationship_master VALUES ('2011SS25', 'C0', 'S3', 'SS25', 'D0', 'DM0');
INSERT INTO dis_relationship_master VALUES ('2011SS15', 'C0', 'S3', 'SS15', 'D0', 'DM0');
INSERT INTO dis_relationship_master VALUES ('2011SS12', 'C0', 'S3', 'SS12', 'D0', 'DM0');
INSERT INTO dis_relationship_master VALUES ('2011SS11', 'C0', 'S3', 'SS11', 'D0', 'DM0');
INSERT INTO dis_relationship_master VALUES ('2011SS7', 'C0', 'S3', 'SS7', 'D0', 'DM0');
INSERT INTO anatomic_sites VALUES ('S91', 'LIGAMENT');
INSERT INTO dis_relationship_master VALUES ('2004SS1', 'C0', 'S91', 'SS1', 'D0', 'DM0');
INSERT INTO dis_relationship_site_to_subsite VALUES ('S91', 'SS1');
INSERT INTO dis_relationship_master VALUES ('2001SS146', 'C0', 'S48', 'SS146', 'D0', 'DM0');
INSERT INTO dis_relationship_master VALUES ('2001SS68', 'C0', 'S48', 'SS68', 'D0', 'DM0');
INSERT INTO dis_relationship_master VALUES ('1994SS1', 'C0', 'S8', 'SS1', 'D0', 'DM0');
INSERT INTO dis_relationship_master VALUES ('1984SS1', 'C0', 'S98', 'SS1', 'D0', 'DM0');
INSERT INTO anatomic_sites VALUES ('S29', 'GANGLIA');
INSERT INTO subsites VALUES ('SS14', 'AUTONOMIC GANGLIA');
INSERT INTO dis_relationship_master VALUES ('1982SS14', 'C0', 'S29', 'SS14', 'D0', 'DM0');
INSERT INTO dis_relationship_site_to_subsite VALUES ('S29', 'SS14');
INSERT INTO dis_relationship_master VALUES ('1980SS1', 'C0', 'S17', 'SS1', 'D0', 'DM0');
INSERT INTO dis_relationship_master VALUES ('1979SS166', 'C0', 'S60', 'SS166', 'D0', 'DM0');
INSERT INTO anatomic_sites VALUES ('S79', 'FLUID');
INSERT INTO subsites VALUES ('SS189', 'URINE');
INSERT INTO dis_relationship_master VALUES ('1964SS189', 'C0', 'S79', 'SS189', 'D0', 'DM0');
INSERT INTO dis_relationship_site_to_subsite VALUES ('S79', 'SS189');
INSERT INTO subsites VALUES ('SS174', 'SYNOVIAL FLUID');
INSERT INTO dis_relationship_master VALUES ('1964SS174', 'C0', 'S79', 'SS174', 'D0', 'DM0');
INSERT INTO dis_relationship_site_to_subsite VALUES ('S79', 'SS174');
INSERT INTO subsites VALUES ('SS155', 'SALIVA');
INSERT INTO dis_relationship_master VALUES ('1964SS155', 'C0', 'S79', 'SS155', 'D0', 'DM0');
INSERT INTO dis_relationship_site_to_subsite VALUES ('S79', 'SS155');
INSERT INTO subsites VALUES ('SS124', 'PANCREATIC JUICE');
INSERT INTO dis_relationship_master VALUES ('1964SS124', 'C0', 'S79', 'SS124', 'D0', 'DM0');
INSERT INTO dis_relationship_site_to_subsite VALUES ('S79', 'SS124');
INSERT INTO subsites VALUES ('SS47', 'DUCTAL LAVAGE');
INSERT INTO dis_relationship_master VALUES ('1964SS47', 'C0', 'S79', 'SS47', 'D0', 'DM0');
INSERT INTO dis_relationship_site_to_subsite VALUES ('S79', 'SS47');
INSERT INTO subsites VALUES ('SS32', 'CEREBROSPINAL');
INSERT INTO dis_relationship_master VALUES ('1964SS32', 'C0', 'S79', 'SS32', 'D0', 'DM0');
INSERT INTO dis_relationship_site_to_subsite VALUES ('S79', 'SS32');
INSERT INTO subsites VALUES ('SS4', 'AMNIOTIC');
INSERT INTO dis_relationship_master VALUES ('1964SS4', 'C0', 'S79', 'SS4', 'D0', 'DM0');
INSERT INTO dis_relationship_site_to_subsite VALUES ('S79', 'SS4');
INSERT INTO dis_relationship_master VALUES ('1958SS1', 'C0', 'S68', 'SS1', 'D0', 'DM0');
INSERT INTO anatomic_sites VALUES ('S36', 'COLON - MUCOSA ONLY');
INSERT INTO dis_relationship_master VALUES ('1954SS186', 'C0', 'S36', 'SS186', 'D0', 'DM0');
INSERT INTO dis_relationship_site_to_subsite VALUES ('S36', 'SS186');
INSERT INTO dis_relationship_master VALUES ('1954SS185', 'C0', 'S36', 'SS185', 'D0', 'DM0');
INSERT INTO dis_relationship_site_to_subsite VALUES ('S36', 'SS185');
INSERT INTO dis_relationship_master VALUES ('1954SS184', 'C0', 'S36', 'SS184', 'D0', 'DM0');
INSERT INTO dis_relationship_site_to_subsite VALUES ('S36', 'SS184');
INSERT INTO dis_relationship_master VALUES ('1954SS166', 'C0', 'S36', 'SS166', 'D0', 'DM0');
INSERT INTO dis_relationship_site_to_subsite VALUES ('S36', 'SS166');
INSERT INTO dis_relationship_master VALUES ('1954SS161', 'C0', 'S36', 'SS161', 'D0', 'DM0');
INSERT INTO dis_relationship_site_to_subsite VALUES ('S36', 'SS161');
INSERT INTO dis_relationship_master VALUES ('1954SS45', 'C0', 'S36', 'SS45', 'D0', 'DM0');
INSERT INTO dis_relationship_site_to_subsite VALUES ('S36', 'SS45');
INSERT INTO dis_relationship_master VALUES ('1954SS27', 'C0', 'S36', 'SS27', 'D0', 'DM0');
INSERT INTO dis_relationship_site_to_subsite VALUES ('S36', 'SS27');
INSERT INTO dis_relationship_master VALUES ('1954SS10', 'C0', 'S36', 'SS10', 'D0', 'DM0');
INSERT INTO dis_relationship_site_to_subsite VALUES ('S36', 'SS10');
INSERT INTO dis_relationship_master VALUES ('1951SS1', 'C0', 'S27', 'SS1', 'D0', 'DM0');
INSERT INTO dis_relationship_master VALUES ('1946SS1', 'C0', 'S15', 'SS1', 'D0', 'DM0');
INSERT INTO dis_relationship_master VALUES ('1945SS1', 'C0', 'S55', 'SS1', 'D0', 'DM0');
INSERT INTO dis_relationship_master VALUES ('1944SS1', 'C0', 'S37', 'SS1', 'D0', 'DM0');
INSERT INTO anatomic_sites VALUES ('S77', 'AMNIOTIC FLUID');
INSERT INTO dis_relationship_master VALUES ('1943SS1', 'C0', 'S77', 'SS1', 'D0', 'DM0');
INSERT INTO dis_relationship_site_to_subsite VALUES ('S77', 'SS1');
INSERT INTO dis_relationship_master VALUES ('1933SS157', 'C0', 'S1', 'SS157', 'D0', 'DM0');
INSERT INTO dis_relationship_master VALUES ('1933SS156', 'C0', 'S1', 'SS156', 'D0', 'DM0');
INSERT INTO dis_relationship_master VALUES ('1933SS98', 'C0', 'S1', 'SS98', 'D0', 'DM0');
INSERT INTO dis_relationship_master VALUES ('1933SS73', 'C0', 'S1', 'SS73', 'D0', 'DM0');
INSERT INTO dis_relationship_master VALUES ('1933SS66', 'C0', 'S1', 'SS66', 'D0', 'DM0');
INSERT INTO dis_relationship_master VALUES ('1933SS65', 'C0', 'S1', 'SS65', 'D0', 'DM0');
INSERT INTO dis_relationship_master VALUES ('1933SS57', 'C0', 'S1', 'SS57', 'D0', 'DM0');
INSERT INTO dis_relationship_master VALUES ('1933SS19', 'C0', 'S1', 'SS19', 'D0', 'DM0');
INSERT INTO dis_relationship_master VALUES ('1933SS8', 'C0', 'S1', 'SS8', 'D0', 'DM0');
INSERT INTO dis_relationship_master VALUES ('1933SS2', 'C0', 'S1', 'SS2', 'D0', 'DM0');
INSERT INTO dis_relationship_master VALUES ('1927SS1', 'C0', 'S6', 'SS1', 'D0', 'DM0');
INSERT INTO dis_relationship_master VALUES ('1925SS1', 'C0', 'S49', 'SS1', 'D0', 'DM0');
INSERT INTO anatomic_sites VALUES ('S89', 'HAND');
INSERT INTO subsites VALUES ('SS163', 'SKELETAL MUSCLE');
INSERT INTO dis_relationship_master VALUES ('1924SS163', 'C0', 'S89', 'SS163', 'D0', 'DM0');
INSERT INTO dis_relationship_site_to_subsite VALUES ('S89', 'SS163');
INSERT INTO dis_relationship_master VALUES ('1919SS1', 'C0', 'S25', 'SS1', 'D0', 'DM0');
INSERT INTO dis_relationship_master VALUES ('1918SS44', 'C0', 'S87', 'SS44', 'D0', 'DM0');
INSERT INTO anatomic_sites VALUES ('S13', 'LEG');
INSERT INTO dis_relationship_master VALUES ('1914SS163', 'C0', 'S13', 'SS163', 'D0', 'DM0');
INSERT INTO dis_relationship_site_to_subsite VALUES ('S13', 'SS163');
INSERT INTO dis_relationship_master VALUES ('1912SS180', 'C0', 'S96', 'SS180', 'D0', 'DM0');
INSERT INTO dis_relationship_master VALUES ('1912SS64', 'C0', 'S96', 'SS64', 'D0', 'DM0');
INSERT INTO dis_relationship_master VALUES ('1903SS1', 'C0', 'S75', 'SS1', 'D0', 'DM0');
INSERT INTO dis_relationship_master VALUES ('1903SS38', 'C0', 'S75', 'SS38', 'D0', 'DM0');
INSERT INTO dis_relationship_master VALUES ('1898SS178', 'C0', 'S32', 'SS178', 'D0', 'DM0');
INSERT INTO dis_relationship_master VALUES ('1898SS154', 'C0', 'S32', 'SS154', 'D0', 'DM0');
INSERT INTO dis_relationship_master VALUES ('1898SS102', 'C0', 'S32', 'SS102', 'D0', 'DM0');
INSERT INTO dis_relationship_master VALUES ('1898SS33', 'C0', 'S32', 'SS33', 'D0', 'DM0');
INSERT INTO anatomic_sites VALUES ('S44', 'FOOT');
INSERT INTO dis_relationship_master VALUES ('1896SS163', 'C0', 'S44', 'SS163', 'D0', 'DM0');
INSERT INTO dis_relationship_site_to_subsite VALUES ('S44', 'SS163');
INSERT INTO dis_relationship_master VALUES ('1895SS181', 'C0', 'S51', 'SS181', 'D0', 'DM0');
INSERT INTO dis_relationship_master VALUES ('1895SS167', 'C0', 'S51', 'SS167', 'D0', 'DM0');
INSERT INTO dis_relationship_master VALUES ('1895SS139', 'C0', 'S51', 'SS139', 'D0', 'DM0');
INSERT INTO dis_relationship_master VALUES ('1895SS121', 'C0', 'S51', 'SS121', 'D0', 'DM0');
INSERT INTO dis_relationship_master VALUES ('1895SS100', 'C0', 'S51', 'SS100', 'D0', 'DM0');
INSERT INTO dis_relationship_master VALUES ('1895SS75', 'C0', 'S51', 'SS75', 'D0', 'DM0');
INSERT INTO dis_relationship_master VALUES ('1895SS72', 'C0', 'S51', 'SS72', 'D0', 'DM0');
INSERT INTO dis_relationship_master VALUES ('1895SS55', 'C0', 'S51', 'SS55', 'D0', 'DM0');
INSERT INTO dis_relationship_master VALUES ('1893SS1', 'C0', 'S11', 'SS1', 'D0', 'DM0');
INSERT INTO dis_relationship_master VALUES ('1890SS151', 'C0', 'S82', 'SS151', 'D0', 'DM0');
INSERT INTO dis_relationship_master VALUES ('1890SS105', 'C0', 'S82', 'SS105', 'D0', 'DM0');
INSERT INTO dis_relationship_master VALUES ('1890SS42', 'C0', 'S82', 'SS42', 'D0', 'DM0');
INSERT INTO dis_relationship_master VALUES ('1884SS125', 'C0', 'S94', 'SS125', 'D0', 'DM0');
INSERT INTO dis_relationship_master VALUES ('1878SS89', 'C0', 'S63', 'SS89', 'D0', 'DM0');
INSERT INTO dis_relationship_master VALUES ('1874SS164', 'C0', 'S20', 'SS164', 'D0', 'DM0');
INSERT INTO dis_relationship_master VALUES ('1874SS118', 'C0', 'S20', 'SS118', 'D0', 'DM0');
INSERT INTO dis_relationship_master VALUES ('1874SS114', 'C0', 'S20', 'SS114', 'D0', 'DM0');
INSERT INTO anatomic_sites VALUES ('S18', 'HEAD & NECK');
INSERT INTO dis_relationship_master VALUES ('1869', 'C0', 'S18', 'SS0', 'D0', 'DM0');
INSERT INTO dis_relationship_master VALUES ('1862SS1', 'C0', 'S39', 'SS1', 'D0', 'DM0');
INSERT INTO dis_relationship_master VALUES ('1858SS158', 'C0', 'S30', 'SS158', 'D0', 'DM0');
INSERT INTO dis_relationship_master VALUES ('1858SS112', 'C0', 'S30', 'SS112', 'D0', 'DM0');
INSERT INTO dis_relationship_master VALUES ('1858SS69', 'C0', 'S30', 'SS69', 'D0', 'DM0');
INSERT INTO dis_relationship_master VALUES ('1858SS18', 'C0', 'S30', 'SS18', 'D0', 'DM0');
INSERT INTO dis_relationship_master VALUES ('1851SS199', 'C0', 'S58', 'SS199', 'D0', 'DM0');
INSERT INTO dis_relationship_master VALUES ('1851SS152', 'C0', 'S58', 'SS152', 'D0', 'DM0');
INSERT INTO dis_relationship_master VALUES ('1851SS99', 'C0', 'S58', 'SS99', 'D0', 'DM0');
INSERT INTO dis_relationship_master VALUES ('1851SS97', 'C0', 'S58', 'SS97', 'D0', 'DM0');
INSERT INTO dis_relationship_master VALUES ('1851SS39', 'C0', 'S58', 'SS39', 'D0', 'DM0');
INSERT INTO dis_relationship_master VALUES ('1851SS37', 'C0', 'S58', 'SS37', 'D0', 'DM0');
INSERT INTO dis_relationship_master VALUES ('1839SS74', 'C0', 'S28', 'SS74', 'D0', 'DM0');
INSERT INTO dis_relationship_master VALUES ('1834SS1', 'C0', 'S71', 'SS1', 'D0', 'DM0');
INSERT INTO dis_relationship_master VALUES ('1826SS166', 'C0', 'S70', 'SS166', 'D0', 'DM0');
INSERT INTO dis_relationship_master VALUES ('1826SS136', 'C0', 'S70', 'SS136', 'D0', 'DM0');
INSERT INTO dis_relationship_master VALUES ('1826SS132', 'C0', 'S70', 'SS132', 'D0', 'DM0');
INSERT INTO dis_relationship_master VALUES ('1826SS115', 'C0', 'S70', 'SS115', 'D0', 'DM0');
INSERT INTO dis_relationship_master VALUES ('1826SS54', 'C0', 'S70', 'SS54', 'D0', 'DM0');
INSERT INTO dis_relationship_master VALUES ('1823SS137', 'C0', 'S35', 'SS137', 'D0', 'DM0');
INSERT INTO dis_relationship_master VALUES ('1823SS52', 'C0', 'S35', 'SS52', 'D0', 'DM0');
INSERT INTO dis_relationship_master VALUES ('1823SS80', 'C0', 'S35', 'SS80', 'D0', 'DM0');
INSERT INTO dis_relationship_master VALUES ('1823SS42', 'C0', 'S35', 'SS42', 'D0', 'DM0');
INSERT INTO dis_relationship_master VALUES ('1823SS41', 'C0', 'S35', 'SS41', 'D0', 'DM0');
INSERT INTO dis_relationship_master VALUES ('1820SS1', 'C0', 'S59', 'SS1', 'D0', 'DM0');
INSERT INTO dis_relationship_master VALUES ('1818SS1', 'C0', 'S99', 'SS1', 'D0', 'DM0');
INSERT INTO dis_relationship_master VALUES ('1818SS46', 'C0', 'S99', 'SS46', 'D0', 'DM0');
INSERT INTO dis_relationship_master VALUES ('1816', 'C0', 'S47', 'SS0', 'D0', 'DM0');
INSERT INTO anatomic_sites VALUES ('S16', 'BRAIN STEM');
INSERT INTO subsites VALUES ('SS142', 'PONS');
INSERT INTO dis_relationship_master VALUES ('1814SS142', 'C0', 'S16', 'SS142', 'D0', 'DM0');
INSERT INTO dis_relationship_site_to_subsite VALUES ('S16', 'SS142');
INSERT INTO subsites VALUES ('SS106', 'MEDULLA OBLONGATA');
INSERT INTO dis_relationship_master VALUES ('1814SS106', 'C0', 'S16', 'SS106', 'D0', 'DM0');
INSERT INTO dis_relationship_site_to_subsite VALUES ('S16', 'SS106');
INSERT INTO dis_relationship_master VALUES ('1804SS183', 'C0', 'S14', 'SS183', 'D0', 'DM0');
INSERT INTO dis_relationship_master VALUES ('1804SS138', 'C0', 'S14', 'SS138', 'D0', 'DM0');
INSERT INTO dis_relationship_master VALUES ('1804SS134', 'C0', 'S14', 'SS134', 'D0', 'DM0');
INSERT INTO dis_relationship_master VALUES ('1803', 'C0', 'S54', 'SS0', 'D0', 'DM0');
INSERT INTO anatomic_sites VALUES ('S4', 'CLITORIS');
INSERT INTO dis_relationship_master VALUES ('1798SS1', 'C0', 'S4', 'SS1', 'D0', 'DM0');
INSERT INTO dis_relationship_site_to_subsite VALUES ('S4', 'SS1');
INSERT INTO dis_relationship_master VALUES ('1797SS91', 'C0', 'S40', 'SS91', 'D0', 'DM0');
INSERT INTO dis_relationship_master VALUES ('1797SS85', 'C0', 'S40', 'SS85', 'D0', 'DM0');
INSERT INTO dis_relationship_master VALUES ('1797SS84', 'C0', 'S40', 'SS84', 'D0', 'DM0');
INSERT INTO dis_relationship_master VALUES ('1797SS83', 'C0', 'S40', 'SS83', 'D0', 'DM0');
INSERT INTO dis_relationship_master VALUES ('1797SS48', 'C0', 'S40', 'SS48', 'D0', 'DM0');
INSERT INTO dis_relationship_master VALUES ('1796SS105', 'C0', 'S80', 'SS105', 'D0', 'DM0');
INSERT INTO dis_relationship_master VALUES ('1796SS42', 'C0', 'S80', 'SS42', 'D0', 'DM0');
INSERT INTO dis_relationship_master VALUES ('1795SS96', 'C0', 'S78', 'SS96', 'D0', 'DM0');
INSERT INTO dis_relationship_master VALUES ('1795SS95', 'C0', 'S78', 'SS95', 'D0', 'DM0');
INSERT INTO dis_relationship_master VALUES ('1788SS194', 'C0', 'S9', 'SS194', 'D0', 'DM0');
INSERT INTO dis_relationship_master VALUES ('1788SS166', 'C0', 'S9', 'SS166', 'D0', 'DM0');
INSERT INTO dis_relationship_master VALUES ('1788SS150', 'C0', 'S9', 'SS150', 'D0', 'DM0');
INSERT INTO dis_relationship_master VALUES ('1788SS143', 'C0', 'S9', 'SS143', 'D0', 'DM0');
INSERT INTO dis_relationship_master VALUES ('1788SS30', 'C0', 'S9', 'SS30', 'D0', 'DM0');
INSERT INTO dis_relationship_master VALUES ('1788SS28', 'C0', 'S9', 'SS28', 'D0', 'DM0');
INSERT INTO dis_relationship_master VALUES ('1788SS26', 'C0', 'S9', 'SS26', 'D0', 'DM0');
INSERT INTO dis_relationship_master VALUES ('1788SS6', 'C0', 'S9', 'SS6', 'D0', 'DM0');
INSERT INTO anatomic_sites VALUES ('S23', 'LACRIMAL GLAND');
INSERT INTO dis_relationship_master VALUES ('1787', 'C0', 'S23', 'SS0', 'D0', 'DM0');
INSERT INTO dis_relationship_master VALUES ('1782SS1', 'C0', 'S21', 'SS1', 'D0', 'DM0');
INSERT INTO dis_relationship_master VALUES ('1780SS116', 'C0', 'S66', 'SS116', 'D0', 'DM0');
INSERT INTO dis_relationship_master VALUES ('1777SS172', 'C0', 'S97', 'SS172', 'D0', 'DM0');
INSERT INTO dis_relationship_master VALUES ('1777SS171', 'C0', 'S97', 'SS171', 'D0', 'DM0');
INSERT INTO dis_relationship_master VALUES ('1777SS170', 'C0', 'S97', 'SS170', 'D0', 'DM0');
INSERT INTO dis_relationship_master VALUES ('1777SS127', 'C0', 'S97', 'SS127', 'D0', 'DM0');
INSERT INTO dis_relationship_master VALUES ('1777SS110', 'C0', 'S97', 'SS110', 'D0', 'DM0');
INSERT INTO dis_relationship_master VALUES ('1771SS105', 'C0', 'S85', 'SS105', 'D0', 'DM0');
INSERT INTO dis_relationship_master VALUES ('1771SS42', 'C0', 'S85', 'SS42', 'D0', 'DM0');
INSERT INTO dis_relationship_master VALUES ('1768SS1', 'C0', 'S42', 'SS1', 'D0', 'DM0');
INSERT INTO dis_relationship_master VALUES ('1767SS1', 'C0', 'S2', 'SS1', 'D0', 'DM0');
INSERT INTO dis_relationship_master VALUES ('1762SS1', 'C0', 'S33', 'SS1', 'D0', 'DM0');
INSERT INTO anatomic_sites VALUES ('S52', 'CAPILLARY');
INSERT INTO dis_relationship_master VALUES ('1754SS1', 'C0', 'S52', 'SS1', 'D0', 'DM0');
INSERT INTO dis_relationship_site_to_subsite VALUES ('S52', 'SS1');
INSERT INTO dis_relationship_master VALUES ('1753SS188', 'C0', 'S92', 'SS188', 'D0', 'DM0');
INSERT INTO dis_relationship_master VALUES ('1753SS179', 'C0', 'S92', 'SS179', 'D0', 'DM0');
INSERT INTO dis_relationship_master VALUES ('1753SS168', 'C0', 'S92', 'SS168', 'D0', 'DM0');
INSERT INTO dis_relationship_master VALUES ('1753SS165', 'C0', 'S92', 'SS165', 'D0', 'DM0');
INSERT INTO dis_relationship_master VALUES ('1753SS153', 'C0', 'S92', 'SS153', 'D0', 'DM0');
INSERT INTO dis_relationship_master VALUES ('1753SS149', 'C0', 'S92', 'SS149', 'D0', 'DM0');
INSERT INTO dis_relationship_master VALUES ('1753SS128', 'C0', 'S92', 'SS128', 'D0', 'DM0');
INSERT INTO dis_relationship_master VALUES ('1753SS109', 'C0', 'S92', 'SS109', 'D0', 'DM0');
INSERT INTO dis_relationship_master VALUES ('1753SS108', 'C0', 'S92', 'SS108', 'D0', 'DM0');
INSERT INTO dis_relationship_master VALUES ('1753SS104', 'C0', 'S92', 'SS104', 'D0', 'DM0');
INSERT INTO dis_relationship_master VALUES ('1753SS79', 'C0', 'S92', 'SS79', 'D0', 'DM0');
INSERT INTO dis_relationship_master VALUES ('1753SS62', 'C0', 'S92', 'SS62', 'D0', 'DM0');
INSERT INTO dis_relationship_master VALUES ('1753SS60', 'C0', 'S92', 'SS60', 'D0', 'DM0');
INSERT INTO dis_relationship_master VALUES ('1748SS101', 'C0', 'S73', 'SS101', 'D0', 'DM0');
INSERT INTO dis_relationship_master VALUES ('1748SS148', 'C0', 'S73', 'SS148', 'D0', 'DM0');
INSERT INTO dis_relationship_master VALUES ('1748SS90', 'C0', 'S73', 'SS90', 'D0', 'DM0');
INSERT INTO dis_relationship_master VALUES ('1746SS141', 'C0', 'S61', 'SS141', 'D0', 'DM0');
INSERT INTO dis_relationship_master VALUES ('1746SS135', 'C0', 'S61', 'SS135', 'D0', 'DM0');
INSERT INTO dis_relationship_master VALUES ('851SS125', 'C3', 'S94', 'SS125', 'D0', 'DM0');
INSERT INTO dis_relationship_master VALUES ('815SS1', 'C3', 'S39', 'SS1', 'D0', 'DM0');
INSERT INTO dis_relationship_master VALUES ('814SS1', 'C7', 'S39', 'SS1', 'D0', 'DM0');
INSERT INTO dis_relationship_master VALUES ('811SS1', 'C3', 'S91', 'SS1', 'D0', 'DM0');
INSERT INTO dis_relationship_master VALUES ('810SS163', 'C3', 'S13', 'SS163', 'D0', 'DM0');
INSERT INTO dis_relationship_master VALUES ('799SS197', 'C3', 'S84', 'SS197', 'D0', 'DM0');
INSERT INTO dis_relationship_master VALUES ('799SS113', 'C3', 'S84', 'SS113', 'D0', 'DM0');
INSERT INTO dis_relationship_master VALUES ('798', 'C6', 'S23', 'SS0', 'D0', 'DM0');
INSERT INTO dis_relationship_master VALUES ('797', 'C2', 'S23', 'SS0', 'D0', 'DM0');
INSERT INTO dis_relationship_master VALUES ('796', 'C7', 'S23', 'SS0', 'D0', 'DM0');
INSERT INTO dis_relationship_master VALUES ('766SS151', 'C3', 'S82', 'SS151', 'D0', 'DM0');
INSERT INTO dis_relationship_master VALUES ('766SS105', 'C3', 'S82', 'SS105', 'D0', 'DM0');
INSERT INTO dis_relationship_master VALUES ('766SS42', 'C3', 'S82', 'SS42', 'D0', 'DM0');
INSERT INTO dis_relationship_master VALUES ('760SS160', 'C3', 'S90', 'SS160', 'D0', 'DM0');
INSERT INTO dis_relationship_master VALUES ('760SS94', 'C3', 'S90', 'SS94', 'D0', 'DM0');
INSERT INTO dis_relationship_master VALUES ('760SS92', 'C3', 'S90', 'SS92', 'D0', 'DM0');
INSERT INTO dis_relationship_master VALUES ('760SS77', 'C3', 'S90', 'SS77', 'D0', 'DM0');
INSERT INTO dis_relationship_master VALUES ('746SS193', 'C3', 'S3', 'SS193', 'D0', 'DM0');
INSERT INTO dis_relationship_master VALUES ('746SS192', 'C3', 'S3', 'SS192', 'D0', 'DM0');
INSERT INTO dis_relationship_master VALUES ('746SS191', 'C3', 'S3', 'SS191', 'D0', 'DM0');
INSERT INTO dis_relationship_master VALUES ('746SS187', 'C3', 'S3', 'SS187', 'D0', 'DM0');
INSERT INTO dis_relationship_master VALUES ('746SS162', 'C3', 'S3', 'SS162', 'D0', 'DM0');
INSERT INTO dis_relationship_master VALUES ('746SS144', 'C3', 'S3', 'SS144', 'D0', 'DM0');
INSERT INTO dis_relationship_master VALUES ('746SS111', 'C3', 'S3', 'SS111', 'D0', 'DM0');
INSERT INTO dis_relationship_master VALUES ('746SS34', 'C3', 'S3', 'SS34', 'D0', 'DM0');
INSERT INTO dis_relationship_master VALUES ('746SS25', 'C3', 'S3', 'SS25', 'D0', 'DM0');
INSERT INTO dis_relationship_master VALUES ('746SS15', 'C3', 'S3', 'SS15', 'D0', 'DM0');
INSERT INTO dis_relationship_master VALUES ('746SS12', 'C3', 'S3', 'SS12', 'D0', 'DM0');
INSERT INTO dis_relationship_master VALUES ('746SS11', 'C3', 'S3', 'SS11', 'D0', 'DM0');
INSERT INTO dis_relationship_master VALUES ('746SS7', 'C3', 'S3', 'SS7', 'D0', 'DM0');
INSERT INTO dis_relationship_master VALUES ('745', 'C3', 'S18', 'SS0', 'D0', 'DM0');
INSERT INTO dis_relationship_master VALUES ('744SS163', 'C3', 'S89', 'SS163', 'D0', 'DM0');
INSERT INTO dis_relationship_master VALUES ('743SS14', 'C3', 'S29', 'SS14', 'D0', 'DM0');
INSERT INTO dis_relationship_master VALUES ('727SS158', 'C3', 'S30', 'SS158', 'D0', 'DM0');
INSERT INTO dis_relationship_master VALUES ('727SS112', 'C3', 'S30', 'SS112', 'D0', 'DM0');
INSERT INTO dis_relationship_master VALUES ('727SS69', 'C3', 'S30', 'SS69', 'D0', 'DM0');
INSERT INTO dis_relationship_master VALUES ('727SS18', 'C3', 'S30', 'SS18', 'D0', 'DM0');
INSERT INTO dis_relationship_master VALUES ('724SS1', 'C3', 'S71', 'SS1', 'D0', 'DM0');
INSERT INTO dis_relationship_master VALUES ('723SS163', 'C3', 'S44', 'SS163', 'D0', 'DM0');
INSERT INTO dis_relationship_master VALUES ('722SS189', 'C3', 'S79', 'SS189', 'D0', 'DM0');
INSERT INTO dis_relationship_master VALUES ('722SS174', 'C3', 'S79', 'SS174', 'D0', 'DM0');
INSERT INTO dis_relationship_master VALUES ('722SS155', 'C3', 'S79', 'SS155', 'D0', 'DM0');
INSERT INTO dis_relationship_master VALUES ('722SS124', 'C3', 'S79', 'SS124', 'D0', 'DM0');
INSERT INTO dis_relationship_master VALUES ('722SS47', 'C3', 'S79', 'SS47', 'D0', 'DM0');
INSERT INTO dis_relationship_master VALUES ('722SS32', 'C3', 'S79', 'SS32', 'D0', 'DM0');
INSERT INTO dis_relationship_master VALUES ('722SS4', 'C3', 'S79', 'SS4', 'D0', 'DM0');
INSERT INTO dis_relationship_master VALUES ('709SS63', 'C3', 'S93', 'SS63', 'D0', 'DM0');
INSERT INTO dis_relationship_master VALUES ('700SS199', 'C3', 'S58', 'SS199', 'D0', 'DM0');
INSERT INTO dis_relationship_master VALUES ('700SS152', 'C3', 'S58', 'SS152', 'D0', 'DM0');
INSERT INTO dis_relationship_master VALUES ('700SS99', 'C3', 'S58', 'SS99', 'D0', 'DM0');
INSERT INTO dis_relationship_master VALUES ('700SS97', 'C3', 'S58', 'SS97', 'D0', 'DM0');
INSERT INTO dis_relationship_master VALUES ('700SS39', 'C3', 'S58', 'SS39', 'D0', 'DM0');
INSERT INTO dis_relationship_master VALUES ('700SS37', 'C3', 'S58', 'SS37', 'D0', 'DM0');
INSERT INTO dis_relationship_master VALUES ('699SS1', 'C3', 'S43', 'SS1', 'D0', 'DM0');
INSERT INTO dis_relationship_master VALUES ('699SS71', 'C3', 'S43', 'SS71', 'D0', 'DM0');
INSERT INTO dis_relationship_master VALUES ('679SS1', 'C3', 'S7', 'SS1', 'D0', 'DM0');
INSERT INTO dis_relationship_master VALUES ('679SS71', 'C3', 'S7', 'SS71', 'D0', 'DM0');
INSERT INTO dis_relationship_master VALUES ('679SS56', 'C3', 'S7', 'SS56', 'D0', 'DM0');
INSERT INTO dis_relationship_master VALUES ('678SS1', 'C3', 'S53', 'SS1', 'D0', 'DM0');
INSERT INTO dis_relationship_master VALUES ('677SS141', 'C3', 'S69', 'SS141', 'D0', 'DM0');
INSERT INTO dis_relationship_master VALUES ('677SS135', 'C3', 'S69', 'SS135', 'D0', 'DM0');
INSERT INTO dis_relationship_master VALUES ('677SS131', 'C3', 'S69', 'SS131', 'D0', 'DM0');
INSERT INTO dis_relationship_master VALUES ('677SS3', 'C3', 'S69', 'SS3', 'D0', 'DM0');
INSERT INTO dis_relationship_master VALUES ('676SS186', 'C3', 'S36', 'SS186', 'D0', 'DM0');
INSERT INTO dis_relationship_master VALUES ('676SS185', 'C3', 'S36', 'SS185', 'D0', 'DM0');
INSERT INTO dis_relationship_master VALUES ('676SS184', 'C3', 'S36', 'SS184', 'D0', 'DM0');
INSERT INTO dis_relationship_master VALUES ('676SS166', 'C3', 'S36', 'SS166', 'D0', 'DM0');
INSERT INTO dis_relationship_master VALUES ('676SS161', 'C3', 'S36', 'SS161', 'D0', 'DM0');
INSERT INTO dis_relationship_master VALUES ('676SS45', 'C3', 'S36', 'SS45', 'D0', 'DM0');
INSERT INTO dis_relationship_master VALUES ('676SS27', 'C3', 'S36', 'SS27', 'D0', 'DM0');
INSERT INTO dis_relationship_master VALUES ('676SS10', 'C3', 'S36', 'SS10', 'D0', 'DM0');
INSERT INTO dis_relationship_master VALUES ('649SS186', 'C3', 'S67', 'SS186', 'D0', 'DM0');
INSERT INTO dis_relationship_master VALUES ('649SS185', 'C3', 'S67', 'SS185', 'D0', 'DM0');
INSERT INTO dis_relationship_master VALUES ('649SS184', 'C3', 'S67', 'SS184', 'D0', 'DM0');
INSERT INTO dis_relationship_master VALUES ('649SS166', 'C3', 'S67', 'SS166', 'D0', 'DM0');
INSERT INTO dis_relationship_master VALUES ('649SS161', 'C3', 'S67', 'SS161', 'D0', 'DM0');
INSERT INTO dis_relationship_master VALUES ('649SS45', 'C3', 'S67', 'SS45', 'D0', 'DM0');
INSERT INTO dis_relationship_master VALUES ('649SS36', 'C3', 'S67', 'SS36', 'D0', 'DM0');
INSERT INTO dis_relationship_master VALUES ('649SS27', 'C3', 'S67', 'SS27', 'D0', 'DM0');
INSERT INTO dis_relationship_master VALUES ('649SS10', 'C3', 'S67', 'SS10', 'D0', 'DM0');
INSERT INTO dis_relationship_master VALUES ('640SS1', 'C3', 'S4', 'SS1', 'D0', 'DM0');
INSERT INTO dis_relationship_master VALUES ('626SS53', 'C3', 'S62', 'SS53', 'D0', 'DM0');
INSERT INTO dis_relationship_master VALUES ('626SS51', 'C3', 'S62', 'SS51', 'D0', 'DM0');
INSERT INTO dis_relationship_master VALUES ('626SS50', 'C3', 'S62', 'SS50', 'D0', 'DM0');
INSERT INTO dis_relationship_master VALUES ('623SS116', 'C3', 'S34', 'SS116', 'D0', 'DM0');
INSERT INTO dis_relationship_master VALUES ('623SS61', 'C3', 'S34', 'SS61', 'D0', 'DM0');
INSERT INTO dis_relationship_master VALUES ('623SS59', 'C3', 'S34', 'SS59', 'D0', 'DM0');
INSERT INTO dis_relationship_master VALUES ('623SS9', 'C3', 'S34', 'SS9', 'D0', 'DM0');
INSERT INTO dis_relationship_master VALUES ('622SS116', 'C6', 'S34', 'SS116', 'D0', 'DM0');
INSERT INTO dis_relationship_master VALUES ('622SS61', 'C6', 'S34', 'SS61', 'D0', 'DM0');
INSERT INTO dis_relationship_master VALUES ('622SS59', 'C6', 'S34', 'SS59', 'D0', 'DM0');
INSERT INTO dis_relationship_master VALUES ('622SS9', 'C6', 'S34', 'SS9', 'D0', 'DM0');
INSERT INTO dis_relationship_master VALUES ('620SS1', 'C3', 'S52', 'SS1', 'D0', 'DM0');
INSERT INTO dis_relationship_master VALUES ('612SS89', 'C3', 'S63', 'SS89', 'D0', 'DM0');
INSERT INTO dis_relationship_master VALUES ('558SS164', 'C3', 'S20', 'SS164', 'D0', 'DM0');
INSERT INTO dis_relationship_master VALUES ('558SS118', 'C3', 'S20', 'SS118', 'D0', 'DM0');
INSERT INTO dis_relationship_master VALUES ('558SS114', 'C3', 'S20', 'SS114', 'D0', 'DM0');
INSERT INTO dis_relationship_master VALUES ('554SS142', 'C3', 'S16', 'SS142', 'D0', 'DM0');
INSERT INTO dis_relationship_master VALUES ('554SS106', 'C3', 'S16', 'SS106', 'D0', 'DM0');
INSERT INTO dis_relationship_master VALUES ('499SS192', 'C3', 'S31', 'SS192', 'D0', 'DM0');
INSERT INTO dis_relationship_master VALUES ('499SS177', 'C3', 'S31', 'SS177', 'D0', 'DM0');
INSERT INTO dis_relationship_master VALUES ('499SS176', 'C3', 'S31', 'SS176', 'D0', 'DM0');
INSERT INTO dis_relationship_master VALUES ('499SS126', 'C3', 'S31', 'SS126', 'D0', 'DM0');
INSERT INTO dis_relationship_master VALUES ('499SS119', 'C3', 'S31', 'SS119', 'D0', 'DM0');
INSERT INTO dis_relationship_master VALUES ('499SS82', 'C3', 'S31', 'SS82', 'D0', 'DM0');
INSERT INTO dis_relationship_master VALUES ('499SS78', 'C3', 'S31', 'SS78', 'D0', 'DM0');
INSERT INTO dis_relationship_master VALUES ('499SS67', 'C3', 'S31', 'SS67', 'D0', 'DM0');
INSERT INTO dis_relationship_master VALUES ('499SS49', 'C3', 'S31', 'SS49', 'D0', 'DM0');
INSERT INTO dis_relationship_master VALUES ('499SS42', 'C3', 'S31', 'SS42', 'D0', 'DM0');
INSERT INTO dis_relationship_master VALUES ('499SS40', 'C3', 'S31', 'SS40', 'D0', 'DM0');
INSERT INTO dis_relationship_master VALUES ('499SS35', 'C3', 'S31', 'SS35', 'D0', 'DM0');
INSERT INTO dis_relationship_master VALUES ('499SS31', 'C3', 'S31', 'SS31', 'D0', 'DM0');
INSERT INTO dis_relationship_master VALUES ('499SS29', 'C3', 'S31', 'SS29', 'D0', 'DM0');
INSERT INTO dis_relationship_master VALUES ('499SS17', 'C3', 'S31', 'SS17', 'D0', 'DM0');
INSERT INTO dis_relationship_master VALUES ('440SS195', 'C3', 'S65', 'SS195', 'D0', 'DM0');
INSERT INTO dis_relationship_master VALUES ('440SS168', 'C3', 'S65', 'SS168', 'D0', 'DM0');
INSERT INTO dis_relationship_master VALUES ('440SS153', 'C3', 'S65', 'SS153', 'D0', 'DM0');
INSERT INTO dis_relationship_master VALUES ('440SS130', 'C3', 'S65', 'SS130', 'D0', 'DM0');
INSERT INTO dis_relationship_master VALUES ('440SS86', 'C3', 'S65', 'SS86', 'D0', 'DM0');
INSERT INTO dis_relationship_master VALUES ('440SS60', 'C3', 'S65', 'SS60', 'D0', 'DM0');
INSERT INTO dis_relationship_master VALUES ('417SS188', 'C3', 'S92', 'SS188', 'D0', 'DM0');
INSERT INTO dis_relationship_master VALUES ('417SS179', 'C3', 'S92', 'SS179', 'D0', 'DM0');
INSERT INTO dis_relationship_master VALUES ('417SS168', 'C3', 'S92', 'SS168', 'D0', 'DM0');
INSERT INTO dis_relationship_master VALUES ('417SS165', 'C3', 'S92', 'SS165', 'D0', 'DM0');
INSERT INTO dis_relationship_master VALUES ('417SS153', 'C3', 'S92', 'SS153', 'D0', 'DM0');
INSERT INTO dis_relationship_master VALUES ('417SS149', 'C3', 'S92', 'SS149', 'D0', 'DM0');
INSERT INTO dis_relationship_master VALUES ('417SS128', 'C3', 'S92', 'SS128', 'D0', 'DM0');
INSERT INTO dis_relationship_master VALUES ('417SS109', 'C3', 'S92', 'SS109', 'D0', 'DM0');
INSERT INTO dis_relationship_master VALUES ('417SS108', 'C3', 'S92', 'SS108', 'D0', 'DM0');
INSERT INTO dis_relationship_master VALUES ('417SS104', 'C3', 'S92', 'SS104', 'D0', 'DM0');
INSERT INTO dis_relationship_master VALUES ('417SS79', 'C3', 'S92', 'SS79', 'D0', 'DM0');
INSERT INTO dis_relationship_master VALUES ('417SS62', 'C3', 'S92', 'SS62', 'D0', 'DM0');
INSERT INTO dis_relationship_master VALUES ('417SS60', 'C3', 'S92', 'SS60', 'D0', 'DM0');
INSERT INTO dis_relationship_master VALUES ('416SS188', 'C6', 'S92', 'SS188', 'D0', 'DM0');
INSERT INTO dis_relationship_master VALUES ('416SS179', 'C6', 'S92', 'SS179', 'D0', 'DM0');
INSERT INTO dis_relationship_master VALUES ('416SS168', 'C6', 'S92', 'SS168', 'D0', 'DM0');
INSERT INTO dis_relationship_master VALUES ('416SS165', 'C6', 'S92', 'SS165', 'D0', 'DM0');
INSERT INTO dis_relationship_master VALUES ('416SS153', 'C6', 'S92', 'SS153', 'D0', 'DM0');
INSERT INTO dis_relationship_master VALUES ('416SS149', 'C6', 'S92', 'SS149', 'D0', 'DM0');
INSERT INTO dis_relationship_master VALUES ('416SS128', 'C6', 'S92', 'SS128', 'D0', 'DM0');
INSERT INTO dis_relationship_master VALUES ('416SS109', 'C6', 'S92', 'SS109', 'D0', 'DM0');
INSERT INTO dis_relationship_master VALUES ('416SS108', 'C6', 'S92', 'SS108', 'D0', 'DM0');
INSERT INTO dis_relationship_master VALUES ('416SS104', 'C6', 'S92', 'SS104', 'D0', 'DM0');
INSERT INTO dis_relationship_master VALUES ('416SS79', 'C6', 'S92', 'SS79', 'D0', 'DM0');
INSERT INTO dis_relationship_master VALUES ('416SS62', 'C6', 'S92', 'SS62', 'D0', 'DM0');
INSERT INTO dis_relationship_master VALUES ('416SS60', 'C6', 'S92', 'SS60', 'D0', 'DM0');
INSERT INTO dis_relationship_master VALUES ('357SS198', 'C3', 'S22', 'SS198', 'D0', 'DM0');
INSERT INTO dis_relationship_master VALUES ('357SS159', 'C3', 'S22', 'SS159', 'D0', 'DM0');
INSERT INTO dis_relationship_master VALUES ('357SS140', 'C3', 'S22', 'SS140', 'D0', 'DM0');
INSERT INTO dis_relationship_master VALUES ('357SS23', 'C3', 'S22', 'SS23', 'D0', 'DM0');
INSERT INTO dis_relationship_master VALUES ('346SS166', 'C3', 'S26', 'SS166', 'D0', 'DM0');
INSERT INTO dis_relationship_master VALUES ('346SS158', 'C3', 'S26', 'SS158', 'D0', 'DM0');
INSERT INTO dis_relationship_master VALUES ('346SS112', 'C3', 'S26', 'SS112', 'D0', 'DM0');
INSERT INTO dis_relationship_master VALUES ('339SS44', 'C3', 'S87', 'SS44', 'D0', 'DM0');
INSERT INTO dis_relationship_master VALUES ('308SS194', 'C3', 'S9', 'SS194', 'D0', 'DM0');
INSERT INTO dis_relationship_master VALUES ('308SS166', 'C3', 'S9', 'SS166', 'D0', 'DM0');
INSERT INTO dis_relationship_master VALUES ('308SS150', 'C3', 'S9', 'SS150', 'D0', 'DM0');
INSERT INTO dis_relationship_master VALUES ('308SS143', 'C3', 'S9', 'SS143', 'D0', 'DM0');
INSERT INTO dis_relationship_master VALUES ('308SS30', 'C3', 'S9', 'SS30', 'D0', 'DM0');
INSERT INTO dis_relationship_master VALUES ('308SS28', 'C3', 'S9', 'SS28', 'D0', 'DM0');
INSERT INTO dis_relationship_master VALUES ('308SS26', 'C3', 'S9', 'SS26', 'D0', 'DM0');
INSERT INTO dis_relationship_master VALUES ('308SS6', 'C3', 'S9', 'SS6', 'D0', 'DM0');
INSERT INTO anatomic_sites VALUES ('S10', 'ARM');
INSERT INTO dis_relationship_master VALUES ('306SS163', 'C3', 'S10', 'SS163', 'D0', 'DM0');
INSERT INTO dis_relationship_site_to_subsite VALUES ('S10', 'SS163');
INSERT INTO dis_relationship_master VALUES ('298SS166', 'C3', 'S60', 'SS166', 'D0', 'DM0');
INSERT INTO dis_relationship_master VALUES ('52', 'C3', 'S0', 'SS0', 'D0', 'DM0');
INSERT INTO dis_relationship_master VALUES ('51', 'C0', 'S0', 'SS0', 'D0', 'DM0');
INSERT INTO dis_relationship_master VALUES ('30SS1', 'C3', 'S6', 'SS1', 'D0', 'DM0');
INSERT INTO dis_relationship_master VALUES ('27SS1', 'C3', 'S98', 'SS1', 'D0', 'DM0');
INSERT INTO dis_relationship_master VALUES ('23SS1', 'C3', 'S77', 'SS1', 'D0', 'DM0');
INSERT INTO dis_relationship_master VALUES ('7SS105', 'C3', 'S80', 'SS105', 'D0', 'DM0');
INSERT INTO dis_relationship_master VALUES ('7SS42', 'C3', 'S80', 'SS42', 'D0', 'DM0');
INSERT INTO dis_relationship_master VALUES ('2SS196', 'C3', 'S12', 'SS196', 'D0', 'DM0');
INSERT INTO dis_relationship_master VALUES ('2SS169', 'C3', 'S12', 'SS169', 'D0', 'DM0');
INSERT INTO dis_relationship_master VALUES ('2SS120', 'C3', 'S12', 'SS120', 'D0', 'DM0');
INSERT INTO dis_relationship_master VALUES ('2SS22', 'C3', 'S12', 'SS22', 'D0', 'DM0');
INSERT INTO dis_relationship_master VALUES ('2SS20', 'C3', 'S12', 'SS20', 'D0', 'DM0');
INSERT INTO dis_relationship_master VALUES ('1SS1', 'C3', 'S83', 'SS1', 'D0', 'DM0');
